t_s,kind,backlog_bytes,backlog_pkts,drops,sent_pkts
0.000,netem,0,0,0,59340
0.022,netem,0,0,0,59340
0.043,netem,0,0,0,59340
0.065,netem,0,0,0,59340
0.086,netem,0,0,0,59340
0.108,netem,0,0,0,59340
0.129,netem,0,0,0,59340
0.151,netem,0,0,0,59340
0.172,netem,0,0,0,59340
0.194,netem,0,0,0,59340
0.215,netem,0,0,0,59340
0.236,netem,0,0,0,59340
0.258,netem,0,0,0,59340
0.280,netem,0,0,0,59340
0.302,netem,0,0,0,59340
0.323,netem,0,0,0,59340
0.345,netem,0,0,0,59340
0.366,netem,0,0,0,59340
0.388,netem,0,0,0,59340
0.409,netem,0,0,0,59340
0.431,netem,0,0,0,59340
0.452,netem,0,0,0,59340
0.473,netem,0,0,0,59340
0.495,netem,0,0,0,59340
0.517,netem,0,0,0,59340
0.538,netem,4542,3,0,59344
0.559,netem,1514,1,0,59361
0.581,netem,4542,3,0,59379
0.602,netem,3028,2,0,59395
0.624,netem,3028,2,0,59413
0.646,netem,3028,2,0,59426
0.667,netem,3028,2,0,59439
0.689,netem,4542,3,0,59457
0.710,netem,21196,14,0,59474
0.732,netem,19682,13,0,59492
0.753,netem,15140,10,0,59510
0.774,netem,6056,4,0,59527
0.796,netem,4542,3,0,59545
0.817,netem,1514,1,0,59558
0.838,netem,0,0,0,59573
0.860,netem,4542,3,0,59589
0.881,netem,6056,4,0,59605
0.903,netem,3028,2,0,59620
0.924,netem,1514,1,0,59633
0.945,netem,0,0,0,59648
0.967,netem,10598,7,0,59664
0.988,netem,4542,3,0,59681
1.009,netem,0,0,0,59694
1.031,netem,1514,1,0,59709
1.052,netem,18168,12,0,59726
1.073,netem,13626,9,0,59744
1.095,netem,6056,4,0,59762
1.116,netem,1514,1,0,59779
1.138,netem,3028,2,0,59788
1.159,netem,9084,6,0,59804
1.180,netem,3028,2,0,59822
1.202,netem,3028,2,0,59836
1.223,netem,9084,6,0,59854
1.245,netem,6056,4,0,59869
1.267,netem,1514,1,0,59886
1.288,netem,3028,2,0,59898
1.310,netem,3028,2,0,59916
1.331,netem,3028,2,0,59934
1.353,netem,3028,2,0,59949
1.374,netem,4542,3,0,59963
1.396,netem,6056,4,0,59981
1.417,netem,1514,1,0,59999
1.439,netem,3028,2,0,60013
1.460,netem,9084,6,0,60030
1.481,netem,7570,5,0,60048
1.503,netem,0,0,0,60063
1.524,netem,7570,5,0,60078
1.546,netem,7570,5,0,60095
1.567,netem,4542,3,0,60108
1.589,netem,7570,5,0,60126
1.610,netem,0,0,0,60138
1.632,netem,0,0,0,60148
1.654,netem,7570,5,0,60163
1.676,netem,4542,3,0,60181
1.698,netem,0,0,0,60192
1.719,netem,7570,5,0,60207
1.741,netem,3028,2,0,60221
1.763,netem,1514,1,0,60234
1.785,netem,1514,1,0,60244
1.807,netem,1514,1,0,60262
1.829,netem,6056,4,0,60275
1.851,netem,1514,1,0,60288
1.872,netem,4542,3,0,60301
1.894,netem,0,0,0,60318
1.916,netem,0,0,0,60330
1.938,netem,3028,2,0,60343
1.959,netem,7570,5,0,60361
1.981,netem,18168,12,0,60379
2.002,netem,25738,17,0,60396
2.024,netem,19682,13,0,60414
2.045,netem,28766,19,0,60432
2.066,netem,24224,16,0,60449
2.088,netem,19682,13,0,60467
2.109,netem,24224,16,0,60485
2.131,netem,16654,11,0,60502
2.152,netem,7570,5,0,60521
2.174,netem,3028,2,0,60539
2.196,netem,3028,2,0,60554
2.218,netem,3028,2,0,60570
2.239,netem,1514,1,0,60583
2.261,netem,1514,1,0,60595
2.282,netem,0,0,0,60610
2.304,netem,6056,4,0,60623
2.325,netem,16654,11,0,60640
2.346,netem,19682,13,0,60658
2.368,netem,19682,13,0,60676
2.389,netem,15140,10,0,60693
2.411,netem,15140,10,0,60711
2.433,netem,9084,6,0,60729
2.454,netem,4542,3,0,60747
2.475,netem,0,0,0,60762
2.497,netem,3028,2,0,60770
2.518,netem,1514,1,0,60784
2.540,netem,3028,2,0,60795
2.561,netem,4542,3,0,60812
2.582,netem,4542,3,0,60826
2.604,netem,3028,2,0,60843
2.626,netem,1514,1,0,60859
2.647,netem,0,0,0,60874
2.669,netem,12112,8,0,60888
2.690,netem,9084,6,0,60906
2.712,netem,4542,3,0,60924
2.733,netem,4542,3,0,60942
2.754,netem,3028,2,0,60959
2.776,netem,4542,3,0,60973
2.797,netem,0,0,0,60989
2.818,netem,9084,6,0,61005
2.840,netem,0,0,0,61023
2.861,netem,21196,14,0,61040
2.883,netem,21196,14,0,61058
2.905,netem,25738,17,0,61075
2.926,netem,13626,9,0,61093
2.948,netem,24224,16,0,61111
2.969,netem,15140,10,0,61128
2.990,netem,7570,5,0,61146
3.012,netem,9084,6,0,61164
3.033,netem,15140,10,0,61181
3.054,netem,18168,12,0,61199
3.075,netem,9084,6,0,61216
3.097,netem,12112,8,0,61234
3.118,netem,7570,5,0,61252
3.140,netem,9084,6,0,61269
3.161,netem,3028,2,0,61287
3.182,netem,1514,1,0,61299
3.204,netem,1514,1,0,61314
3.227,netem,7570,5,0,61330
3.249,netem,4542,3,0,61347
3.270,netem,1514,1,0,61363
3.292,netem,12112,8,0,61379
3.313,netem,10598,7,0,61398
3.336,netem,12112,8,0,61415
3.357,netem,6056,4,0,61433
3.379,netem,4542,3,0,61451
3.400,netem,0,0,0,61464
3.422,netem,10598,7,0,61480
3.443,netem,9084,6,0,61498
3.465,netem,10598,7,0,61516
3.486,netem,6056,4,0,61533
3.508,netem,10598,7,0,61551
3.529,netem,9084,6,0,61569
3.551,netem,15140,10,0,61586
3.572,netem,7570,5,0,61604
3.594,netem,3028,2,0,61622
3.615,netem,0,0,0,61630
3.637,netem,6056,4,0,61641
3.659,netem,1514,1,0,61657
3.681,netem,12112,8,0,61675
3.702,netem,4542,3,0,61693
3.724,netem,1514,1,0,61708
3.746,netem,0,0,0,61718
3.768,netem,6056,4,0,61733
3.790,netem,6056,4,0,61751
3.812,netem,3028,2,0,61766
3.833,netem,1514,1,0,61779
3.855,netem,6056,4,0,61797
3.876,netem,1514,1,0,61809
3.898,netem,6056,4,0,61827
3.920,netem,12112,8,0,61845
3.942,netem,12112,8,0,61863
3.963,netem,16654,11,0,61880
3.985,netem,18168,12,0,61898
4.007,netem,22710,15,0,61916
4.028,netem,15140,10,0,61934
4.050,netem,7570,5,0,61951
4.071,netem,3028,2,0,61969
4.092,netem,0,0,0,61982
4.114,netem,6056,4,0,61998
4.135,netem,7570,5,0,62015
4.157,netem,6056,4,0,62030
4.178,netem,3028,2,0,62045
4.199,netem,0,0,0,62060
4.221,netem,3028,2,0,62076
4.242,netem,10598,7,0,62089
4.263,netem,9084,6,0,62107
4.285,netem,1514,1,0,62121
4.307,netem,6056,4,0,62135
4.329,netem,0,0,0,62151
4.351,netem,4542,3,0,62168
4.372,netem,0,0,0,62185
4.394,netem,0,0,0,62196
4.415,netem,3028,2,0,62209
4.437,netem,3028,2,0,62222
4.459,netem,1514,1,0,62233
4.480,netem,9084,6,0,62249
4.502,netem,1514,1,0,62266
4.523,netem,6056,4,0,62279
4.545,netem,1514,1,0,62295
4.567,netem,4542,3,0,62309
4.588,netem,4542,3,0,62327
4.610,netem,4542,3,0,62344
4.631,netem,1514,1,0,62360
4.653,netem,3028,2,0,62373
4.675,netem,3028,2,0,62389
4.696,netem,1514,1,0,62405
4.717,netem,9084,6,0,62419
4.739,netem,4542,3,0,62437
4.760,netem,13626,9,0,62455
4.782,netem,4542,3,0,62472
4.803,netem,0,0,0,62488
4.824,netem,19682,13,0,62504
4.846,netem,21196,14,0,62522
4.867,netem,21196,14,0,62539
4.889,netem,21196,14,0,62557
4.910,netem,24224,16,0,62575
4.931,netem,21196,14,0,62592
4.953,netem,22710,15,0,62610
4.974,netem,19682,13,0,62628
4.995,netem,24224,16,0,62645
5.017,netem,16654,11,0,62663
5.038,netem,6056,4,0,62681
5.060,netem,9084,6,0,62695
5.081,netem,13626,9,0,62713
5.102,netem,7570,5,0,62730
5.124,netem,4542,3,0,62748
5.145,netem,1514,1,0,62762
5.167,netem,0,0,0,62773
5.189,netem,0,0,0,62788
5.210,netem,4542,3,0,62804
5.232,netem,0,0,0,62819
5.253,netem,9084,6,0,62831
5.274,netem,0,0,0,62846
5.296,netem,0,0,0,62858
5.317,netem,9084,6,0,62875
5.339,netem,3028,2,0,62891
5.360,netem,4542,3,0,62908
5.382,netem,1514,1,0,62918
5.403,netem,12112,8,0,62935
5.425,netem,9084,6,0,62953
5.446,netem,6056,4,0,62971
5.468,netem,10598,7,0,62989
5.489,netem,7570,5,0,63007
5.511,netem,6056,4,0,63023
5.532,netem,0,0,0,63035
5.554,netem,3028,2,0,63049
5.575,netem,6056,4,0,63062
5.597,netem,1514,1,0,63080
5.620,netem,1514,1,0,63091
5.642,netem,7570,5,0,63106
5.664,netem,9084,6,0,63124
5.685,netem,0,0,0,63141
5.707,netem,1514,1,0,63154
5.729,netem,12112,8,0,63171
5.751,netem,4542,3,0,63189
5.773,netem,9084,6,0,63208
5.795,netem,12112,8,0,63226
5.817,netem,10598,7,0,63244
5.839,netem,7570,5,0,63262
5.860,netem,7570,5,0,63280
5.882,netem,1514,0,0,63297
5.904,netem,4542,2,0,63313
5.926,netem,0,0,0,63330
5.947,netem,4542,3,0,63340
5.969,netem,1514,1,0,63355
5.991,netem,3028,2,0,63369
6.012,netem,0,0,0,63382
6.033,netem,0,0,0,63393
6.055,netem,0,0,0,63403
6.076,netem,6056,4,0,63413
6.098,netem,0,0,0,63427
6.119,netem,1514,1,0,63440
6.141,netem,12112,8,0,63456
6.162,netem,10598,7,0,63473
6.183,netem,3028,2,0,63491
6.205,netem,0,0,0,63505
6.226,netem,3028,2,0,63518
6.248,netem,9084,6,0,63536
6.269,netem,4542,3,0,63551
6.291,netem,13626,9,0,63569
6.312,netem,15140,10,0,63587
6.334,netem,18168,12,0,63604
6.355,netem,18168,12,0,63622
6.377,netem,21196,13,0,63640
6.398,netem,21196,14,0,63658
6.420,netem,18168,12,0,63676
6.442,netem,28766,19,0,63693
6.463,netem,27252,18,0,63711
6.485,netem,21196,14,0,63729
6.506,netem,10598,7,0,63747
6.527,netem,18168,12,0,63764
6.549,netem,12112,8,0,63782
6.570,netem,6056,4,0,63800
6.592,netem,4542,3,0,63813
6.614,netem,6056,4,0,63831
6.636,netem,12112,8,0,63847
6.657,netem,13626,9,0,63864
6.679,netem,22710,15,0,63882
6.700,netem,21196,14,0,63899
6.721,netem,31794,21,0,63917
6.743,netem,30280,20,0,63935
6.764,netem,25738,17,0,63952
6.785,netem,16654,11,0,63970
6.807,netem,7570,5,0,63988
6.828,netem,0,0,0,64003
6.850,netem,4542,3,0,64015
6.871,netem,7570,5,0,64030
6.893,netem,1514,1,0,64048
6.914,netem,0,0,0,64064
6.936,netem,4542,3,0,64074
6.957,netem,3028,2,0,64092
6.979,netem,4542,3,0,64107
7.000,netem,1514,1,0,64116
7.021,netem,0,0,0,64130
7.043,netem,1514,1,0,64147
7.064,netem,6056,4,0,64156
7.086,netem,7570,5,0,64174
7.107,netem,7570,5,0,64192
7.128,netem,0,0,0,64209
7.150,netem,4542,3,0,64219
7.171,netem,0,0,0,64231
7.192,netem,6056,4,0,64247
7.213,netem,3028,2,0,64265
7.235,netem,7570,5,0,64283
7.257,netem,12112,8,0,64301
7.279,netem,7570,5,0,64319
7.301,netem,1514,1,0,64335
7.322,netem,6056,4,0,64347
7.344,netem,18168,12,0,64365
7.366,netem,15140,10,0,64383
7.388,netem,7570,5,0,64401
7.410,netem,3028,2,0,64419
7.432,netem,4542,3,0,64437
7.454,netem,7570,5,0,64455
7.475,netem,3028,2,0,64473
7.497,netem,3028,2,0,64482
7.519,netem,6056,4,0,64498
7.540,netem,1514,1,0,64514
7.562,netem,1514,1,0,64529
7.584,netem,1514,1,0,64540
7.605,netem,1514,1,0,64557
7.627,netem,0,0,0,64571
7.649,netem,7570,5,0,64587
7.671,netem,10598,7,0,64605
7.693,netem,10598,7,0,64622
7.714,netem,3028,2,0,64640
7.736,netem,1514,1,0,64654
7.758,netem,4542,3,0,64672
7.780,netem,4542,3,0,64689
7.802,netem,1514,1,0,64707
7.823,netem,0,0,0,64720
7.845,netem,4542,3,0,64731
7.867,netem,3028,2,0,64746
7.889,netem,3028,2,0,64759
7.911,netem,3028,2,0,64775
7.933,netem,4542,3,0,64793
7.955,netem,13626,9,0,64811
7.976,netem,12112,8,0,64829
7.998,netem,9084,6,0,64847
8.020,netem,4542,3,0,64864
8.041,netem,0,0,0,64881
8.062,netem,1514,1,0,64893
8.084,netem,4542,3,0,64906
8.105,netem,3028,2,0,64921
8.126,netem,3028,2,0,64937
8.148,netem,0,0,0,64953
8.169,netem,10598,7,0,64967
8.191,netem,6056,4,0,64985
8.212,netem,12112,8,0,65003
8.234,netem,21196,14,0,65020
8.255,netem,19682,13,0,65038
8.277,netem,18168,12,0,65056
8.298,netem,22710,15,0,65073
8.320,netem,16654,11,0,65091
8.341,netem,16654,11,0,65109
8.362,netem,13626,9,0,65127
8.384,netem,13626,9,0,65145
8.406,netem,10598,7,0,65162
8.427,netem,10598,7,0,65180
8.449,netem,4542,3,0,65198
8.470,netem,1514,1,0,65213
8.492,netem,3028,2,0,65228
8.513,netem,4542,3,0,65244
8.534,netem,15140,10,0,65262
8.556,netem,6056,4,0,65280
8.577,netem,4542,3,0,65297
8.599,netem,0,0,0,65313
8.622,netem,7570,5,0,65328
8.644,netem,3028,2,0,65345
8.665,netem,12112,8,0,65363
8.686,netem,10598,7,0,65381
8.708,netem,1514,1,0,65399
8.729,netem,6056,4,0,65415
8.751,netem,6056,4,0,65433
8.772,netem,0,0,0,65446
8.794,netem,0,0,0,65458
8.815,netem,0,0,0,65469
8.836,netem,0,0,0,65483
8.858,netem,7570,5,0,65499
8.880,netem,10598,7,0,65517
8.902,netem,9084,6,0,65535
8.923,netem,7570,5,0,65552
8.945,netem,3028,2,0,65569
8.966,netem,7570,5,0,65587
8.988,netem,6056,4,0,65605
9.009,netem,0,0,0,65619
9.031,netem,1514,1,0,65633
9.052,netem,1514,1,0,65643
9.074,netem,3028,2,0,65657
9.095,netem,1514,1,0,65668
9.117,netem,6056,4,0,65685
9.138,netem,7570,4,0,65703
9.160,netem,6056,4,0,65720
9.181,netem,1514,1,0,65738
9.202,netem,6056,4,0,65754
9.224,netem,6056,4,0,65769
9.245,netem,7570,5,0,65787
9.267,netem,10598,7,0,65804
9.288,netem,6056,4,0,65822
9.310,netem,4542,3,0,65839
9.331,netem,4542,3,0,65852
9.352,netem,0,0,0,65870
9.374,netem,3028,2,0,65885
9.395,netem,6056,4,0,65903
9.417,netem,4542,3,0,65921
9.439,netem,1514,1,0,65930
9.460,netem,4542,3,0,65938
9.482,netem,1514,1,0,65953
9.503,netem,1514,1,0,65968
9.524,netem,1514,1,0,65980
9.546,netem,1514,1,0,65997
9.568,netem,3028,2,0,66011
9.589,netem,1514,1,0,66023
9.611,netem,3028,2,0,66039
9.633,netem,4542,3,0,66057
9.655,netem,0,0,0,66068
9.676,netem,15140,10,0,66083
9.698,netem,9084,6,0,66100
9.720,netem,3028,2,0,66118
9.742,netem,6056,4,0,66133
9.764,netem,16654,11,0,66151
9.786,netem,6056,4,0,66169
9.807,netem,4542,3,0,66187
9.829,netem,9084,6,0,66205
9.851,netem,10598,7,0,66223
9.872,netem,4542,3,0,66240
9.894,netem,4542,3,0,66256
9.916,netem,6056,4,0,66268
9.938,netem,1514,1,0,66286
9.960,netem,0,0,0,66299
9.981,netem,4542,3,0,66311
10.003,netem,0,0,0,66327
10.024,netem,1514,1,0,66333
10.045,netem,4542,3,0,66350
10.067,netem,4542,3,0,66364
10.088,netem,6056,4,0,66380
10.109,netem,6056,4,0,66396
10.131,netem,12112,8,0,66413
10.152,netem,13626,9,0,66431
10.173,netem,1514,1,0,66449
10.195,netem,1514,1,0,66466
10.216,netem,9084,6,0,66482
10.238,netem,18168,12,0,66500
10.259,netem,22710,15,0,66517
10.280,netem,16654,11,0,66535
10.301,netem,12112,8,0,66552
10.323,netem,25738,17,0,66570
10.344,netem,24224,16,0,66588
10.366,netem,22710,15,0,66606
10.387,netem,25738,17,0,66623
10.409,netem,27252,18,0,66641
10.430,netem,19682,13,0,66658
10.451,netem,13626,9,0,66676
10.473,netem,13626,9,0,66694
10.494,netem,6056,4,0,66711
10.515,netem,1514,1,0,66721
10.537,netem,7570,5,0,66735
10.558,netem,7570,5,0,66753
10.580,netem,1514,1,0,66768
10.601,netem,0,0,0,66785
10.623,netem,3028,2,0,66799
10.645,netem,1514,1,0,66815
10.666,netem,1514,1,0,66820
10.687,netem,3028,2,0,66835
10.709,netem,7570,5,0,66848
10.730,netem,6056,4,0,66866
10.752,netem,10598,7,0,66883
10.773,netem,7570,5,0,66901
10.795,netem,4542,3,0,66916
10.816,netem,6056,4,0,66928
10.837,netem,3028,2,0,66945
10.859,netem,0,0,0,66962
10.880,netem,4542,3,0,66974
10.902,netem,4542,3,0,66989
10.923,netem,4542,3,0,67003
10.944,netem,15140,10,0,67020
10.966,netem,13626,9,0,67038
10.987,netem,16654,11,0,67056
11.009,netem,7570,5,0,67074
11.030,netem,16654,11,0,67091
11.052,netem,13626,9,0,67109
11.073,netem,0,0,0,67127
11.095,netem,4542,3,0,67141
11.116,netem,7570,5,0,67159
11.137,netem,9084,6,0,67176
11.159,netem,7570,5,0,67194
11.180,netem,3028,2,0,67212
11.202,netem,3028,2,0,67224
11.223,netem,10598,7,0,67242
11.245,netem,21196,14,0,67259
11.266,netem,27252,18,0,67277
11.287,netem,31794,21,0,67295
11.309,netem,28766,19,0,67312
11.330,netem,25738,17,0,67330
11.352,netem,22710,15,0,67347
11.373,netem,18168,12,0,67366
11.395,netem,16654,11,0,67383
11.416,netem,21196,14,0,67401
11.437,netem,19682,13,0,67418
11.459,netem,9084,6,0,67436
11.481,netem,9084,6,0,67455
11.503,netem,13626,9,0,67472
11.524,netem,15140,10,0,67490
11.546,netem,21196,14,0,67508
11.567,netem,16654,11,0,67525
11.588,netem,9084,6,0,67543
11.610,netem,1514,1,0,67559
11.632,netem,4542,3,0,67570
11.654,netem,3028,2,0,67588
11.676,netem,6056,4,0,67606
11.697,netem,1514,1,0,67624
11.719,netem,12112,8,0,67641
11.741,netem,0,0,0,67655
11.763,netem,4542,3,0,67669
11.785,netem,3028,2,0,67686
11.807,netem,6056,4,0,67704
11.829,netem,1514,1,0,67720
11.850,netem,3028,2,0,67731
11.872,netem,1514,1,0,67745
11.893,netem,10598,7,0,67761
11.915,netem,1514,1,0,67777
11.937,netem,1514,1,0,67792
11.959,netem,7570,5,0,67809
11.980,netem,19682,13,0,67827
12.002,netem,21196,14,0,67845
12.023,netem,10598,7,0,67863
12.045,netem,3028,2,0,67880
12.066,netem,4542,3,0,67893
12.087,netem,3028,2,0,67909
12.109,netem,1514,1,0,67928
12.131,netem,10598,7,0,67944
12.153,netem,9084,6,0,67963
12.175,netem,3028,2,0,67980
12.196,netem,0,0,0,67994
12.218,netem,6056,4,0,68009
12.239,netem,1514,1,0,68024
12.260,netem,6056,4,0,68038
12.282,netem,1514,1,0,68056
12.303,netem,1514,1,0,68074
12.324,netem,4542,3,0,68090
12.346,netem,3028,2,0,68104
12.367,netem,0,0,0,68117
12.389,netem,4542,3,0,68132
12.411,netem,1514,1,0,68148
12.432,netem,1514,1,0,68162
12.454,netem,7570,5,0,68178
12.476,netem,1514,1,0,68196
12.498,netem,1514,1,0,68212
12.520,netem,3028,2,0,68227
12.541,netem,1514,1,0,68240
12.563,netem,1514,1,0,68257
12.584,netem,13626,9,0,68274
12.606,netem,13626,9,0,68293
12.628,netem,1514,1,0,68310
12.649,netem,3028,2,0,68323
12.670,netem,1514,1,0,68339
12.692,netem,9084,6,0,68355
12.713,netem,6056,4,0,68373
12.734,netem,13626,9,0,68391
12.756,netem,3028,2,0,68408
12.777,netem,6056,4,0,68422
12.799,netem,1514,1,0,68439
12.820,netem,1514,1,0,68456
12.842,netem,7570,5,0,68470
12.863,netem,15140,10,0,68488
12.884,netem,9084,6,0,68506
12.906,netem,10598,7,0,68523
12.927,netem,7570,5,0,68541
12.949,netem,6056,4,0,68559
12.970,netem,7570,5,0,68574
12.991,netem,4542,3,0,68591
13.013,netem,7570,5,0,68609
13.034,netem,18168,12,0,68626
13.056,netem,16654,11,0,68644
13.077,netem,7570,5,0,68662
13.099,netem,3028,2,0,68679
13.120,netem,0,0,0,68696
13.141,netem,1514,1,0,68710
13.163,netem,0,0,0,68725
13.184,netem,0,0,0,68742
13.206,netem,0,0,0,68758
13.227,netem,0,0,0,68774
13.249,netem,10598,7,0,68791
13.270,netem,9084,6,0,68808
13.292,netem,1514,1,0,68825
13.313,netem,0,0,0,68836
13.335,netem,0,0,0,68849
13.356,netem,0,0,0,68859
13.377,netem,7570,5,0,68874
13.399,netem,0,0,0,68887
13.421,netem,1514,1,0,68904
13.442,netem,4542,3,0,68916
13.464,netem,13626,9,0,68934
13.485,netem,9084,6,0,68952
13.507,netem,15140,10,0,68969
13.528,netem,0,0,0,68987
13.550,netem,9084,6,0,69004
13.571,netem,15140,10,0,69022
13.592,netem,3028,2,0,69040
13.615,netem,7570,5,0,69056
13.637,netem,1514,1,0,69069
13.659,netem,4542,3,0,69086
13.681,netem,3028,2,0,69104
13.703,netem,0,0,0,69118
13.724,netem,0,0,0,69130
13.746,netem,6056,4,0,69142
13.768,netem,0,0,0,69159
13.790,netem,7570,5,0,69171
13.812,netem,10598,7,0,69188
13.833,netem,9084,6,0,69205
13.855,netem,3028,2,0,69222
13.877,netem,1514,1,0,69235
13.898,netem,10598,7,0,69253
13.920,netem,1514,1,0,69269
13.941,netem,27252,18,0,69287
13.963,netem,25738,17,0,69305
13.985,netem,31794,21,0,69323
14.007,netem,30280,20,0,69341
14.028,netem,27252,18,0,69358
14.050,netem,25738,17,0,69376
14.071,netem,25738,17,0,69394
14.093,netem,30280,20,0,69412
14.115,netem,27252,18,0,69430
14.137,netem,25738,17,0,69448
14.158,netem,28766,19,0,69466
14.180,netem,24224,16,0,69483
14.201,netem,10598,7,0,69501
14.223,netem,1514,1,0,69519
14.244,netem,1514,1,0,69530
14.266,netem,0,0,0,69539
14.287,netem,0,0,0,69548
14.308,netem,7570,5,0,69564
14.330,netem,7570,5,0,69581
14.351,netem,16654,11,0,69599
14.373,netem,10598,7,0,69617
14.394,netem,1514,1,0,69633
14.416,netem,1514,1,0,69650
14.437,netem,3028,2,0,69663
14.459,netem,6056,4,0,69680
14.480,netem,15140,10,0,69698
14.502,netem,15140,10,0,69716
14.523,netem,18168,12,0,69734
14.545,netem,9084,6,0,69752
14.566,netem,7570,5,0,69769
14.588,netem,1514,1,0,69783
14.609,netem,3028,2,0,69797
14.631,netem,3028,2,0,69813
14.653,netem,1514,1,0,69831
14.674,netem,0,0,0,69841
14.696,netem,9084,6,0,69854
14.717,netem,0,0,0,69870
14.739,netem,6056,4,0,69882
14.760,netem,10598,7,0,69900
14.782,netem,12112,8,0,69918
14.803,netem,9084,6,0,69936
14.824,netem,3028,2,0,69953
14.846,netem,0,0,0,69962
14.867,netem,0,0,0,69974
14.889,netem,6056,4,0,69990
14.910,netem,7570,5,0,70007
14.932,netem,6056,4,0,70021
14.953,netem,7570,5,0,70039
14.975,netem,6056,4,0,70054
14.996,netem,0,0,0,70069
15.017,netem,6056,4,0,70083
15.039,netem,15140,10,0,70100
15.060,netem,13626,9,0,70118
15.081,netem,3028,2,0,70136
15.103,netem,4542,3,0,70152
15.124,netem,12112,8,0,70169
15.146,netem,12112,8,0,70187
15.167,netem,7570,5,0,70205
15.188,netem,0,0,0,70221
15.211,netem,0,0,0,70235
15.232,netem,12112,8,0,70252
15.254,netem,3028,2,0,70270
15.275,netem,0,0,0,70278
15.297,netem,1514,1,0,70285
15.318,netem,1514,1,0,70297
15.339,netem,3028,2,0,70312
15.360,netem,3028,2,0,70326
15.382,netem,1514,1,0,70343
15.404,netem,1514,1,0,70357
15.425,netem,0,0,0,70373
15.447,netem,4542,3,0,70388
15.468,netem,1514,1,0,70397
15.489,netem,0,0,0,70412
15.511,netem,4542,3,0,70425
15.532,netem,6056,4,0,70443
15.554,netem,6056,4,0,70458
15.575,netem,0,0,0,70471
15.596,netem,9084,6,0,70489
15.619,netem,7570,5,0,70507
15.641,netem,4542,3,0,70525
15.663,netem,0,0,0,70538
15.685,netem,13626,9,0,70549
15.706,netem,7570,5,0,70567
15.728,netem,3028,2,0,70582
15.750,netem,13626,9,0,70600
15.772,netem,12112,8,0,70618
15.794,netem,7570,5,0,70636
15.816,netem,15140,10,0,70651
15.837,netem,13626,9,0,70669
15.859,netem,13626,9,0,70686
15.880,netem,15140,10,0,70704
15.902,netem,18168,12,0,70723
15.924,netem,18168,12,0,70740
15.946,netem,24224,16,0,70759
15.968,netem,22710,15,0,70776
15.990,netem,19682,13,0,70794
16.011,netem,3028,2,0,70812
16.032,netem,6056,4,0,70829
16.054,netem,0,0,0,70841
16.075,netem,6056,4,0,70851
16.097,netem,0,0,0,70869
16.118,netem,3028,2,0,70886
16.139,netem,6056,4,0,70898
16.161,netem,4542,3,0,70915
16.182,netem,9084,6,0,70931
16.204,netem,3028,2,0,70946
16.225,netem,1514,1,0,70961
16.247,netem,1514,1,0,70976
16.268,netem,7570,5,0,70987
16.290,netem,7570,5,0,71004
16.311,netem,3028,2,0,71021
16.333,netem,1514,1,0,71032
16.354,netem,4542,3,0,71047
16.375,netem,6056,4,0,71065
16.397,netem,13626,9,0,71082
16.418,netem,10598,7,0,71100
16.440,netem,12112,8,0,71118
16.462,netem,16654,11,0,71136
16.483,netem,16654,11,0,71153
16.504,netem,13626,9,0,71171
16.526,netem,10598,7,0,71189
16.547,netem,6056,4,0,71207
16.569,netem,3028,2,0,71224
16.590,netem,4542,3,0,71242
16.612,netem,0,0,0,71256
16.634,netem,1514,1,0,71270
16.655,netem,12112,8,0,71286
16.677,netem,15140,10,0,71304
16.698,netem,19682,13,0,71322
16.719,netem,19682,13,0,71339
16.741,netem,13626,9,0,71357
16.762,netem,1514,1,0,71375
16.785,netem,3028,2,0,71388
16.806,netem,4542,3,0,71405
16.828,netem,15140,10,0,71418
16.849,netem,3028,2,0,71436
16.871,netem,9084,6,0,71450
16.892,netem,1514,1,0,71467
16.913,netem,4542,3,0,71477
16.935,netem,1514,1,0,71490
16.956,netem,4542,3,0,71506
16.977,netem,4542,3,0,71524
16.999,netem,12112,8,0,71541
17.020,netem,9084,6,0,71559
17.041,netem,16654,11,0,71576
17.063,netem,10598,7,0,71594
17.084,netem,10598,7,0,71612
17.105,netem,3028,2,0,71629
17.127,netem,9084,6,0,71647
17.148,netem,16654,11,0,71664
17.169,netem,1514,1,0,71682
17.191,netem,6056,4,0,71699
17.212,netem,9084,6,0,71716
17.233,netem,22710,15,0,71734
17.255,netem,12112,8,0,71752
17.276,netem,18168,12,0,71769
17.298,netem,13626,9,0,71787
17.319,netem,3028,2,0,71805
17.341,netem,0,0,0,71818
17.362,netem,7570,5,0,71834
17.383,netem,4542,3,0,71852
17.405,netem,3028,2,0,71869
17.427,netem,4542,3,0,71887
17.448,netem,9084,6,0,71904
17.469,netem,7570,5,0,71922
17.491,netem,4542,3,0,71940
17.512,netem,0,0,0,71957
17.533,netem,4542,3,0,71972
17.555,netem,10598,7,0,71990
17.576,netem,4542,3,0,72008
17.598,netem,0,0,0,72025
17.620,netem,6056,4,0,72041
17.642,netem,3028,2,0,72057
17.664,netem,3028,2,0,72068
17.686,netem,1514,1,0,72080
17.708,netem,1514,1,0,72094
17.729,netem,6056,4,0,72108
17.751,netem,13626,9,0,72126
17.773,netem,13626,9,0,72144
17.795,netem,9084,6,0,72162
17.816,netem,12112,8,0,72180
17.838,netem,13626,9,0,72197
17.860,netem,28766,19,0,72215
17.882,netem,31794,21,0,72234
17.903,netem,27252,18,0,72252
17.925,netem,25738,17,0,72270
17.947,netem,28766,19,0,72287
17.969,netem,25738,17,0,72305
17.990,netem,21196,14,0,72323
18.012,netem,27252,18,0,72341
18.033,netem,24224,16,0,72358
18.055,netem,15140,10,0,72376
18.076,netem,10598,7,0,72394
18.098,netem,6056,4,0,72411
18.119,netem,1514,1,0,72428
18.140,netem,7570,5,0,72442
18.162,netem,12112,8,0,72460
18.183,netem,10598,7,0,72477
18.205,netem,9084,6,0,72495
18.226,netem,15140,10,0,72513
18.248,netem,15140,10,0,72531
18.269,netem,21196,14,0,72548
18.291,netem,24224,16,0,72566
18.312,netem,25738,17,0,72584
18.334,netem,25738,17,0,72602
18.355,netem,19682,13,0,72619
18.377,netem,10598,7,0,72637
18.398,netem,15140,10,0,72655
18.420,netem,12112,8,0,72673
18.441,netem,10598,7,0,72690
18.463,netem,4542,3,0,72708
18.484,netem,7570,5,0,72725
18.505,netem,3028,2,0,72740
18.526,netem,4542,3,0,72758
18.548,netem,4542,3,0,72772
18.569,netem,10598,7,0,72790
18.591,netem,7570,5,0,72808
18.613,netem,9084,6,0,72827
18.635,netem,6056,4,0,72844
18.657,netem,9084,6,0,72860
18.678,netem,0,0,0,72875
18.699,netem,4542,3,0,72887
18.721,netem,7570,5,0,72905
18.742,netem,7570,5,0,72922
18.763,netem,6056,4,0,72940
18.785,netem,0,0,0,72950
18.806,netem,6056,4,0,72967
18.828,netem,4542,3,0,72984
18.849,netem,1514,1,0,73001
18.870,netem,0,0,0,73012
18.892,netem,0,0,0,73024
18.913,netem,4542,3,0,73038
18.934,netem,4542,3,0,73057
18.957,netem,10598,7,0,73075
18.978,netem,1514,1,0,73092
19.000,netem,3028,2,0,73100
19.021,netem,1514,1,0,73115
19.043,netem,4542,3,0,73132
19.064,netem,3028,2,0,73148
19.086,netem,3028,2,0,73164
19.107,netem,6056,4,0,73181
19.128,netem,3028,2,0,73199
19.150,netem,6056,4,0,73215
19.171,netem,4542,3,0,73233
19.193,netem,0,0,0,73247
19.214,netem,0,0,0,73263
19.235,netem,3028,2,0,73275
19.257,netem,7570,5,0,73289
19.278,netem,7570,5,0,73306
19.299,netem,1514,1,0,73324
19.320,netem,0,0,0,73338
19.342,netem,0,0,0,73355
19.363,netem,4542,3,0,73368
19.385,netem,0,0,0,73385
19.406,netem,4542,3,0,73399
19.427,netem,6056,4,0,73414
19.449,netem,4542,3,0,73432
19.470,netem,4542,3,0,73447
19.491,netem,0,0,0,73458
19.513,netem,1514,1,0,73475
19.534,netem,6056,4,0,73493
19.556,netem,6056,4,0,73510
19.577,netem,3028,2,0,73526
19.599,netem,10598,7,0,73544
19.622,netem,16654,11,0,73564
19.644,netem,13626,9,0,73582
19.666,netem,9084,6,0,73600
19.688,netem,9084,6,0,73618
19.710,netem,15140,10,0,73636
19.731,netem,12112,8,0,73653
19.753,netem,9084,6,0,73671
19.775,netem,9084,6,0,73690
19.797,netem,12112,8,0,73708
19.819,netem,3028,2,0,73726
19.841,netem,1514,1,0,73738
19.862,netem,6056,4,0,73752
19.884,netem,3028,2,0,73770
19.908,netem,4542,3,0,73785
19.930,netem,1514,1,0,73798
19.952,netem,0,0,0,73807
19.973,netem,0,0,0,73820
19.995,netem,0,0,0,73833
20.017,netem,4542,3,0,73841
20.038,netem,1514,1,0,73859
20.060,netem,6056,4,0,73875
20.082,netem,6056,4,0,73890
20.104,netem,9084,6,0,73907
20.126,netem,7570,5,0,73925
20.147,netem,0,0,0,73943
20.168,netem,7570,5,0,73960
20.190,netem,6056,4,0,73976
20.212,netem,4542,3,0,73992
20.233,netem,9084,6,0,74006
20.255,netem,3028,2,0,74023
20.276,netem,4542,3,0,74035
20.297,netem,1514,1,0,74051
20.318,netem,4542,3,0,74065
20.340,netem,0,0,0,74079
20.361,netem,1514,1,0,74094
20.383,netem,1514,1,0,74110
20.404,netem,1514,1,0,74123
20.426,netem,0,0,0,74138
20.447,netem,3028,2,0,74153
20.469,netem,7570,5,0,74170
20.490,netem,1514,1,0,74188
20.511,netem,7570,5,0,74204
20.533,netem,10598,7,0,74222
20.554,netem,12112,8,0,74240
20.576,netem,9084,6,0,74258
20.597,netem,4542,3,0,74276
20.620,netem,1514,1,0,74293
20.641,netem,15140,10,0,74310
20.663,netem,6056,4,0,74328
20.685,netem,6056,4,0,74346
20.706,netem,9084,6,0,74363
20.727,netem,9084,6,0,74381
20.749,netem,3028,2,0,74399
20.770,netem,18168,12,0,74416
20.792,netem,10598,7,0,74434
20.813,netem,6056,4,0,74452
20.835,netem,3028,2,0,74467
20.856,netem,0,0,0,74483
20.877,netem,7570,5,0,74496
20.899,netem,3028,2,0,74514
20.920,netem,3028,2,0,74531
20.942,netem,1514,1,0,74545
20.963,netem,7570,5,0,74557
20.984,netem,3028,2,0,74574
21.006,netem,1514,1,0,74591
21.027,netem,7570,5,0,74606
21.049,netem,1514,1,0,74620
21.070,netem,7570,5,0,74638
21.091,netem,6056,4,0,74656
21.113,netem,4542,3,0,74673
21.134,netem,7570,5,0,74690
21.155,netem,3028,2,0,74707
21.177,netem,0,0,0,74720
21.198,netem,7570,5,0,74731
21.220,netem,3028,2,0,74749
21.241,netem,6056,4,0,74764
21.262,netem,6056,4,0,74778
21.284,netem,4542,3,0,74796
21.305,netem,0,0,0,74813
21.327,netem,13626,9,0,74827
21.348,netem,9084,6,0,74845
21.370,netem,1514,1,0,74863
21.391,netem,0,0,0,74880
21.413,netem,9084,6,0,74897
21.434,netem,1514,1,0,74914
21.456,netem,4542,3,0,74929
21.477,netem,10598,7,0,74947
21.498,netem,3028,2,0,74963
21.520,netem,3028,2,0,74974
21.541,netem,0,0,0,74987
21.563,netem,6056,4,0,74998
21.584,netem,6056,4,0,75015
21.605,netem,3028,2,0,75031
21.627,netem,1514,1,0,75046
21.649,netem,1514,1,0,75059
21.671,netem,6056,4,0,75076
21.693,netem,10598,7,0,75094
21.715,netem,9084,6,0,75112
21.737,netem,6056,4,0,75130
21.758,netem,7570,5,0,75148
21.781,netem,12112,8,0,75166
21.803,netem,6056,4,0,75184
21.824,netem,9084,6,0,75202
21.846,netem,10598,7,0,75220
21.868,netem,10598,7,0,75238
21.890,netem,9084,6,0,75256
21.911,netem,9084,6,0,75274
21.933,netem,7570,5,0,75290
21.955,netem,10598,7,0,75308
21.977,netem,3028,2,0,75326
21.998,netem,1514,1,0,75342
22.020,netem,7570,5,0,75356
22.041,netem,16654,11,0,75374
22.063,netem,13626,9,0,75392
22.084,netem,6056,4,0,75411
22.107,netem,3028,2,0,75425
22.129,netem,10598,7,0,75442
22.150,netem,3028,2,0,75459
22.172,netem,4542,3,0,75476
22.193,netem,1514,1,0,75490
22.215,netem,0,0,0,75505
22.236,netem,0,0,0,75514
22.258,netem,0,0,0,75530
22.279,netem,1514,1,0,75543
22.301,netem,1514,1,0,75558
22.322,netem,7570,5,0,75576
22.343,netem,7570,5,0,75591
22.365,netem,3028,2,0,75608
22.386,netem,4542,3,0,75620
22.408,netem,6056,4,0,75635
22.430,netem,12112,8,0,75653
22.451,netem,13626,9,0,75670
22.473,netem,9084,6,0,75688
22.494,netem,6056,4,0,75706
22.515,netem,0,0,0,75722
22.537,netem,4542,3,0,75736
22.558,netem,9084,6,0,75754
22.580,netem,16654,11,0,75772
22.602,netem,1514,1,0,75791
22.625,netem,4542,3,0,75803
22.646,netem,4542,3,0,75817
22.668,netem,9084,6,0,75831
22.689,netem,7570,5,0,75848
22.710,netem,10598,7,0,75866
22.732,netem,1514,1,0,75884
22.753,netem,9084,6,0,75901
22.775,netem,13626,9,0,75919
22.796,netem,4542,3,0,75936
22.817,netem,6056,4,0,75951
22.839,netem,0,0,0,75966
22.860,netem,0,0,0,75975
22.882,netem,1514,1,0,75985
22.903,netem,4542,3,0,75999
22.924,netem,0,0,0,76016
22.946,netem,0,0,0,76025
22.967,netem,1514,1,0,76040
22.989,netem,18168,12,0,76055
23.010,netem,16654,11,0,76072
23.031,netem,12112,8,0,76090
23.053,netem,4542,3,0,76108
23.075,netem,0,0,0,76121
23.097,netem,1514,1,0,76129
23.119,netem,0,0,0,76144
23.140,netem,6056,4,0,76159
23.162,netem,1514,1,0,76174
23.183,netem,10598,7,0,76189
23.205,netem,18168,12,0,76207
23.226,netem,15140,10,0,76225
23.248,netem,15140,10,0,76242
23.269,netem,13626,9,0,76260
23.290,netem,10598,7,0,76278
23.312,netem,3028,2,0,76295
23.333,netem,3028,2,0,76306
23.354,netem,0,0,0,76320
23.376,netem,0,0,0,76330
23.397,netem,4542,3,0,76345
23.419,netem,3028,2,0,76358
23.440,netem,0,0,0,76371
23.462,netem,4542,3,0,76385
23.483,netem,4542,3,0,76401
23.505,netem,1514,1,0,76415
23.526,netem,0,0,0,76430
23.548,netem,10598,7,0,76447
23.570,netem,6056,4,0,76465
23.591,netem,1514,1,0,76481
23.613,netem,3028,2,0,76496
23.635,netem,1514,1,0,76511
23.657,netem,4542,3,0,76524
23.679,netem,0,0,0,76536
23.701,netem,0,0,0,76550
23.723,netem,12112,8,0,76563
23.744,netem,16654,11,0,76585
23.771,netem,13626,9,0,76603
23.793,netem,19682,13,0,76621
23.815,netem,13626,9,0,76639
23.837,netem,1514,1,0,76657
23.858,netem,4542,3,0,76675
23.880,netem,7570,5,0,76693
23.902,netem,6056,4,0,76711
23.924,netem,1514,1,0,76728
23.946,netem,1514,1,0,76740
23.967,netem,0,0,0,76752
23.989,netem,4542,3,0,76766
24.010,netem,7570,5,0,76782
24.032,netem,7570,5,0,76799
24.053,netem,4542,3,0,76816
24.075,netem,6056,4,0,76833
24.097,netem,3028,2,0,76849
24.119,netem,3028,2,0,76867
24.140,netem,3028,2,0,76881
24.161,netem,1514,1,0,76894
24.183,netem,0,0,0,76911
24.204,netem,3028,2,0,76924
24.226,netem,1514,1,0,76935
24.247,netem,1514,1,0,76949
24.269,netem,3028,2,0,76959
24.290,netem,1514,1,0,76975
24.312,netem,4542,3,0,76988
24.333,netem,1514,1,0,77002
24.355,netem,12112,8,0,77018
24.376,netem,13626,9,0,77035
24.397,netem,7570,5,0,77053
24.419,netem,12112,8,0,77071
24.441,netem,13626,9,0,77089
24.462,netem,1514,1,0,77104
24.483,netem,1514,1,0,77117
24.505,netem,6056,4,0,77130
24.526,netem,9084,6,0,77148
24.548,netem,1514,1,0,77166
24.569,netem,6056,4,0,77180
24.590,netem,6056,4,0,77197
24.612,netem,0,0,0,77210
24.633,netem,4542,3,0,77226
24.655,netem,12112,8,0,77243
24.676,netem,10598,7,0,77261
24.698,netem,12112,8,0,77279
24.719,netem,12112,8,0,77296
24.740,netem,18168,12,0,77314
24.762,netem,15140,10,0,77331
24.783,netem,13626,9,0,77349
24.804,netem,12112,8,0,77367
24.826,netem,6056,4,0,77384
24.847,netem,6056,4,0,77399
24.869,netem,1514,1,0,77412
24.890,netem,6056,4,0,77424
24.911,netem,6056,4,0,77438
24.933,netem,1514,1,0,77449
24.954,netem,0,0,0,77465
24.975,netem,4542,3,0,77479
24.996,netem,0,0,0,77490
25.018,netem,16654,11,0,77505
25.039,netem,15140,10,0,77523
25.061,netem,6056,4,0,77540
25.082,netem,10598,7,0,77557
25.103,netem,3028,2,0,77575
25.125,netem,13626,9,0,77593
25.146,netem,12112,8,0,77610
25.168,netem,22710,15,0,77628
25.189,netem,21196,14,0,77646
25.210,netem,19682,13,0,77663
25.232,netem,19682,13,0,77681
25.253,netem,18168,12,0,77699
25.275,netem,16654,11,0,77716
25.296,netem,12112,8,0,77734
25.317,netem,9084,6,0,77751
25.339,netem,7570,5,0,77769
25.360,netem,9084,6,0,77789
25.384,netem,3028,2,0,77802
25.405,netem,1514,1,0,77814
25.427,netem,0,0,0,77829
25.448,netem,4542,3,0,77846
25.470,netem,1514,1,0,77857
25.491,netem,0,0,0,77869
25.512,netem,3028,2,0,77881
25.534,netem,3028,2,0,77893
25.555,netem,4542,3,0,77911
25.577,netem,9084,6,0,77928
25.598,netem,3028,2,0,77947
25.620,netem,1514,1,0,77961
25.642,netem,3028,2,0,77975
25.664,netem,7570,5,0,77993
25.686,netem,1514,1,0,78011
25.708,netem,1514,1,0,78026
25.729,netem,3028,2,0,78041
25.751,netem,0,0,0,78055
25.773,netem,1514,1,0,78065
25.795,netem,3028,2,0,78078
25.817,netem,6056,4,0,78095
25.839,netem,0,0,0,78107
25.860,netem,1514,1,0,78121
25.882,netem,1514,1,0,78130
25.904,netem,7570,5,0,78148
25.926,netem,4542,3,0,78164
25.948,netem,3028,2,0,78178
25.969,netem,6056,4,0,78193
25.991,netem,3028,2,0,78206
26.013,netem,4542,3,0,78224
26.035,netem,9084,6,0,78241
26.056,netem,0,0,0,78259
26.077,netem,0,0,0,78272
26.099,netem,4542,3,0,78282
26.120,netem,6056,4,0,78299
26.141,netem,0,0,0,78317
26.163,netem,1514,1,0,78332
26.185,netem,0,0,0,78341
26.206,netem,1514,1,0,78354
26.227,netem,0,0,0,78367
26.249,netem,0,0,0,78380
26.270,netem,3028,2,0,78393
26.292,netem,3028,2,0,78411
26.313,netem,0,0,0,78427
26.334,netem,4542,3,0,78443
26.356,netem,3028,2,0,78461
26.377,netem,0,0,0,78467
26.399,netem,0,0,0,78480
26.420,netem,7570,5,0,78497
26.442,netem,4542,3,0,78515
26.464,netem,0,0,0,78529
26.485,netem,7570,5,0,78542
26.506,netem,0,0,0,78560
26.528,netem,7570,5,0,78576
26.549,netem,0,0,0,78589
26.571,netem,1514,1,0,78606
26.593,netem,6056,4,0,78622
26.615,netem,13626,9,0,78641
26.637,netem,1514,1,0,78657
26.659,netem,3028,2,0,78671
26.680,netem,6056,4,0,78684
26.701,netem,1514,1,0,78700
26.723,netem,0,0,0,78714
26.744,netem,4542,3,0,78731
26.766,netem,6056,4,0,78746
26.787,netem,13626,9,0,78763
26.808,netem,10598,7,0,78781
26.830,netem,16654,11,0,78799
26.851,netem,10598,7,0,78816
26.873,netem,1514,1,0,78832
26.894,netem,6056,4,0,78846
26.915,netem,0,0,0,78862
26.937,netem,6056,4,0,78870
26.958,netem,0,0,0,78886
26.979,netem,9084,6,0,78903
27.001,netem,13626,9,0,78920
27.022,netem,24224,16,0,78938
27.044,netem,25738,17,0,78956
27.065,netem,28766,19,0,78973
27.086,netem,21196,14,0,78991
27.108,netem,24224,16,0,79008
27.129,netem,27252,18,0,79026
27.150,netem,30280,20,0,79044
27.172,netem,19682,13,0,79062
27.193,netem,24224,16,0,79079
27.215,netem,25738,17,0,79097
27.236,netem,13626,9,0,79115
27.257,netem,12112,8,0,79132
27.279,netem,19682,13,0,79150
27.300,netem,10598,7,0,79168
27.321,netem,7570,5,0,79185
27.343,netem,15140,10,0,79203
27.364,netem,19682,13,0,79221
27.386,netem,16654,11,0,79239
27.408,netem,6056,4,0,79257
27.430,netem,3028,2,0,79274
27.452,netem,0,0,0,79288
27.473,netem,1514,1,0,79304
27.495,netem,7570,5,0,79321
27.516,netem,0,0,0,79336
27.537,netem,3028,2,0,79350
27.559,netem,4542,3,0,79366
27.581,netem,1514,1,0,79383
27.603,netem,7570,5,0,79397
27.625,netem,1514,1,0,79415
27.647,netem,7570,5,0,79432
27.668,netem,3028,2,0,79449
27.690,netem,10598,7,0,79460
27.712,netem,6056,4,0,79478
27.734,netem,3028,2,0,79494
27.756,netem,4542,3,0,79510
27.778,netem,1514,1,0,79528
27.800,netem,1514,1,0,79541
27.822,netem,4542,3,0,79555
27.843,netem,1514,1,0,79569
27.865,netem,0,0,0,79582
27.887,netem,3028,2,0,79597
27.908,netem,12112,8,0,79612
27.930,netem,13626,9,0,79630
27.952,netem,19682,13,0,79648
27.974,netem,15140,10,0,79666
27.995,netem,15140,10,0,79684
28.017,netem,6056,4,0,79701
28.038,netem,6056,4,0,79719
28.060,netem,0,0,0,79736
28.081,netem,6056,4,0,79750
28.102,netem,0,0,0,79764
28.124,netem,3028,2,0,79780
28.145,netem,6056,4,0,79796
28.166,netem,7570,5,0,79813
28.188,netem,27252,18,0,79831
28.209,netem,33308,22,0,79849
28.230,netem,33308,22,0,79866
28.252,netem,31794,21,0,79884
28.273,netem,21196,14,0,79901
28.294,netem,18168,12,0,79919
28.316,netem,22710,15,0,79937
28.337,netem,15140,10,0,79954
28.358,netem,25738,17,0,79972
28.380,netem,19682,13,0,79990
28.401,netem,13626,9,0,80008
28.423,netem,9084,6,0,80025
28.444,netem,25738,17,0,80043
28.466,netem,19682,13,0,80061
28.487,netem,18168,12,0,80078
28.509,netem,9084,6,0,80096
28.530,netem,0,0,0,80112
28.552,netem,0,0,0,80123
28.573,netem,7570,5,0,80140
28.595,netem,9084,6,0,80158
28.617,netem,0,0,0,80175
28.640,netem,0,0,0,80188
28.661,netem,3028,2,0,80202
28.682,netem,3028,2,0,80217
28.704,netem,7570,5,0,80233
28.725,netem,4542,3,0,80250
28.746,netem,3028,2,0,80263
28.768,netem,1514,1,0,80273
28.789,netem,4542,3,0,80287
28.811,netem,1514,1,0,80306
28.833,netem,9084,6,0,80323
28.854,netem,1514,1,0,80340
28.876,netem,15140,10,0,80356
28.897,netem,12112,8,0,80375
28.920,netem,18168,12,0,80394
28.943,netem,19682,13,0,80412
28.964,netem,28766,19,0,80429
28.986,netem,28766,19,0,80447
29.007,netem,28766,19,0,80465
29.029,netem,22710,15,0,80482
29.050,netem,21196,14,0,80500
29.071,netem,16654,11,0,80517
29.093,netem,19682,13,0,80535
29.114,netem,12112,8,0,80553
29.136,netem,19682,13,0,80571
29.157,netem,16654,11,0,80589
29.179,netem,3028,2,0,80606
29.200,netem,7570,5,0,80623
29.221,netem,0,0,0,80638
29.243,netem,1514,1,0,80653
29.264,netem,3028,2,0,80666
29.285,netem,21196,14,0,80683
29.307,netem,24224,16,0,80701
29.328,netem,16654,11,0,80719
29.349,netem,13626,9,0,80736
29.370,netem,6056,4,0,80754
29.392,netem,4542,3,0,80772
29.414,netem,1514,1,0,80789
29.435,netem,1514,1,0,80804
29.456,netem,3028,2,0,80821
29.478,netem,10598,7,0,80836
29.499,netem,1514,1,0,80853
29.520,netem,3028,2,0,80867
29.542,netem,3028,2,0,80881
29.563,netem,4542,3,0,80897
29.585,netem,1514,1,0,80915
29.606,netem,6056,4,0,80930
29.628,netem,3028,2,0,80948
29.650,netem,13626,9,0,80966
29.672,netem,12112,8,0,80984
29.694,netem,7570,5,0,81002
29.716,netem,4542,3,0,81020
29.737,netem,3028,2,0,81029
29.759,netem,4542,3,0,81040
29.781,netem,10598,7,0,81058
29.803,netem,13626,9,0,81076
29.825,netem,10598,7,0,81095
29.847,netem,0,0,0,81111
29.869,netem,6056,4,0,81122
29.891,netem,3028,2,0,81136
29.913,netem,3028,2,0,81149
29.935,netem,6056,4,0,81161
29.957,netem,4542,3,0,81179
29.978,netem,1514,1,0,81192
30.000,netem,0,0,0,81208
30.021,netem,10598,7,0,81225
30.043,netem,12112,8,0,81243
30.064,netem,9084,6,0,81260
30.086,netem,7570,5,0,81278
30.107,netem,6056,4,0,81296
30.128,netem,7570,5,0,81313
30.150,netem,6056,4,0,81331
30.171,netem,6056,4,0,81347
30.193,netem,6056,4,0,81365
30.214,netem,1514,1,0,81380
30.236,netem,6056,4,0,81395
30.257,netem,4542,3,0,81411
30.278,netem,0,0,0,81427
30.300,netem,0,0,0,81442
30.321,netem,4542,3,0,81454
30.342,netem,16654,11,0,81471
30.364,netem,9084,6,0,81489
30.385,netem,4542,3,0,81507
30.408,netem,1514,1,0,81517
30.429,netem,6056,4,0,81533
30.450,netem,6056,4,0,81551
30.472,netem,13626,9,0,81569
30.494,netem,10598,7,0,81587
30.515,netem,12112,8,0,81604
30.537,netem,6056,4,0,81622
30.558,netem,0,0,0,81626
30.579,netem,0,0,0,81626
30.601,netem,0,0,0,81626
30.625,netem,0,0,0,81626
30.646,netem,0,0,0,81626
30.668,netem,0,0,0,81626
30.689,netem,0,0,0,81626
30.710,netem,0,0,0,81626
30.732,netem,0,0,0,81626
30.754,netem,0,0,0,81626
30.775,netem,0,0,0,81626
30.796,netem,0,0,0,81626
30.817,netem,0,0,0,81626
30.839,netem,0,0,0,81626
30.860,netem,0,0,0,81626
30.881,netem,0,0,0,81626
30.904,netem,0,0,0,81626
30.926,netem,0,0,0,81626
30.948,netem,0,0,0,81626
30.970,netem,0,0,0,81626
30.991,netem,0,0,0,81626
31.013,netem,0,0,0,81626
31.034,netem,0,0,0,81627
31.056,netem,0,0,0,81627
31.077,netem,0,0,0,81627
31.099,netem,0,0,0,81627
31.120,netem,0,0,0,81627
31.142,netem,0,0,0,81627
31.163,netem,0,0,0,81627
31.184,netem,0,0,0,81627
31.206,netem,0,0,0,81627
31.227,netem,0,0,0,81627
31.248,netem,0,0,0,81627
31.270,netem,0,0,0,81627
31.292,netem,0,0,0,81627
31.314,netem,0,0,0,81627
31.335,netem,0,0,0,81627
31.357,netem,0,0,0,81627
31.378,netem,0,0,0,81627
31.400,netem,0,0,0,81627
31.422,netem,0,0,0,81627
31.443,netem,0,0,0,81627
31.465,netem,0,0,0,81627
31.487,netem,0,0,0,81627
31.508,netem,0,0,0,81627
31.529,netem,0,0,0,81627
31.551,netem,0,0,0,81627
31.572,netem,0,0,0,81627
31.594,netem,0,0,0,81627
31.617,netem,0,0,0,81627
31.639,netem,0,0,0,81627
31.660,netem,0,0,0,81627
31.682,netem,0,0,0,81627
31.704,netem,0,0,0,81627
31.726,netem,0,0,0,81627
31.748,netem,0,0,0,81627
31.770,netem,0,0,0,81627
31.792,netem,0,0,0,81627
31.814,netem,0,0,0,81627
31.836,netem,0,0,0,81627
31.857,netem,0,0,0,81627
31.879,netem,0,0,0,81627
31.901,netem,0,0,0,81627
31.923,netem,0,0,0,81627
31.945,netem,0,0,0,81627
31.967,netem,0,0,0,81627
31.988,netem,0,0,0,81627
