mode,cap_mbit,rtt_med_ms,rtt_p10_ms,rtt_p90_ms,minrtt_ms,goodput_mbit,burst_pkts,burst_gap_us
before,6,8.093,8.083,8.118,0.040,5.738,2,4033
edt,6,0.060,0.038,0.079,0.022,5.996,2,3858
before,9,5.396,5.389,5.428,0.031,8.607,2,2690
edt,9,0.051,0.028,0.073,0.021,9.004,2,2572
before,12,4.051,4.044,4.083,0.026,11.477,2,2017
edt,12,0.050,0.028,0.105,0.016,11.999,2,1928
before,18,2.699,2.697,2.707,0.024,17.217,2,1344
edt,18,0.031,0.026,0.059,0.019,17.996,2,1285
before,24,2.026,2.024,2.061,0.024,22.954,2,1008
edt,24,0.023,0.022,0.036,0.013,23.995,2,964
before,30,1.621,1.620,1.630,0.027,28.690,2,806
edt,30,0.025,0.024,0.030,0.014,30.000,2,771
before,34,1.431,1.430,1.436,0.030,32.519,2,711
edt,34,0.026,0.024,0.034,0.014,34.001,2,680
before,36,2.026,2.023,2.057,0.033,34.438,3,1007
edt,36,0.028,0.026,0.045,0.006,36.005,3,962
before,42,1.736,1.735,1.742,0.028,40.167,3,862
edt,42,0.030,0.025,0.038,0.007,42.004,3,824
before,47,1.553,1.551,1.563,0.029,44.953,3,771
edt,47,0.030,0.027,0.041,0.007,47.008,4,982
before,48,2.025,2.023,2.048,0.030,45.906,4,1006
edt,48,0.029,0.024,0.054,0.016,48.009,4,962
before,60,2.025,2.022,2.046,0.032,57.385,5,1005
edt,60,0.032,0.027,0.045,0.018,60.006,5,961
before,96,2.023,2.022,2.029,0.038,91.815,8,1001
edt,96,0.036,0.032,0.043,0.019,96.010,8,957
before,192,2.027,2.023,2.046,0.031,183.623,16,993
edt,192,0.053,0.044,0.074,0.020,191.978,16,949
