t_s,frame_bytes,payload_bytes,gap_us
5.000458,1514,1448,963.0
5.000461,1514,1448,3.1
5.001422,1514,1448,961.8
5.001426,1514,1448,3.1
5.002392,1514,1448,966.1
5.002394,1514,1448,2.1
5.003354,1514,1448,960.4
5.003357,1514,1448,2.6
5.004318,1514,1448,961.8
5.004321,1514,1448,2.1
5.005284,1514,1448,963.2
5.005286,1514,1448,2.1
5.006249,1514,1448,963.4
5.006251,1514,1448,1.9
5.007215,1514,1448,963.7
5.007217,1514,1448,2.4
5.008183,1514,1448,965.8
5.008187,1514,1448,3.6
5.009147,1514,1448,960.6
5.009151,1514,1448,3.8
5.010111,1514,1448,959.6
5.010113,1514,1448,2.4
5.011075,1514,1448,961.3
5.011076,1514,1448,1.2
5.012040,1514,1448,964.6
5.012042,1514,1448,1.7
5.013006,1514,1448,964.4
5.013008,1514,1448,1.7
5.013971,1514,1448,963.2
5.013973,1514,1448,1.4
5.014937,1514,1448,964.2
5.014939,1514,1448,1.7
5.015902,1514,1448,963.0
5.015903,1514,1448,1.7
5.016868,1514,1448,964.6
5.016870,1514,1448,1.7
5.017833,1514,1448,963.2
5.017834,1514,1448,1.7
5.018798,1514,1448,963.7
5.018800,1514,1448,1.7
5.019763,1514,1448,963.7
5.019765,1514,1448,1.7
5.020732,1514,1448,966.8
5.020736,1514,1448,3.8
5.021693,1514,1448,957.3
5.021694,1514,1448,1.2
5.022659,1514,1448,965.1
5.022661,1514,1448,1.7
5.023624,1514,1448,963.4
5.023626,1514,1448,1.4
5.024590,1514,1448,964.2
5.024592,1514,1448,1.7
5.025556,1514,1448,964.6
5.025559,1514,1448,2.4
5.026521,1514,1448,962.0
5.026522,1514,1448,1.7
5.027486,1514,1448,963.4
5.027488,1514,1448,1.7
5.028451,1514,1448,963.2
5.028453,1514,1448,1.9
5.029417,1514,1448,963.9
5.029418,1514,1448,1.9
5.030382,1514,1448,963.9
5.030384,1514,1448,1.9
5.031347,1514,1448,962.7
5.031349,1514,1448,1.9
5.032316,1514,1448,967.0
5.032320,1514,1448,3.8
5.033277,1514,1448,957.3
5.033278,1514,1448,1.2
5.034243,1514,1448,965.1
5.034245,1514,1448,1.7
5.035208,1514,1448,963.4
5.035210,1514,1448,1.7
5.036174,1514,1448,963.9
5.036176,1514,1448,1.7
5.037139,1514,1448,963.2
5.037141,1514,1448,1.7
5.038105,1514,1448,963.9
5.038106,1514,1448,1.7
5.039070,1514,1448,963.7
5.039072,1514,1448,1.7
5.040035,1514,1448,963.9
5.040037,1514,1448,1.7
5.041001,1514,1448,963.4
5.041002,1514,1448,1.7
5.041966,1514,1448,963.7
5.041968,1514,1448,1.7
5.042931,1514,1448,963.4
5.042933,1514,1448,1.7
5.043898,1514,1448,965.1
5.043901,1514,1448,2.9
5.044861,1514,1448,960.6
5.044863,1514,1448,1.2
5.045826,1514,1448,963.9
5.045828,1514,1448,1.2
5.046793,1514,1448,965.1
5.046795,1514,1448,1.9
5.047758,1514,1448,963.4
5.047760,1514,1448,1.9
5.048723,1514,1448,963.4
5.048725,1514,1448,1.4
5.049689,1514,1448,963.9
5.049690,1514,1448,1.4
5.050654,1514,1448,963.7
5.050656,1514,1448,1.7
5.051619,1514,1448,963.4
5.051621,1514,1448,1.7
5.052584,1514,1448,963.7
5.052586,1514,1448,1.4
5.053550,1514,1448,963.7
5.053551,1514,1448,1.7
5.054515,1514,1448,964.2
5.054517,1514,1448,1.7
5.055484,1514,1448,966.8
5.055487,1514,1448,3.6
5.056445,1514,1448,958.0
5.056447,1514,1448,1.2
5.057411,1514,1448,964.9
5.057413,1514,1448,1.7
5.058377,1514,1448,963.4
5.058378,1514,1448,1.7
5.059341,1514,1448,963.2
5.059343,1514,1448,1.7
5.060307,1514,1448,964.2
5.060309,1514,1448,1.7
5.061273,1514,1448,963.7
5.061274,1514,1448,1.7
5.062238,1514,1448,963.9
5.062240,1514,1448,1.9
5.063203,1514,1448,963.2
5.063205,1514,1448,1.4
5.064168,1514,1448,963.4
5.064170,1514,1448,1.9
5.065134,1514,1448,963.7
5.065135,1514,1448,1.7
5.066099,1514,1448,963.9
5.066101,1514,1448,1.4
5.067067,1514,1448,966.5
5.067071,1514,1448,3.6
5.068029,1514,1448,958.4
5.068031,1514,1448,1.2
5.068995,1514,1448,963.9
5.068996,1514,1448,1.2
5.069961,1514,1448,965.1
5.069963,1514,1448,1.7
5.070926,1514,1448,963.4
5.070928,1514,1448,1.7
5.071892,1514,1448,963.9
5.071893,1514,1448,1.7
5.072856,1514,1448,962.7
5.072858,1514,1448,1.7
5.073822,1514,1448,963.9
5.073823,1514,1448,1.4
5.074786,1514,1448,963.4
5.074788,1514,1448,1.2
5.075752,1514,1448,964.6
5.075754,1514,1448,1.4
5.076717,1514,1448,963.7
5.076719,1514,1448,1.7
5.077685,1514,1448,966.1
5.077688,1514,1448,2.6
5.078648,1514,1448,960.6
5.078650,1514,1448,1.7
5.079613,1514,1448,963.2
5.079614,1514,1448,1.2
5.080580,1514,1448,965.8
5.080582,1514,1448,2.1
5.081544,1514,1448,962.0
5.081546,1514,1448,1.4
5.082510,1514,1448,963.9
5.082511,1514,1448,1.4
5.083475,1514,1448,963.7
5.083477,1514,1448,1.7
5.084440,1514,1448,963.7
5.084442,1514,1448,1.4
5.085406,1514,1448,964.2
5.085407,1514,1448,1.7
5.086371,1514,1448,963.7
5.086373,1514,1448,1.7
5.087336,1514,1448,963.4
5.087338,1514,1448,1.7
5.088302,1514,1448,964.4
5.088304,1514,1448,1.9
5.089269,1514,1448,964.6
5.089271,1514,1448,1.7
5.090245,1514,1448,974.4
5.090253,1514,1448,8.1
5.091203,1514,1448,949.9
5.091208,1514,1448,4.5
5.092169,1514,1448,961.3
5.092175,1514,1448,6.2
5.093133,1514,1448,958.2
5.093137,1514,1448,4.1
5.094096,1514,1448,958.4
5.094098,1514,1448,2.6
5.095063,1514,1448,964.9
5.095068,1514,1448,4.5
5.096027,1514,1448,958.9
5.096029,1514,1448,2.4
5.096996,1514,1448,967.3
5.097003,1514,1448,6.9
5.097959,1514,1448,956.1
5.097963,1514,1448,3.3
5.098948,1514,1448,984.9
5.098966,1514,1448,18.1
5.099904,1514,1448,937.9
5.099913,1514,1448,9.3
5.100852,1514,1448,938.7
5.100854,1514,1448,2.1
5.101817,1514,1448,963.0
5.101818,1514,1448,1.7
5.102783,1514,1448,964.9
5.102786,1514,1448,2.6
5.103747,1514,1448,961.3
5.103749,1514,1448,1.4
5.104712,1514,1448,963.4
5.104713,1514,1448,1.4
5.105672,1514,1448,958.2
5.105673,1514,1448,1.4
5.106643,1514,1448,970.1
5.106645,1514,1448,1.7
5.107608,1514,1448,963.2
5.107610,1514,1448,1.4
5.108575,1514,1448,965.1
5.108576,1514,1448,1.2
5.109539,1514,1448,963.4
5.109541,1514,1448,1.4
5.110504,1514,1448,963.4
5.110506,1514,1448,1.7
5.111469,1514,1448,963.4
5.111471,1514,1448,1.4
5.112437,1514,1448,966.8
5.112440,1514,1448,2.9
5.113402,1514,1448,961.3
5.113404,1514,1448,2.4
5.114366,1514,1448,961.8
5.114367,1514,1448,1.7
5.115331,1514,1448,963.7
5.115333,1514,1448,1.7
5.116296,1514,1448,963.2
5.116297,1514,1448,1.4
5.117262,1514,1448,964.2
5.117263,1514,1448,1.4
5.118227,1514,1448,963.4
5.118228,1514,1448,1.4
5.119193,1514,1448,964.9
5.119194,1514,1448,1.4
5.120158,1514,1448,963.9
5.120160,1514,1448,1.4
5.121123,1514,1448,963.4
5.121124,1514,1448,1.2
5.122088,1514,1448,963.4
5.122089,1514,1448,1.2
5.123053,1514,1448,964.4
5.123055,1514,1448,1.7
5.124021,1514,1448,966.3
5.124024,1514,1448,2.6
5.124985,1514,1448,961.5
5.124988,1514,1448,2.4
5.125950,1514,1448,962.5
5.125952,1514,1448,1.7
5.126914,1514,1448,962.3
5.126915,1514,1448,1.2
5.127879,1514,1448,963.9
5.127880,1514,1448,1.0
5.128845,1514,1448,964.9
5.128847,1514,1448,1.4
5.129811,1514,1448,964.4
5.129812,1514,1448,1.4
5.130777,1514,1448,964.4
5.130778,1514,1448,1.4
5.131742,1514,1448,963.9
5.131744,1514,1448,1.7
5.132706,1514,1448,962.5
5.132708,1514,1448,1.4
5.133671,1514,1448,963.4
5.133672,1514,1448,1.2
5.134637,1514,1448,964.9
5.134639,1514,1448,1.4
5.135605,1514,1448,966.3
5.135608,1514,1448,2.6
5.136570,1514,1448,962.5
5.136573,1514,1448,2.6
5.137533,1514,1448,960.1
5.137534,1514,1448,1.2
5.138498,1514,1448,964.2
5.138499,1514,1448,1.2
5.139464,1514,1448,964.4
5.139465,1514,1448,1.4
5.140429,1514,1448,964.2
5.140431,1514,1448,1.4
5.141396,1514,1448,964.6
5.141397,1514,1448,1.4
5.142360,1514,1448,962.7
5.142361,1514,1448,1.4
5.143325,1514,1448,964.2
5.143327,1514,1448,1.2
5.144291,1514,1448,964.4
5.144292,1514,1448,1.4
5.145256,1514,1448,963.9
5.145258,1514,1448,1.4
5.146221,1514,1448,963.4
5.146223,1514,1448,1.4
5.147187,1514,1448,964.2
5.147188,1514,1448,1.7
5.148153,1514,1448,964.2
5.148154,1514,1448,1.7
5.149117,1514,1448,963.0
5.149118,1514,1448,1.2
5.150083,1514,1448,964.2
5.150084,1514,1448,1.7
5.151048,1514,1448,963.9
5.151050,1514,1448,1.4
5.152014,1514,1448,964.4
5.152015,1514,1448,1.4
5.152978,1514,1448,963.0
5.152980,1514,1448,1.4
5.153944,1514,1448,963.9
5.153945,1514,1448,1.4
5.154909,1514,1448,963.9
5.154911,1514,1448,1.4
5.155875,1514,1448,964.4
5.155876,1514,1448,1.2
5.156840,1514,1448,964.2
5.156842,1514,1448,1.4
5.157805,1514,1448,963.4
5.157807,1514,1448,1.4
5.158771,1514,1448,964.2
5.158772,1514,1448,1.4
5.159736,1514,1448,963.7
5.159737,1514,1448,1.4
5.160702,1514,1448,964.2
5.160703,1514,1448,1.2
5.161667,1514,1448,964.2
5.161668,1514,1448,1.4
5.162632,1514,1448,963.9
5.162634,1514,1448,1.4
5.163597,1514,1448,963.7
5.163599,1514,1448,1.2
5.164563,1514,1448,964.2
5.164564,1514,1448,1.4
5.165528,1514,1448,963.9
5.165529,1514,1448,1.4
5.166494,1514,1448,964.2
5.166495,1514,1448,1.4
5.167459,1514,1448,963.7
5.167460,1514,1448,1.4
5.168424,1514,1448,964.2
5.168426,1514,1448,1.4
5.169390,1514,1448,964.2
5.169392,1514,1448,1.7
5.170356,1514,1448,963.9
5.170357,1514,1448,1.7
5.171321,1514,1448,963.7
5.171322,1514,1448,1.4
5.172286,1514,1448,963.7
5.172288,1514,1448,1.7
5.173251,1514,1448,963.4
5.173253,1514,1448,1.7
5.174218,1514,1448,964.9
5.174220,1514,1448,1.9
5.175180,1514,1448,960.8
5.175182,1514,1448,1.2
5.176147,1514,1448,965.6
5.176149,1514,1448,1.4
5.177113,1514,1448,963.9
5.177114,1514,1448,1.4
5.178078,1514,1448,963.7
5.178079,1514,1448,1.7
5.179043,1514,1448,963.4
5.179044,1514,1448,1.7
5.180008,1514,1448,963.7
5.180010,1514,1448,1.4
5.180974,1514,1448,964.2
5.180976,1514,1448,1.9
5.181939,1514,1448,963.7
5.181941,1514,1448,1.7
5.182904,1514,1448,963.4
5.182906,1514,1448,1.7
5.183870,1514,1448,963.7
5.183871,1514,1448,1.4
5.184835,1514,1448,963.9
5.184837,1514,1448,1.7
5.185800,1514,1448,963.2
5.185802,1514,1448,1.4
5.186766,1514,1448,964.4
5.186768,1514,1448,1.7
5.187732,1514,1448,963.9
5.187733,1514,1448,1.4
5.188697,1514,1448,963.7
5.188698,1514,1448,1.4
5.189662,1514,1448,963.7
5.189663,1514,1448,1.7
5.190627,1514,1448,963.4
5.190629,1514,1448,1.7
5.191593,1514,1448,964.2
5.191594,1514,1448,1.7
5.192559,1514,1448,964.9
5.192562,1514,1448,2.6
5.193527,1514,1448,964.6
5.193530,1514,1448,3.6
5.194487,1514,1448,957.3
5.194489,1514,1448,1.2
5.195454,1514,1448,965.8
5.195456,1514,1448,1.7
5.196419,1514,1448,962.7
5.196420,1514,1448,1.4
5.197384,1514,1448,963.7
5.197386,1514,1448,1.9
5.198350,1514,1448,964.2
5.198352,1514,1448,1.7
5.199315,1514,1448,963.4
5.199317,1514,1448,1.4
5.200280,1514,1448,963.9
5.200282,1514,1448,1.9
5.201246,1514,1448,963.4
5.201247,1514,1448,1.4
5.202211,1514,1448,963.7
5.202213,1514,1448,1.7
5.203176,1514,1448,963.4
5.203178,1514,1448,1.7
5.204144,1514,1448,966.8
5.204148,1514,1448,3.3
5.205107,1514,1448,959.6
5.205110,1514,1448,2.4
5.206072,1514,1448,961.8
5.206073,1514,1448,1.2
5.207039,1514,1448,965.8
5.207040,1514,1448,1.7
5.208004,1514,1448,963.2
5.208005,1514,1448,1.7
5.208969,1514,1448,963.4
5.208970,1514,1448,1.7
5.209934,1514,1448,963.4
5.209935,1514,1448,1.7
5.210899,1514,1448,963.7
5.210901,1514,1448,1.4
5.211864,1514,1448,963.7
5.211866,1514,1448,1.9
5.212830,1514,1448,964.2
5.212832,1514,1448,1.4
5.213795,1514,1448,963.7
5.213797,1514,1448,1.7
5.214761,1514,1448,963.4
5.214762,1514,1448,1.7
5.215728,1514,1448,965.6
5.215730,1514,1448,1.9
5.216692,1514,1448,962.3
5.216694,1514,1448,2.1
5.217656,1514,1448,961.8
5.217657,1514,1448,1.2
5.218622,1514,1448,965.1
5.218624,1514,1448,1.4
5.219587,1514,1448,963.4
5.219589,1514,1448,1.7
5.220552,1514,1448,963.7
5.220554,1514,1448,1.7
5.221518,1514,1448,964.2
5.221520,1514,1448,1.7
5.222483,1514,1448,963.0
5.222485,1514,1448,1.7
5.223448,1514,1448,963.7
5.223450,1514,1448,1.4
5.224414,1514,1448,964.2
5.224415,1514,1448,1.4
5.225379,1514,1448,963.7
5.225381,1514,1448,1.7
5.226345,1514,1448,964.2
5.226347,1514,1448,1.9
5.227312,1514,1448,965.4
5.227316,1514,1448,3.6
5.228276,1514,1448,960.1
5.228278,1514,1448,1.9
5.229240,1514,1448,962.0
5.229241,1514,1448,1.0
5.230206,1514,1448,964.9
5.230207,1514,1448,1.7
5.231171,1514,1448,963.4
5.231172,1514,1448,1.7
5.232137,1514,1448,964.4
5.232138,1514,1448,1.7
5.233102,1514,1448,963.7
5.233104,1514,1448,1.7
5.234067,1514,1448,963.2
5.234069,1514,1448,1.7
5.235032,1514,1448,963.7
5.235034,1514,1448,1.7
5.235999,1514,1448,964.6
5.236001,1514,1448,2.1
5.236963,1514,1448,962.3
5.236965,1514,1448,1.7
5.237928,1514,1448,963.7
5.237930,1514,1448,1.4
5.238894,1514,1448,964.2
5.238896,1514,1448,1.7
5.239859,1514,1448,963.7
5.239861,1514,1448,1.7
5.240824,1514,1448,963.0
5.240826,1514,1448,1.7
5.241790,1514,1448,964.2
5.241791,1514,1448,1.4
5.242755,1514,1448,963.7
5.242757,1514,1448,1.7
5.243721,1514,1448,963.9
5.243722,1514,1448,1.7
5.244686,1514,1448,963.7
5.244687,1514,1448,1.4
5.245656,1514,1448,968.2
5.245657,1514,1448,1.4
5.246617,1514,1448,960.4
5.246619,1514,1448,1.7
5.247582,1514,1448,962.7
5.247583,1514,1448,1.4
5.248547,1514,1448,963.7
5.248549,1514,1448,1.7
5.249512,1514,1448,963.9
5.249514,1514,1448,1.9
5.250478,1514,1448,963.7
5.250480,1514,1448,1.7
5.251443,1514,1448,963.2
5.251445,1514,1448,1.7
5.252409,1514,1448,963.9
5.252410,1514,1448,1.7
5.253373,1514,1448,963.2
5.253375,1514,1448,1.7
5.254339,1514,1448,963.7
5.254340,1514,1448,1.7
5.255305,1514,1448,964.4
5.255306,1514,1448,1.4
5.256270,1514,1448,963.7
5.256272,1514,1448,1.7
5.257235,1514,1448,963.4
5.257236,1514,1448,1.4
5.258200,1514,1448,963.7
5.258202,1514,1448,1.4
5.259166,1514,1448,964.4
5.259168,1514,1448,1.7
5.260131,1514,1448,963.4
5.260133,1514,1448,1.7
5.261097,1514,1448,964.2
5.261099,1514,1448,1.7
5.262062,1514,1448,963.0
5.262063,1514,1448,1.7
5.263027,1514,1448,963.7
5.263028,1514,1448,1.4
5.263992,1514,1448,963.9
5.263994,1514,1448,1.4
5.264957,1514,1448,963.7
5.264959,1514,1448,1.7
5.265923,1514,1448,963.9
5.265925,1514,1448,1.7
5.266888,1514,1448,963.4
5.266890,1514,1448,1.7
5.267853,1514,1448,963.7
5.267855,1514,1448,1.7
5.268819,1514,1448,964.2
5.268821,1514,1448,1.7
5.269786,1514,1448,964.6
5.269787,1514,1448,1.4
5.270750,1514,1448,962.5
5.270751,1514,1448,1.7
5.271715,1514,1448,963.7
5.271717,1514,1448,1.7
5.272672,1514,1448,955.3
5.272673,1514,1448,1.4
5.273646,1514,1448,972.7
5.273648,1514,1448,1.4
5.274611,1514,1448,963.4
5.274613,1514,1448,1.7
5.275576,1514,1448,963.7
5.275578,1514,1448,1.4
5.276542,1514,1448,964.4
5.276544,1514,1448,1.7
5.277507,1514,1448,963.4
5.277509,1514,1448,1.7
5.278473,1514,1448,963.7
5.278474,1514,1448,1.7
5.279438,1514,1448,963.4
5.279439,1514,1448,1.7
5.280403,1514,1448,963.7
5.280405,1514,1448,1.4
5.281368,1514,1448,963.7
5.281370,1514,1448,1.4
5.282333,1514,1448,963.4
5.282335,1514,1448,1.7
5.283300,1514,1448,964.9
5.283301,1514,1448,1.7
5.284265,1514,1448,963.2
5.284266,1514,1448,1.7
5.285230,1514,1448,963.4
5.285231,1514,1448,1.4
5.286196,1514,1448,964.4
5.286197,1514,1448,1.7
5.287160,1514,1448,963.2
5.287162,1514,1448,1.7
5.288126,1514,1448,963.4
5.288127,1514,1448,1.7
5.289091,1514,1448,963.7
5.289092,1514,1448,1.4
5.290056,1514,1448,963.9
5.290058,1514,1448,1.4
5.291021,1514,1448,963.7
5.291023,1514,1448,1.4
5.291987,1514,1448,964.4
5.291989,1514,1448,1.7
5.292953,1514,1448,963.7
5.292954,1514,1448,1.4
5.293918,1514,1448,963.9
5.293920,1514,1448,1.7
5.294883,1514,1448,963.2
5.294884,1514,1448,1.7
5.295849,1514,1448,964.4
5.295851,1514,1448,2.6
5.296814,1514,1448,962.7
5.296816,1514,1448,1.9
5.297778,1514,1448,962.0
5.297779,1514,1448,1.2
5.298746,1514,1448,966.3
5.298748,1514,1448,2.4
5.299709,1514,1448,960.6
5.299710,1514,1448,1.2
5.300674,1514,1448,964.4
5.300676,1514,1448,1.7
5.301640,1514,1448,964.4
5.301642,1514,1448,1.4
5.302606,1514,1448,964.2
5.302608,1514,1448,1.7
5.303571,1514,1448,963.4
5.303573,1514,1448,1.7
5.304536,1514,1448,963.7
5.304538,1514,1448,1.4
5.305502,1514,1448,964.2
5.305504,1514,1448,1.7
5.306468,1514,1448,964.2
5.306470,1514,1448,1.9
5.307433,1514,1448,963.0
5.307435,1514,1448,1.9
5.308398,1514,1448,963.2
5.308399,1514,1448,1.4
5.309363,1514,1448,963.9
5.309365,1514,1448,1.4
5.310328,1514,1448,963.4
5.310330,1514,1448,1.7
5.311293,1514,1448,963.7
5.311295,1514,1448,1.4
5.312259,1514,1448,964.4
5.312261,1514,1448,1.7
5.313225,1514,1448,963.7
5.313226,1514,1448,1.4
5.314190,1514,1448,963.7
5.314191,1514,1448,1.7
5.315155,1514,1448,963.7
5.315157,1514,1448,1.7
5.316121,1514,1448,963.9
5.316122,1514,1448,1.7
5.317087,1514,1448,964.4
5.317089,1514,1448,2.1
5.318052,1514,1448,962.7
5.318053,1514,1448,1.4
5.319021,1514,1448,968.2
5.319026,1514,1448,4.3
5.319985,1514,1448,959.9
5.319990,1514,1448,4.3
5.320950,1514,1448,959.9
5.320953,1514,1448,3.8
5.321913,1514,1448,959.6
5.321915,1514,1448,2.1
5.322877,1514,1448,962.0
5.322878,1514,1448,1.2
5.323843,1514,1448,965.1
5.323845,1514,1448,1.7
5.324808,1514,1448,963.0
5.324810,1514,1448,1.7
5.325774,1514,1448,964.2
5.325775,1514,1448,1.4
5.326740,1514,1448,964.6
5.326742,1514,1448,2.1
5.327706,1514,1448,963.9
5.327709,1514,1448,3.1
5.328669,1514,1448,959.4
5.328671,1514,1448,1.9
5.329635,1514,1448,964.6
5.329637,1514,1448,1.9
5.330601,1514,1448,963.7
5.330602,1514,1448,1.7
5.331566,1514,1448,963.4
5.331568,1514,1448,1.7
5.332531,1514,1448,963.7
5.332533,1514,1448,1.4
5.333496,1514,1448,963.4
5.333498,1514,1448,1.7
5.334461,1514,1448,963.4
5.334463,1514,1448,1.7
5.335427,1514,1448,963.7
5.335428,1514,1448,1.7
5.336393,1514,1448,964.4
5.336394,1514,1448,1.7
5.337358,1514,1448,964.2
5.337360,1514,1448,1.9
5.338323,1514,1448,962.7
5.338325,1514,1448,1.7
5.339288,1514,1448,963.7
5.339290,1514,1448,1.4
5.340254,1514,1448,963.7
5.340257,1514,1448,3.1
5.341219,1514,1448,962.5
5.341221,1514,1448,1.7
5.342184,1514,1448,963.4
5.342186,1514,1448,1.7
5.343149,1514,1448,963.4
5.343151,1514,1448,1.7
5.344115,1514,1448,963.7
5.344116,1514,1448,1.4
5.345081,1514,1448,964.4
5.345082,1514,1448,1.4
5.346045,1514,1448,963.4
5.346047,1514,1448,1.7
5.347012,1514,1448,964.6
5.347014,1514,1448,1.9
5.347976,1514,1448,962.5
5.347978,1514,1448,1.7
5.348942,1514,1448,964.4
5.348944,1514,1448,1.7
5.349907,1514,1448,963.2
5.349909,1514,1448,1.7
5.350873,1514,1448,964.2
5.350875,1514,1448,1.7
5.351838,1514,1448,963.0
5.351839,1514,1448,1.4
5.352803,1514,1448,964.2
5.352805,1514,1448,1.7
5.353768,1514,1448,963.4
5.353770,1514,1448,1.4
5.354733,1514,1448,963.4
5.354735,1514,1448,1.7
5.355699,1514,1448,964.2
5.355701,1514,1448,1.7
5.356664,1514,1448,963.4
5.356666,1514,1448,1.7
5.357630,1514,1448,964.6
5.357632,1514,1448,1.7
5.358595,1514,1448,963.0
5.358597,1514,1448,1.7
5.359561,1514,1448,964.2
5.359562,1514,1448,1.4
5.360526,1514,1448,963.2
5.360527,1514,1448,1.7
5.361491,1514,1448,963.4
5.361492,1514,1448,1.7
5.362456,1514,1448,963.7
5.362458,1514,1448,1.7
5.363421,1514,1448,963.4
5.363423,1514,1448,1.7
5.364387,1514,1448,964.2
5.364389,1514,1448,1.7
5.365352,1514,1448,963.4
5.365354,1514,1448,1.7
5.366318,1514,1448,963.9
5.366319,1514,1448,1.4
5.367284,1514,1448,964.4
5.367285,1514,1448,1.9
5.368248,1514,1448,963.0
5.368250,1514,1448,1.7
5.369214,1514,1448,963.4
5.369215,1514,1448,1.7
5.370179,1514,1448,963.9
5.370181,1514,1448,1.7
5.371144,1514,1448,963.0
5.371146,1514,1448,1.9
5.372110,1514,1448,963.9
5.372111,1514,1448,1.7
5.373075,1514,1448,964.2
5.373077,1514,1448,1.9
5.374040,1514,1448,963.0
5.374042,1514,1448,1.7
5.375005,1514,1448,963.4
5.375007,1514,1448,1.7
5.375971,1514,1448,963.4
5.375972,1514,1448,1.7
5.376936,1514,1448,964.2
5.376938,1514,1448,1.9
5.377903,1514,1448,964.2
5.377904,1514,1448,1.9
5.378867,1514,1448,962.5
5.378869,1514,1448,1.7
5.379832,1514,1448,963.7
5.379834,1514,1448,1.9
5.380798,1514,1448,963.4
5.380799,1514,1448,1.7
5.381763,1514,1448,963.4
5.381764,1514,1448,1.7
5.382728,1514,1448,963.7
5.382730,1514,1448,1.9
5.383693,1514,1448,963.4
5.383695,1514,1448,1.4
5.384660,1514,1448,964.9
5.384661,1514,1448,1.7
5.385625,1514,1448,963.4
5.385626,1514,1448,1.4
5.386592,1514,1448,966.1
5.386596,1514,1448,3.3
5.387557,1514,1448,960.8
5.387559,1514,1448,2.1
5.388521,1514,1448,962.0
5.388522,1514,1448,1.7
5.389486,1514,1448,963.2
5.389487,1514,1448,1.4
5.390451,1514,1448,964.2
5.390453,1514,1448,1.7
5.391416,1514,1448,963.4
5.391418,1514,1448,1.7
5.392382,1514,1448,964.2
5.392384,1514,1448,1.7
5.393347,1514,1448,963.0
5.393348,1514,1448,1.7
5.394312,1514,1448,963.7
5.394314,1514,1448,1.9
5.395278,1514,1448,963.7
5.395279,1514,1448,1.7
5.396243,1514,1448,963.9
5.396245,1514,1448,1.7
5.397208,1514,1448,963.2
5.397210,1514,1448,1.7
5.398174,1514,1448,964.2
5.398176,1514,1448,1.7
5.399139,1514,1448,963.4
5.399141,1514,1448,1.4
5.400104,1514,1448,963.7
5.400106,1514,1448,1.7
5.401070,1514,1448,964.2
5.401072,1514,1448,1.4
5.402035,1514,1448,963.7
5.402037,1514,1448,1.4
5.403001,1514,1448,964.2
5.403002,1514,1448,1.4
5.403966,1514,1448,963.7
5.403967,1514,1448,1.4
5.404931,1514,1448,963.4
5.404932,1514,1448,1.4
5.405897,1514,1448,964.4
5.405898,1514,1448,1.7
5.406862,1514,1448,963.7
5.406863,1514,1448,1.4
5.407829,1514,1448,965.6
5.407832,1514,1448,2.9
5.408795,1514,1448,963.0
5.408798,1514,1448,3.3
5.409760,1514,1448,961.8
5.409764,1514,1448,3.8
5.410725,1514,1448,961.5
5.410730,1514,1448,4.5
5.411696,1514,1448,966.3
5.411704,1514,1448,7.4
5.412658,1514,1448,954.6
5.412662,1514,1448,3.6
5.413623,1514,1448,960.8
5.413626,1514,1448,3.3
5.414588,1514,1448,962.3
5.414590,1514,1448,2.1
5.415551,1514,1448,960.4
5.415552,1514,1448,1.7
5.416515,1514,1448,962.5
5.416517,1514,1448,1.7
5.417481,1514,1448,964.9
5.417484,1514,1448,2.4
5.418453,1514,1448,968.9
5.418457,1514,1448,4.3
5.419420,1514,1448,963.0
5.419427,1514,1448,6.7
5.420380,1514,1448,953.4
5.420385,1514,1448,4.8
5.421362,1514,1448,977.0
5.421372,1514,1448,10.0
5.422334,1514,1448,962.3
5.422343,1514,1448,9.3
5.423272,1514,1448,928.4
5.423273,1514,1448,1.4
5.424240,1514,1448,966.5
5.424243,1514,1448,2.9
5.425204,1514,1448,961.3
5.425205,1514,1448,1.4
5.426168,1514,1448,963.0
5.426170,1514,1448,1.4
5.427134,1514,1448,963.7
5.427135,1514,1448,1.2
5.428098,1514,1448,963.7
5.428100,1514,1448,1.4
5.429065,1514,1448,964.9
5.429066,1514,1448,1.4
5.430030,1514,1448,963.7
5.430031,1514,1448,1.4
5.430995,1514,1448,963.4
5.430996,1514,1448,1.4
5.431960,1514,1448,963.7
5.431962,1514,1448,1.7
5.432925,1514,1448,963.9
5.432927,1514,1448,1.4
5.433896,1514,1448,969.4
5.433898,1514,1448,1.7
5.434859,1514,1448,960.6
5.434861,1514,1448,2.9
5.435823,1514,1448,961.5
5.435825,1514,1448,2.4
5.436787,1514,1448,961.3
5.436788,1514,1448,1.4
5.437752,1514,1448,963.9
5.437753,1514,1448,1.4
5.438718,1514,1448,964.2
5.438719,1514,1448,1.7
5.439683,1514,1448,963.9
5.439685,1514,1448,1.4
5.440648,1514,1448,963.2
5.440650,1514,1448,1.7
5.441613,1514,1448,963.9
5.441615,1514,1448,1.4
5.442579,1514,1448,964.2
5.442580,1514,1448,1.4
5.443544,1514,1448,963.9
5.443546,1514,1448,1.2
5.444510,1514,1448,964.2
5.444511,1514,1448,1.4
5.445477,1514,1448,965.4
5.445479,1514,1448,2.9
5.446441,1514,1448,961.5
5.446443,1514,1448,1.9
5.447406,1514,1448,963.0
5.447407,1514,1448,1.7
5.448371,1514,1448,963.2
5.448372,1514,1448,1.4
5.449336,1514,1448,963.7
5.449337,1514,1448,1.4
5.450302,1514,1448,965.1
5.450304,1514,1448,1.9
5.451266,1514,1448,961.8
5.451267,1514,1448,1.2
5.452232,1514,1448,964.9
5.452234,1514,1448,1.4
5.453197,1514,1448,963.7
5.453199,1514,1448,1.4
5.454163,1514,1448,963.9
5.454164,1514,1448,1.4
5.455128,1514,1448,964.2
5.455130,1514,1448,1.4
5.456094,1514,1448,963.9
5.456095,1514,1448,1.4
5.457061,1514,1448,966.1
5.457064,1514,1448,2.9
5.458026,1514,1448,962.3
5.458028,1514,1448,2.1
5.458989,1514,1448,961.1
5.458991,1514,1448,1.4
5.459955,1514,1448,963.9
5.459956,1514,1448,1.4
5.460920,1514,1448,964.2
5.460922,1514,1448,1.2
5.461885,1514,1448,963.4
5.461886,1514,1448,1.4
5.462850,1514,1448,963.9
5.462852,1514,1448,1.4
5.463816,1514,1448,964.4
5.463817,1514,1448,1.2
5.464781,1514,1448,963.9
5.464783,1514,1448,1.4
5.465747,1514,1448,964.2
5.465748,1514,1448,1.4
5.466712,1514,1448,963.2
5.466713,1514,1448,1.4
5.467675,1514,1448,962.3
5.467676,1514,1448,1.2
5.468646,1514,1448,969.6
5.468649,1514,1448,2.9
5.469609,1514,1448,960.6
5.469611,1514,1448,1.9
5.470573,1514,1448,961.8
5.470575,1514,1448,1.4
5.471539,1514,1448,963.9
5.471540,1514,1448,1.4
5.472504,1514,1448,964.2
5.472506,1514,1448,1.4
5.473471,1514,1448,965.4
5.473472,1514,1448,1.4
5.474434,1514,1448,962.0
5.474436,1514,1448,1.4
5.475400,1514,1448,963.9
5.475401,1514,1448,1.4
5.476366,1514,1448,964.4
5.476367,1514,1448,1.2
5.477331,1514,1448,964.2
5.477332,1514,1448,1.2
5.478297,1514,1448,964.4
5.478298,1514,1448,1.7
5.479263,1514,1448,964.9
5.479266,1514,1448,2.9
5.480230,1514,1448,964.2
5.480234,1514,1448,3.8
5.481193,1514,1448,958.9
5.481194,1514,1448,1.2
5.482157,1514,1448,963.4
5.482159,1514,1448,1.4
5.483123,1514,1448,964.2
5.483124,1514,1448,1.2
5.484088,1514,1448,963.4
5.484089,1514,1448,1.4
5.485053,1514,1448,964.2
5.485055,1514,1448,1.4
5.486019,1514,1448,964.6
5.486021,1514,1448,1.7
5.486984,1514,1448,963.2
5.486986,1514,1448,1.4
5.487950,1514,1448,964.2
5.487951,1514,1448,1.2
5.488915,1514,1448,964.4
5.488917,1514,1448,1.9
5.489880,1514,1448,962.3
5.489881,1514,1448,1.4
5.490846,1514,1448,965.4
5.490848,1514,1448,1.7
5.491811,1514,1448,963.2
5.491813,1514,1448,1.7
5.492776,1514,1448,963.4
5.492778,1514,1448,1.7
5.493742,1514,1448,963.4
5.493743,1514,1448,1.7
5.494707,1514,1448,963.7
5.494709,1514,1448,1.7
5.495672,1514,1448,963.4
5.495674,1514,1448,1.7
5.496638,1514,1448,964.2
5.496639,1514,1448,1.7
5.497603,1514,1448,963.7
5.497605,1514,1448,1.4
5.498569,1514,1448,963.9
5.498570,1514,1448,1.4
5.499536,1514,1448,966.3
5.499539,1514,1448,2.6
5.500499,1514,1448,959.6
5.500500,1514,1448,1.2
5.501465,1514,1448,965.4
5.501467,1514,1448,1.4
5.502430,1514,1448,963.4
5.502432,1514,1448,1.7
5.503395,1514,1448,963.7
5.503397,1514,1448,1.7
5.504362,1514,1448,964.6
5.504364,1514,1448,2.4
5.505326,1514,1448,962.3
5.505328,1514,1448,1.4
5.506291,1514,1448,963.4
5.506293,1514,1448,1.7
5.507257,1514,1448,963.7
5.507258,1514,1448,1.4
5.508222,1514,1448,963.7
5.508223,1514,1448,1.7
5.509187,1514,1448,964.2
5.509189,1514,1448,1.9
5.510153,1514,1448,963.2
5.510154,1514,1448,1.7
5.511119,1514,1448,964.6
5.511120,1514,1448,1.4
5.512083,1514,1448,963.0
5.512085,1514,1448,1.7
5.513049,1514,1448,964.2
5.513051,1514,1448,1.4
5.514016,1514,1448,965.6
5.514019,1514,1448,3.1
5.514980,1514,1448,960.6
5.514982,1514,1448,2.4
5.515944,1514,1448,962.3
5.515946,1514,1448,1.7
5.516910,1514,1448,963.4
5.516911,1514,1448,1.7
5.517875,1514,1448,963.7
5.517876,1514,1448,1.4
5.518841,1514,1448,964.4
5.518842,1514,1448,1.4
5.519807,1514,1448,964.6
5.519809,1514,1448,2.1
5.520771,1514,1448,962.3
5.520773,1514,1448,1.4
5.521736,1514,1448,963.7
5.521738,1514,1448,1.7
5.522710,1514,1448,971.8
5.522712,1514,1448,1.7
5.523669,1514,1448,957.0
5.523670,1514,1448,1.9
5.524633,1514,1448,962.5
5.524635,1514,1448,1.7
5.525601,1514,1448,966.1
5.525604,1514,1448,3.1
5.526565,1514,1448,960.8
5.526567,1514,1448,2.6
5.527528,1514,1448,961.1
5.527530,1514,1448,1.7
5.528494,1514,1448,963.9
5.528496,1514,1448,1.7
5.529460,1514,1448,964.2
5.529462,1514,1448,1.9
5.530425,1514,1448,963.0
5.530426,1514,1448,1.7
5.531390,1514,1448,963.7
5.531392,1514,1448,1.7
5.532355,1514,1448,963.2
5.532356,1514,1448,1.4
5.533321,1514,1448,964.4
5.533322,1514,1448,1.7
5.534286,1514,1448,963.9
5.534288,1514,1448,1.7
5.535251,1514,1448,963.2
5.535253,1514,1448,1.7
5.536216,1514,1448,963.4
5.536218,1514,1448,1.7
5.537184,1514,1448,966.3
5.537187,1514,1448,3.1
5.538148,1514,1448,961.1
5.538151,1514,1448,2.4
5.539112,1514,1448,961.5
5.539114,1514,1448,1.7
5.540078,1514,1448,964.4
5.540080,1514,1448,1.9
5.541044,1514,1448,963.2
5.541045,1514,1448,1.7
5.542008,1514,1448,963.2
5.542010,1514,1448,1.7
5.542974,1514,1448,963.7
5.542975,1514,1448,1.7
5.543939,1514,1448,963.7
5.543941,1514,1448,1.7
5.544905,1514,1448,964.2
5.544907,1514,1448,1.7
5.545869,1514,1448,962.7
5.545871,1514,1448,1.7
5.546836,1514,1448,964.6
5.546837,1514,1448,1.7
5.547801,1514,1448,963.2
5.547802,1514,1448,1.7
5.548768,1514,1448,965.6
5.548771,1514,1448,2.9
5.549733,1514,1448,962.5
5.549736,1514,1448,2.9
5.550697,1514,1448,961.3
5.550699,1514,1448,1.7
5.551662,1514,1448,962.7
5.551663,1514,1448,1.7
5.552627,1514,1448,963.9
5.552629,1514,1448,1.4
5.553592,1514,1448,963.7
5.553594,1514,1448,1.7
5.554558,1514,1448,963.7
5.554559,1514,1448,1.4
5.555523,1514,1448,963.7
5.555525,1514,1448,1.7
5.556489,1514,1448,964.4
5.556491,1514,1448,1.7
5.557454,1514,1448,963.0
5.557455,1514,1448,1.7
5.558419,1514,1448,963.4
5.558420,1514,1448,1.7
5.559386,1514,1448,965.8
5.559389,1514,1448,2.9
5.560350,1514,1448,961.3
5.560352,1514,1448,1.9
5.561315,1514,1448,963.0
5.561317,1514,1448,1.7
5.562280,1514,1448,963.4
5.562282,1514,1448,1.7
5.563246,1514,1448,963.7
5.563247,1514,1448,1.7
5.564211,1514,1448,963.7
5.564213,1514,1448,1.4
5.565176,1514,1448,963.7
5.565178,1514,1448,1.4
5.566142,1514,1448,963.9
5.566143,1514,1448,1.4
5.567107,1514,1448,964.4
5.567109,1514,1448,1.4
5.568073,1514,1448,963.7
5.568074,1514,1448,1.4
5.569038,1514,1448,963.7
5.569039,1514,1448,1.7
5.570003,1514,1448,963.9
5.570005,1514,1448,1.7
5.570968,1514,1448,963.2
5.570970,1514,1448,1.4
5.571934,1514,1448,964.2
5.571935,1514,1448,1.4
5.572906,1514,1448,970.6
5.572908,1514,1448,2.1
5.573865,1514,1448,956.8
5.573867,1514,1448,2.1
5.574832,1514,1448,965.6
5.574837,1514,1448,4.5
5.575795,1514,1448,958.2
5.575797,1514,1448,1.9
5.576761,1514,1448,963.7
5.576762,1514,1448,1.7
5.577726,1514,1448,963.2
5.577727,1514,1448,1.7
5.578691,1514,1448,964.2
5.578693,1514,1448,1.7
5.579656,1514,1448,963.0
5.579658,1514,1448,1.7
5.580623,1514,1448,964.9
5.580624,1514,1448,1.7
5.581587,1514,1448,962.7
5.581589,1514,1448,1.7
5.582555,1514,1448,965.8
5.582557,1514,1448,2.9
5.583518,1514,1448,960.6
5.583520,1514,1448,1.9
5.584484,1514,1448,964.4
5.584487,1514,1448,2.4
5.585448,1514,1448,961.5
5.585450,1514,1448,1.4
5.586414,1514,1448,963.9
5.586415,1514,1448,1.4
5.587379,1514,1448,963.9
5.587381,1514,1448,1.9
5.588344,1514,1448,963.4
5.588346,1514,1448,1.4
5.589309,1514,1448,963.7
5.589311,1514,1448,1.7
5.590276,1514,1448,964.9
5.590278,1514,1448,1.7
5.591240,1514,1448,962.3
5.591242,1514,1448,1.7
5.592206,1514,1448,964.2
5.592207,1514,1448,1.7
5.593171,1514,1448,963.4
5.593172,1514,1448,1.4
5.594139,1514,1448,966.5
5.594142,1514,1448,3.1
5.595103,1514,1448,961.1
5.595105,1514,1448,2.4
5.596067,1514,1448,961.5
5.596069,1514,1448,1.7
5.597032,1514,1448,963.4
5.597034,1514,1448,1.7
5.597997,1514,1448,963.7
5.597999,1514,1448,1.4
5.598963,1514,1448,964.2
5.598964,1514,1448,1.4
5.599933,1514,1448,968.9
5.599935,1514,1448,1.7
5.600894,1514,1448,959.4
5.600896,1514,1448,1.9
5.601859,1514,1448,962.7
5.601861,1514,1448,1.7
5.602824,1514,1448,963.7
5.602826,1514,1448,1.4
5.603790,1514,1448,963.7
5.603791,1514,1448,1.4
5.604755,1514,1448,963.9
5.604756,1514,1448,1.4
5.605723,1514,1448,967.0
5.605727,1514,1448,3.3
5.606687,1514,1448,959.9
5.606689,1514,1448,2.4
5.607650,1514,1448,961.1
5.607651,1514,1448,1.0
5.608615,1514,1448,964.4
5.608617,1514,1448,1.2
5.609581,1514,1448,964.6
5.609583,1514,1448,1.7
5.610548,1514,1448,965.1
5.610550,1514,1448,1.9
5.611512,1514,1448,962.5
5.611514,1514,1448,1.7
5.612478,1514,1448,963.4
5.612479,1514,1448,1.7
5.613443,1514,1448,963.4
5.613444,1514,1448,1.7
5.614408,1514,1448,963.7
5.614410,1514,1448,1.7
5.615373,1514,1448,963.7
5.615375,1514,1448,1.7
5.616339,1514,1448,963.9
5.616340,1514,1448,1.4
5.617304,1514,1448,963.9
5.617306,1514,1448,1.4
5.618269,1514,1448,963.4
5.618271,1514,1448,1.7
5.619235,1514,1448,964.2
5.619237,1514,1448,1.7
5.620200,1514,1448,963.2
5.620201,1514,1448,1.4
5.621166,1514,1448,964.4
5.621168,1514,1448,1.9
5.622131,1514,1448,963.7
5.622133,1514,1448,1.7
5.623096,1514,1448,963.2
5.623098,1514,1448,1.4
5.624061,1514,1448,963.7
5.624063,1514,1448,1.7
5.625027,1514,1448,964.2
5.625029,1514,1448,1.7
5.625993,1514,1448,963.7
5.625994,1514,1448,1.7
5.626958,1514,1448,963.4
5.626959,1514,1448,1.7
5.627923,1514,1448,963.4
5.627924,1514,1448,1.4
5.628888,1514,1448,964.2
5.628890,1514,1448,1.7
5.629854,1514,1448,963.9
5.629855,1514,1448,1.4
5.630819,1514,1448,963.9
5.630821,1514,1448,1.7
5.631784,1514,1448,963.4
5.631786,1514,1448,1.7
5.632750,1514,1448,963.7
5.632752,1514,1448,1.9
5.633714,1514,1448,962.7
5.633716,1514,1448,1.7
5.634672,1514,1448,956.1
5.634674,1514,1448,1.7
5.635646,1514,1448,971.8
5.635647,1514,1448,1.7
5.636611,1514,1448,963.4
5.636612,1514,1448,1.4
5.637577,1514,1448,964.4
5.637578,1514,1448,1.4
5.638542,1514,1448,963.7
5.638544,1514,1448,1.9
5.639507,1514,1448,963.2
5.639508,1514,1448,1.4
5.640473,1514,1448,964.4
5.640475,1514,1448,1.9
5.641438,1514,1448,963.2
5.641439,1514,1448,1.7
5.642403,1514,1448,963.4
5.642405,1514,1448,1.7
5.643368,1514,1448,963.9
5.643370,1514,1448,1.7
5.644333,1514,1448,963.2
5.644335,1514,1448,1.7
5.645299,1514,1448,963.7
5.645300,1514,1448,1.4
5.646265,1514,1448,964.4
5.646266,1514,1448,1.4
5.647230,1514,1448,963.7
5.647231,1514,1448,1.7
5.648195,1514,1448,963.4
5.648196,1514,1448,1.7
5.649160,1514,1448,963.4
5.649162,1514,1448,1.7
5.650126,1514,1448,964.4
5.650128,1514,1448,1.7
5.651091,1514,1448,963.4
5.651093,1514,1448,1.7
5.652056,1514,1448,963.2
5.652058,1514,1448,1.9
5.653022,1514,1448,963.7
5.653023,1514,1448,1.7
5.653987,1514,1448,963.9
5.653989,1514,1448,1.7
5.654953,1514,1448,963.9
5.654954,1514,1448,1.7
5.655917,1514,1448,963.0
5.655919,1514,1448,1.4
5.656883,1514,1448,964.4
5.656885,1514,1448,1.7
5.657848,1514,1448,963.4
5.657850,1514,1448,1.4
5.658813,1514,1448,963.7
5.658815,1514,1448,1.7
5.659779,1514,1448,963.9
5.659781,1514,1448,1.4
5.660745,1514,1448,964.2
5.660746,1514,1448,1.7
5.661710,1514,1448,963.2
5.661711,1514,1448,1.7
5.662672,1514,1448,960.6
5.662673,1514,1448,1.7
5.663640,1514,1448,966.8
5.663642,1514,1448,1.7
5.664606,1514,1448,964.2
5.664608,1514,1448,2.4
5.665571,1514,1448,963.0
5.665573,1514,1448,1.4
5.666537,1514,1448,963.7
5.666538,1514,1448,1.4
5.667502,1514,1448,963.7
5.667503,1514,1448,1.4
5.668467,1514,1448,963.7
5.668468,1514,1448,1.4
5.669432,1514,1448,963.7
5.669434,1514,1448,1.7
5.670398,1514,1448,964.4
5.670400,1514,1448,1.7
5.671363,1514,1448,963.7
5.671365,1514,1448,1.7
5.672328,1514,1448,963.2
5.672330,1514,1448,1.4
5.673293,1514,1448,963.7
5.673295,1514,1448,1.7
5.674260,1514,1448,964.9
5.674262,1514,1448,2.4
5.675228,1514,1448,965.8
5.675232,1514,1448,3.6
5.676193,1514,1448,960.8
5.676196,1514,1448,3.1
5.677155,1514,1448,959.9
5.677157,1514,1448,1.7
5.678122,1514,1448,964.6
5.678124,1514,1448,2.1
5.679088,1514,1448,963.9
5.679091,1514,1448,2.9
5.680053,1514,1448,961.8
5.680055,1514,1448,2.9
5.681019,1514,1448,963.2
5.681022,1514,1448,3.3
5.681989,1514,1448,966.8
5.681994,1514,1448,5.7
5.682956,1514,1448,962.0
5.682963,1514,1448,6.7
5.683914,1514,1448,951.3
5.683918,1514,1448,3.3
5.684879,1514,1448,961.1
5.684880,1514,1448,1.7
5.685844,1514,1448,963.2
5.685846,1514,1448,2.1
5.686812,1514,1448,965.8
5.686816,1514,1448,4.8
5.687776,1514,1448,959.9
5.687780,1514,1448,4.1
5.688746,1514,1448,965.4
5.688751,1514,1448,5.7
5.689710,1514,1448,958.4
5.689715,1514,1448,5.2
5.690754,1514,1448,1038.6
5.690777,1514,1448,23.6
5.691663,1514,1448,885.2
5.691697,1514,1448,34.3
5.692600,1514,1448,902.7
5.692601,1514,1448,1.7
5.693566,1514,1448,964.4
5.693567,1514,1448,1.2
5.694531,1514,1448,964.4
5.694533,1514,1448,1.4
5.695496,1514,1448,963.7
5.695498,1514,1448,1.7
5.696462,1514,1448,963.7
5.696463,1514,1448,1.7
5.697427,1514,1448,963.4
5.697428,1514,1448,1.4
5.698392,1514,1448,964.2
5.698394,1514,1448,1.4
5.699358,1514,1448,964.4
5.699360,1514,1448,1.9
5.700322,1514,1448,961.8
5.700323,1514,1448,1.2
5.701287,1514,1448,963.9
5.701288,1514,1448,1.2
5.702254,1514,1448,965.8
5.702256,1514,1448,1.7
5.703219,1514,1448,963.2
5.703220,1514,1448,1.4
5.704184,1514,1448,963.9
5.704185,1514,1448,1.2
5.705149,1514,1448,963.7
5.705151,1514,1448,1.4
5.706114,1514,1448,963.4
5.706115,1514,1448,1.4
5.707080,1514,1448,964.6
5.707082,1514,1448,1.4
5.708045,1514,1448,963.7
5.708047,1514,1448,1.4
5.709012,1514,1448,964.9
5.709013,1514,1448,1.4
5.709976,1514,1448,962.7
5.709977,1514,1448,1.4
5.710942,1514,1448,964.6
5.710943,1514,1448,1.4
5.711907,1514,1448,963.9
5.711909,1514,1448,1.7
5.712872,1514,1448,963.0
5.712873,1514,1448,1.4
5.713837,1514,1448,963.9
5.713839,1514,1448,1.7
5.714803,1514,1448,963.9
5.714804,1514,1448,1.4
5.715768,1514,1448,963.9
5.715769,1514,1448,1.2
5.716733,1514,1448,964.2
5.716735,1514,1448,1.4
5.717698,1514,1448,963.4
5.717700,1514,1448,1.4
5.718664,1514,1448,964.2
5.718665,1514,1448,1.4
5.719630,1514,1448,964.2
5.719631,1514,1448,1.4
5.720595,1514,1448,963.7
5.720596,1514,1448,1.4
5.721560,1514,1448,964.2
5.721562,1514,1448,1.4
5.722525,1514,1448,963.7
5.722527,1514,1448,1.4
5.723491,1514,1448,963.9
5.723492,1514,1448,1.4
5.724456,1514,1448,963.7
5.724457,1514,1448,1.4
5.725421,1514,1448,964.2
5.725423,1514,1448,1.2
5.726386,1514,1448,963.7
5.726388,1514,1448,1.2
5.727352,1514,1448,964.4
5.727353,1514,1448,1.2
5.728317,1514,1448,964.2
5.728318,1514,1448,1.2
5.729283,1514,1448,964.2
5.729284,1514,1448,1.4
5.730248,1514,1448,963.9
5.730249,1514,1448,1.4
5.731214,1514,1448,964.2
5.731215,1514,1448,1.4
5.732179,1514,1448,963.9
5.732180,1514,1448,1.4
5.733144,1514,1448,963.9
5.733145,1514,1448,1.2
5.734111,1514,1448,965.6
5.734114,1514,1448,2.9
5.735075,1514,1448,961.3
5.735077,1514,1448,1.9
5.736039,1514,1448,962.0
5.736041,1514,1448,1.4
5.737004,1514,1448,963.7
5.737005,1514,1448,1.2
5.737973,1514,1448,967.3
5.737976,1514,1448,2.9
5.738937,1514,1448,961.3
5.738939,1514,1448,1.9
5.739902,1514,1448,962.7
5.739903,1514,1448,1.4
5.740867,1514,1448,963.7
5.740868,1514,1448,1.4
5.741832,1514,1448,964.4
5.741834,1514,1448,1.4
5.742798,1514,1448,963.7
5.742799,1514,1448,1.7
5.743763,1514,1448,963.4
5.743764,1514,1448,1.4
5.744728,1514,1448,963.7
5.744730,1514,1448,1.7
5.745693,1514,1448,963.7
5.745695,1514,1448,1.4
5.746659,1514,1448,964.4
5.746660,1514,1448,1.2
5.747624,1514,1448,963.7
5.747625,1514,1448,1.2
5.748590,1514,1448,964.4
5.748591,1514,1448,1.2
5.749555,1514,1448,963.9
5.749556,1514,1448,1.4
5.750520,1514,1448,963.4
5.750521,1514,1448,1.2
5.751485,1514,1448,964.2
5.751486,1514,1448,1.4
5.752451,1514,1448,964.9
5.752453,1514,1448,1.4
5.753416,1514,1448,963.0
5.753417,1514,1448,1.4
5.754381,1514,1448,964.2
5.754382,1514,1448,1.2
5.755348,1514,1448,965.4
5.755350,1514,1448,2.4
5.756313,1514,1448,963.0
5.756315,1514,1448,2.4
5.757277,1514,1448,961.5
5.757279,1514,1448,1.7
5.758243,1514,1448,963.9
5.758244,1514,1448,1.4
5.759208,1514,1448,963.9
5.759209,1514,1448,1.4
5.760173,1514,1448,963.4
5.760174,1514,1448,1.2
5.761139,1514,1448,964.6
5.761140,1514,1448,1.2
5.762104,1514,1448,964.4
5.762106,1514,1448,1.4
5.763070,1514,1448,964.4
5.763072,1514,1448,1.9
5.764035,1514,1448,963.2
5.764037,1514,1448,1.4
5.765000,1514,1448,963.7
5.765002,1514,1448,1.7
5.765966,1514,1448,963.7
5.765967,1514,1448,1.7
5.766933,1514,1448,965.6
5.766936,1514,1448,3.1
5.767898,1514,1448,961.5
5.767900,1514,1448,2.4
5.768862,1514,1448,962.0
5.768864,1514,1448,1.7
5.769827,1514,1448,963.4
5.769829,1514,1448,1.7
5.770793,1514,1448,964.2
5.770794,1514,1448,1.4
5.771757,1514,1448,963.0
5.771759,1514,1448,1.7
5.772724,1514,1448,964.6
5.772725,1514,1448,1.7
5.773689,1514,1448,963.9
5.773692,1514,1448,2.4
5.774654,1514,1448,962.0
5.774655,1514,1448,1.2
5.775618,1514,1448,963.2
5.775619,1514,1448,1.2
5.776586,1514,1448,966.3
5.776588,1514,1448,2.1
5.777551,1514,1448,963.7
5.777554,1514,1448,2.9
5.778517,1514,1448,962.3
5.778519,1514,1448,2.1
5.779482,1514,1448,963.2
5.779485,1514,1448,2.6
5.780446,1514,1448,961.1
5.780447,1514,1448,1.7
5.781411,1514,1448,963.4
5.781412,1514,1448,1.7
5.782376,1514,1448,963.9
5.782378,1514,1448,1.7
5.783342,1514,1448,963.9
5.783344,1514,1448,1.9
5.784307,1514,1448,963.0
5.784308,1514,1448,1.7
5.785273,1514,1448,964.2
5.785274,1514,1448,1.7
5.786238,1514,1448,963.4
5.786239,1514,1448,1.7
5.787203,1514,1448,963.7
5.787205,1514,1448,1.7
5.788169,1514,1448,963.9
5.788170,1514,1448,1.4
5.789136,1514,1448,965.8
5.789139,1514,1448,3.1
5.790100,1514,1448,961.1
5.790102,1514,1448,1.9
5.791064,1514,1448,962.3
5.791066,1514,1448,1.4
5.792030,1514,1448,964.2
5.792032,1514,1448,1.7
5.792996,1514,1448,964.2
5.792998,1514,1448,1.9
5.793961,1514,1448,963.0
5.793962,1514,1448,1.7
5.794926,1514,1448,963.4
5.794927,1514,1448,1.4
5.795891,1514,1448,963.7
5.795892,1514,1448,1.7
5.796857,1514,1448,964.6
5.796859,1514,1448,1.7
5.797822,1514,1448,963.2
5.797824,1514,1448,1.9
5.798787,1514,1448,963.2
5.798789,1514,1448,1.7
5.799754,1514,1448,964.9
5.799756,1514,1448,2.1
5.800720,1514,1448,964.4
5.800723,1514,1448,3.1
5.801682,1514,1448,959.2
5.801684,1514,1448,1.2
5.802649,1514,1448,965.8
5.802652,1514,1448,2.4
5.803615,1514,1448,962.7
5.803617,1514,1448,1.9
5.804579,1514,1448,962.5
5.804581,1514,1448,1.7
5.805544,1514,1448,963.7
5.805546,1514,1448,1.7
5.806509,1514,1448,963.4
5.806511,1514,1448,1.7
5.807476,1514,1448,964.6
5.807477,1514,1448,1.7
5.808441,1514,1448,963.2
5.808442,1514,1448,1.4
5.809406,1514,1448,963.4
5.809407,1514,1448,1.7
5.810371,1514,1448,963.7
5.810372,1514,1448,1.4
5.811337,1514,1448,964.2
5.811338,1514,1448,1.7
5.812305,1514,1448,966.5
5.812308,1514,1448,3.1
5.813269,1514,1448,961.3
5.813272,1514,1448,2.9
5.814233,1514,1448,960.8
5.814234,1514,1448,1.7
5.815197,1514,1448,963.0
5.815199,1514,1448,1.4
5.816163,1514,1448,963.7
5.816164,1514,1448,1.7
5.817128,1514,1448,963.9
5.817130,1514,1448,1.7
5.818094,1514,1448,964.2
5.818096,1514,1448,1.7
5.819059,1514,1448,963.4
5.819061,1514,1448,1.4
5.820024,1514,1448,963.9
5.820026,1514,1448,1.4
5.820990,1514,1448,963.7
5.820991,1514,1448,1.7
5.821955,1514,1448,963.4
5.821956,1514,1448,1.7
5.822924,1514,1448,968.0
5.822926,1514,1448,1.7
5.823887,1514,1448,960.8
5.823889,1514,1448,2.6
5.824852,1514,1448,963.0
5.824855,1514,1448,2.6
5.825815,1514,1448,960.4
5.825817,1514,1448,1.2
5.826782,1514,1448,965.1
5.826783,1514,1448,1.7
5.827747,1514,1448,963.4
5.827749,1514,1448,1.7
5.828712,1514,1448,963.4
5.828714,1514,1448,1.7
5.829673,1514,1448,959.4
5.829675,1514,1448,1.7
5.830643,1514,1448,968.0
5.830644,1514,1448,1.7
5.831608,1514,1448,963.7
5.831610,1514,1448,1.7
5.832574,1514,1448,964.2
5.832576,1514,1448,1.7
5.833540,1514,1448,964.2
5.833541,1514,1448,1.7
5.834504,1514,1448,963.0
5.834506,1514,1448,1.7
5.835470,1514,1448,963.7
5.835471,1514,1448,1.7
5.836435,1514,1448,963.7
5.836437,1514,1448,1.4
5.837400,1514,1448,963.7
5.837402,1514,1448,1.4
5.838366,1514,1448,964.2
5.838367,1514,1448,1.7
5.839331,1514,1448,963.4
5.839333,1514,1448,1.7
5.840297,1514,1448,963.9
5.840298,1514,1448,1.7
5.841261,1514,1448,963.2
5.841263,1514,1448,1.7
5.842227,1514,1448,963.7
5.842228,1514,1448,1.7
5.843192,1514,1448,963.9
5.843194,1514,1448,1.7
5.844158,1514,1448,964.2
5.844160,1514,1448,1.7
5.845123,1514,1448,963.2
5.845125,1514,1448,1.7
5.846088,1514,1448,963.2
5.846090,1514,1448,1.7
5.847053,1514,1448,963.7
5.847055,1514,1448,1.7
5.848020,1514,1448,965.1
5.848022,1514,1448,2.4
5.848984,1514,1448,961.1
5.848985,1514,1448,1.2
5.849949,1514,1448,964.6
5.849951,1514,1448,1.7
5.850915,1514,1448,963.7
5.850916,1514,1448,1.7
5.851881,1514,1448,964.2
5.851882,1514,1448,1.4
5.852846,1514,1448,963.9
5.852847,1514,1448,1.4
5.853811,1514,1448,963.9
5.853813,1514,1448,1.9
5.854776,1514,1448,963.0
5.854778,1514,1448,1.7
5.855742,1514,1448,963.7
5.855743,1514,1448,1.9
5.856706,1514,1448,963.0
5.856708,1514,1448,1.7
5.857673,1514,1448,964.9
5.857675,1514,1448,1.7
5.858639,1514,1448,963.9
5.858641,1514,1448,2.9
5.859603,1514,1448,962.0
5.859606,1514,1448,2.1
5.860568,1514,1448,962.3
5.860569,1514,1448,1.2
5.861534,1514,1448,964.6
5.861535,1514,1448,1.7
5.862499,1514,1448,964.2
5.862501,1514,1448,1.4
5.863464,1514,1448,963.2
5.863466,1514,1448,1.9
5.864430,1514,1448,964.4
5.864432,1514,1448,1.4
5.865395,1514,1448,963.4
5.865397,1514,1448,1.4
5.866360,1514,1448,963.4
5.866362,1514,1448,1.7
5.867326,1514,1448,963.7
5.867327,1514,1448,1.4
5.868291,1514,1448,963.7
5.868292,1514,1448,1.7
5.869256,1514,1448,963.7
5.869258,1514,1448,1.7
5.870221,1514,1448,963.4
5.870223,1514,1448,1.4
5.871188,1514,1448,965.4
5.871191,1514,1448,2.6
5.872153,1514,1448,962.0
5.872154,1514,1448,1.7
5.873117,1514,1448,963.2
5.873119,1514,1448,1.4
5.874084,1514,1448,964.9
5.874086,1514,1448,2.1
5.875047,1514,1448,961.3
5.875048,1514,1448,1.0
5.876014,1514,1448,965.6
5.876015,1514,1448,1.7
5.876979,1514,1448,963.7
5.876981,1514,1448,1.7
5.877944,1514,1448,963.2
5.877945,1514,1448,1.4
5.878910,1514,1448,964.2
5.878911,1514,1448,1.7
5.879875,1514,1448,963.9
5.879877,1514,1448,1.7
5.880842,1514,1448,965.4
5.880845,1514,1448,2.9
5.881806,1514,1448,961.1
5.881808,1514,1448,1.9
5.882771,1514,1448,963.2
5.882773,1514,1448,1.9
5.883737,1514,1448,963.7
5.883739,1514,1448,1.9
5.884702,1514,1448,963.0
5.884703,1514,1448,1.4
5.885667,1514,1448,964.2
5.885669,1514,1448,1.7
5.886632,1514,1448,963.2
5.886634,1514,1448,1.4
5.887597,1514,1448,963.7
5.887599,1514,1448,1.4
5.888563,1514,1448,964.4
5.888565,1514,1448,1.7
5.889528,1514,1448,963.4
5.889530,1514,1448,1.7
5.890494,1514,1448,963.9
5.890495,1514,1448,1.4
5.891459,1514,1448,964.2
5.891461,1514,1448,1.4
5.892427,1514,1448,966.1
5.892430,1514,1448,3.1
5.893392,1514,1448,961.5
5.893394,1514,1448,2.6
5.894356,1514,1448,961.8
5.894358,1514,1448,2.1
5.895320,1514,1448,962.0
5.895322,1514,1448,1.7
5.896286,1514,1448,963.9
5.896287,1514,1448,1.4
5.897251,1514,1448,963.7
5.897253,1514,1448,1.7
5.898216,1514,1448,963.4
5.898217,1514,1448,1.4
5.899181,1514,1448,963.9
5.899183,1514,1448,1.4
5.900147,1514,1448,964.2
5.900148,1514,1448,1.4
5.901113,1514,1448,964.6
5.901115,1514,1448,1.9
5.902077,1514,1448,962.0
5.902078,1514,1448,1.0
5.903042,1514,1448,963.9
5.903043,1514,1448,1.0
5.904011,1514,1448,968.2
5.904014,1514,1448,3.1
5.904975,1514,1448,960.8
5.904978,1514,1448,2.6
5.905940,1514,1448,962.3
5.905941,1514,1448,1.7
5.906905,1514,1448,963.2
5.906906,1514,1448,1.7
5.907873,1514,1448,966.3
5.907874,1514,1448,1.4
5.908835,1514,1448,960.8
5.908836,1514,1448,1.4
5.909800,1514,1448,963.9
5.909802,1514,1448,1.4
5.910765,1514,1448,963.7
5.910767,1514,1448,1.7
5.911731,1514,1448,963.7
5.911732,1514,1448,1.4
5.912696,1514,1448,964.2
5.912698,1514,1448,1.7
5.913662,1514,1448,963.7
5.913663,1514,1448,1.4
5.914628,1514,1448,964.4
5.914629,1514,1448,1.9
5.915595,1514,1448,965.6
5.915598,1514,1448,2.9
5.916559,1514,1448,961.3
5.916562,1514,1448,2.6
5.917523,1514,1448,961.1
5.917525,1514,1448,1.7
5.918488,1514,1448,963.4
5.918489,1514,1448,1.4
5.919454,1514,1448,964.4
5.919456,1514,1448,1.7
5.920419,1514,1448,963.4
5.920421,1514,1448,1.7
5.921384,1514,1448,963.7
5.921386,1514,1448,1.4
5.922349,1514,1448,963.7
5.922351,1514,1448,1.7
5.923314,1514,1448,963.2
5.923316,1514,1448,1.7
5.924280,1514,1448,964.4
5.924282,1514,1448,1.7
5.925246,1514,1448,963.9
5.925248,1514,1448,1.7
5.926212,1514,1448,964.6
5.926215,1514,1448,2.4
5.927178,1514,1448,963.2
5.927180,1514,1448,2.4
5.928144,1514,1448,963.9
5.928148,1514,1448,3.6
5.929106,1514,1448,958.2
5.929107,1514,1448,1.2
5.930072,1514,1448,965.1
5.930074,1514,1448,1.7
5.931037,1514,1448,963.4
5.931039,1514,1448,1.7
5.932003,1514,1448,963.7
5.932004,1514,1448,1.4
5.932968,1514,1448,963.9
5.932970,1514,1448,1.4
5.933933,1514,1448,963.9
5.933935,1514,1448,1.4
5.934899,1514,1448,964.4
5.934901,1514,1448,1.9
5.935864,1514,1448,963.0
5.935866,1514,1448,1.7
5.936829,1514,1448,963.4
5.936831,1514,1448,1.7
5.937796,1514,1448,965.1
5.937798,1514,1448,1.4
5.938762,1514,1448,964.4
5.938765,1514,1448,2.6
5.939728,1514,1448,963.2
5.939731,1514,1448,3.1
5.940690,1514,1448,959.4
5.940691,1514,1448,1.2
5.941656,1514,1448,964.4
5.941658,1514,1448,1.7
5.942621,1514,1448,963.9
5.942623,1514,1448,1.4
5.943587,1514,1448,963.7
5.943588,1514,1448,1.7
5.944553,1514,1448,965.1
5.944556,1514,1448,2.4
5.945518,1514,1448,961.8
5.945519,1514,1448,1.7
5.946483,1514,1448,963.4
5.946484,1514,1448,1.4
5.947448,1514,1448,963.7
5.947449,1514,1448,1.7
5.948414,1514,1448,964.2
5.948415,1514,1448,1.7
5.949379,1514,1448,963.9
5.949381,1514,1448,1.4
5.950346,1514,1448,965.4
5.950349,1514,1448,3.3
5.951310,1514,1448,961.1
5.951313,1514,1448,2.1
5.952277,1514,1448,964.6
5.952279,1514,1448,1.4
5.953240,1514,1448,961.8
5.953242,1514,1448,1.7
5.954206,1514,1448,963.4
5.954207,1514,1448,1.7
5.955171,1514,1448,964.2
5.955173,1514,1448,1.9
5.956136,1514,1448,963.2
5.956138,1514,1448,1.7
5.957102,1514,1448,963.4
5.957103,1514,1448,1.7
5.958067,1514,1448,963.4
5.958068,1514,1448,1.7
5.959033,1514,1448,964.2
5.959034,1514,1448,1.7
5.959998,1514,1448,963.9
5.960000,1514,1448,1.7
5.960963,1514,1448,963.2
5.960964,1514,1448,1.4
5.961929,1514,1448,964.4
5.961931,1514,1448,2.6
5.962893,1514,1448,961.5
5.962894,1514,1448,1.4
5.963858,1514,1448,963.4
5.963859,1514,1448,1.0
5.964825,1514,1448,966.1
5.964827,1514,1448,1.7
5.965791,1514,1448,963.9
5.965792,1514,1448,1.4
5.966755,1514,1448,962.7
5.966756,1514,1448,1.7
5.967721,1514,1448,964.2
5.967722,1514,1448,1.4
5.968686,1514,1448,963.7
5.968687,1514,1448,1.7
5.969651,1514,1448,963.4
5.969652,1514,1448,1.7
5.970616,1514,1448,963.4
5.970618,1514,1448,1.7
5.971582,1514,1448,964.6
5.971584,1514,1448,1.7
5.972548,1514,1448,963.7
5.972549,1514,1448,1.9
5.973513,1514,1448,963.9
5.973515,1514,1448,1.9
5.974477,1514,1448,962.0
5.974479,1514,1448,1.7
5.975444,1514,1448,964.6
5.975446,1514,1448,1.9
5.976408,1514,1448,962.7
5.976410,1514,1448,1.9
5.977373,1514,1448,962.7
5.977374,1514,1448,1.0
5.978338,1514,1448,964.6
5.978340,1514,1448,1.7
5.979304,1514,1448,963.7
5.979306,1514,1448,1.7
5.980269,1514,1448,963.7
5.980271,1514,1448,1.7
5.981234,1514,1448,963.4
5.981236,1514,1448,1.7
5.982200,1514,1448,964.4
5.982202,1514,1448,1.9
5.983164,1514,1448,962.0
5.983165,1514,1448,1.0
5.984131,1514,1448,965.6
5.984133,1514,1448,1.7
5.985097,1514,1448,964.6
5.985099,1514,1448,2.1
5.986062,1514,1448,962.3
5.986063,1514,1448,1.7
5.987027,1514,1448,963.4
5.987028,1514,1448,1.7
5.987992,1514,1448,963.7
5.987994,1514,1448,1.7
5.988957,1514,1448,963.7
5.988959,1514,1448,1.4
5.989923,1514,1448,964.2
5.989925,1514,1448,1.9
5.990889,1514,1448,963.7
5.990890,1514,1448,1.7
5.991854,1514,1448,963.4
5.991855,1514,1448,1.4
5.992819,1514,1448,963.7
5.992821,1514,1448,1.7
5.993784,1514,1448,963.7
5.993786,1514,1448,1.7
5.994749,1514,1448,963.4
5.994751,1514,1448,1.7
5.995715,1514,1448,964.2
5.995717,1514,1448,1.9
5.996674,1514,1448,957.0
5.996678,1514,1448,4.3
5.997644,1514,1448,966.1
5.997646,1514,1448,1.2
5.998611,1514,1448,965.4
5.998613,1514,1448,1.9
5.999576,1514,1448,963.4
5.999578,1514,1448,1.4
