t_s,ca_state,cwnd,ssthresh,rtt_ms,minrtt_ms,unacked,total_retrans,pacing_mbps,delivery_mbps,wmem_alloc,wmem_queued,sndbuf,notsent,bytes_acked
0.000,open,10,,0.037,0.037,0,0,24.0,0.0,0,0,87040,0,1
0.010,open,12,,1.851,0.023,4,0,24.0,28.476,7712,86848,104448,75296,31857
0.020,open,12,,1.98,0.023,4,0,24.0,22.916,7712,98432,104448,86880,60817
0.031,open,12,,2.015,0.023,4,0,24.0,22.939,7712,107120,104448,95568,89777
0.041,open,12,,2.024,0.023,4,0,24.0,22.848,7712,77200,104448,66608,118737
0.051,open,12,,2.027,0.023,4,0,24.0,22.923,7712,85888,104448,75296,147697
0.061,open,12,,2.028,0.023,4,0,24.0,22.939,7712,95536,104448,83984,176657
0.071,open,12,,2.027,0.023,4,0,24.0,22.992,7712,104224,104448,92672,205617
0.081,open,12,,2.026,0.023,4,0,24.0,22.954,7712,74304,104448,63712,234577
0.091,open,12,,2.027,0.023,4,0,24.0,22.946,7712,82992,104448,72400,263537
0.101,open,12,,2.041,0.023,4,0,24.0,22.871,7712,92640,104448,81088,292497
0.112,open,12,,2.033,0.023,4,0,24.0,22.878,7712,101328,104448,89776,321457
0.122,open,12,,2.028,0.023,4,0,24.0,22.916,7712,71408,104448,60816,350417
0.132,open,12,,2.025,0.023,4,0,24.0,22.954,7712,80096,104448,69504,379377
0.142,open,12,,2.028,0.023,4,0,24.0,22.901,7712,88784,104448,78192,408337
0.152,open,12,,2.026,0.023,4,0,24.0,22.893,7712,98432,104448,86880,437297
0.162,open,12,,2.027,0.023,4,0,24.0,22.939,7712,107120,104448,95568,466257
0.172,open,12,,2.028,0.023,4,0,24.0,22.916,7712,77200,104448,66608,495217
0.182,open,12,,2.025,0.023,4,0,24.0,22.916,7712,85888,104448,75296,524177
0.192,open,12,,2.026,0.023,4,0,24.0,22.939,7712,95536,104448,83984,553137
0.203,open,12,,2.029,0.023,4,0,24.0,22.871,7712,104224,104448,92672,582097
0.213,open,12,,2.027,0.023,4,0,24.0,22.969,7712,74304,104448,63712,611057
0.223,open,12,,2.026,0.023,4,0,24.0,22.803,7712,82992,104448,72400,640017
0.233,open,12,,2.026,0.023,4,0,24.0,22.961,7712,92640,104448,81088,668977
0.243,open,12,,2.027,0.023,4,0,24.0,22.893,7712,101328,104448,89776,697937
0.253,open,12,,2.027,0.023,4,0,24.0,22.856,7712,71408,104448,60816,726897
0.263,open,12,,2.026,0.023,4,0,24.0,22.946,7712,80096,104448,69504,755857
0.274,open,12,,2.025,0.023,4,0,24.0,22.961,8672,88784,104448,78192,784817
0.284,open,12,,2.026,0.023,4,0,24.0,22.946,7712,95536,104448,86880,813777
0.294,open,12,,2.026,0.023,4,0,24.0,22.954,7712,104224,104448,92672,845633
0.304,open,12,,2.026,0.023,4,0,24.0,22.969,7712,74304,104448,63712,874593
0.314,open,12,,2.026,0.023,4,0,24.0,22.946,7712,82992,104448,72400,903553
0.324,open,12,,2.026,0.023,4,0,24.0,22.931,7712,92640,104448,81088,932513
0.334,open,12,,2.027,0.023,4,0,24.0,22.908,7712,101328,104448,89776,961473
0.344,open,12,,2.03,0.023,4,0,24.0,22.788,7712,71408,104448,60816,990433
0.355,open,12,,2.047,0.023,4,0,24.0,22.464,7712,80096,104448,69504,1019393
0.365,open,12,,2.027,0.023,4,0,24.0,22.954,7712,88784,104448,78192,1048353
0.375,open,12,,2.024,0.023,4,0,24.0,22.954,7712,98432,104448,86880,1077313
0.385,open,12,,2.024,0.023,4,0,24.0,22.939,7712,107120,104448,95568,1106273
0.395,open,12,,2.025,0.023,4,0,24.0,22.939,7712,77200,104448,66608,1135233
0.405,open,12,,2.024,0.023,4,0,24.0,22.939,7712,85888,104448,75296,1164193
0.415,open,12,,2.024,0.023,4,0,24.0,22.916,7712,95536,104448,83984,1193153
0.426,open,12,,2.025,0.023,4,0,24.0,22.946,7712,104224,104448,92672,1222113
0.436,open,12,,2.025,0.023,4,0,24.0,22.969,7712,74304,104448,63712,1251073
0.446,open,12,,2.058,0.023,4,0,24.0,22.684,7712,82992,104448,72400,1280033
0.456,open,12,,2.04,0.023,4,0,24.0,22.931,7712,92640,104448,81088,1308993
0.466,open,12,,2.03,0.023,4,0,24.0,22.984,7712,101328,104448,89776,1337953
0.476,open,12,,2.027,0.023,4,0,24.0,22.954,7712,71408,104448,60816,1366913
0.486,open,12,,2.026,0.023,4,0,24.0,22.931,7712,80096,104448,69504,1395873
0.496,open,12,,2.026,0.023,4,0,24.0,22.931,7712,88784,104448,78192,1424833
0.506,open,12,,2.025,0.023,4,0,24.0,22.946,7712,98432,104448,86880,1453793
0.517,open,12,,2.026,0.023,4,0,24.0,22.954,7712,107120,104448,95568,1482753
0.527,open,12,,2.026,0.023,4,0,24.0,22.946,7712,77200,104448,66608,1511713
0.537,open,12,,2.026,0.023,4,0,24.0,22.931,7712,85888,104448,75296,1540673
0.547,open,12,,2.026,0.023,4,0,24.0,22.893,7712,95536,104448,83984,1569633
0.557,open,12,,2.026,0.023,4,0,24.0,22.916,7712,104224,104448,92672,1598593
0.567,open,12,,2.026,0.023,4,0,24.0,22.954,7712,74304,104448,63712,1627553
0.577,open,12,,2.026,0.023,4,0,24.0,22.931,7712,82992,104448,72400,1656513
0.587,open,12,,2.026,0.023,4,0,24.0,22.954,7712,92640,104448,81088,1685473
0.597,open,12,,2.027,0.023,4,0,24.0,22.969,7712,101328,104448,89776,1714433
0.608,open,12,,2.027,0.023,4,0,24.0,22.939,7712,71408,104448,60816,1743393
0.618,open,12,,2.031,0.023,4,0,24.0,22.954,7712,80096,104448,69504,1772353
0.628,open,12,,2.027,0.023,4,0,24.0,22.939,7712,85888,104448,75296,1804209
0.638,open,12,,2.025,0.023,4,0,24.0,22.946,7712,95536,104448,83984,1833169
0.648,open,12,,2.038,0.023,6,0,24.0,22.349,7712,104224,104448,92672,1859233
0.658,open,12,,2.056,0.023,4,0,24.0,22.954,7712,74304,104448,63712,1891089
0.668,open,12,,2.074,0.023,4,0,24.0,22.954,7712,82992,104448,72400,1920049
0.678,open,12,,2.058,0.023,6,0,24.0,22.954,7712,92640,104448,81088,1946113
0.689,open,12,,2.061,0.023,4,0,24.0,22.946,7712,101328,104448,89776,1977969
0.699,open,12,,2.056,0.023,4,0,24.0,22.946,7712,71408,104448,60816,2006929
0.709,open,12,,2.059,0.023,4,0,24.0,22.931,7712,80096,104448,69504,2035889
0.719,open,12,,2.066,0.023,4,0,24.0,22.954,7712,88784,104448,78192,2064849
0.729,open,12,,2.055,0.023,4,0,24.0,22.946,7712,98432,104448,86880,2093809
0.739,open,12,,2.034,0.023,4,0,24.0,22.939,7712,107120,104448,95568,2122769
0.749,open,12,,2.028,0.023,4,0,24.0,22.954,7712,77200,104448,66608,2151729
0.759,open,12,,2.042,0.023,4,0,24.0,22.946,7712,85888,104448,75296,2180689
0.769,open,12,,2.029,0.023,4,0,24.0,22.954,7712,95536,104448,83984,2209649
0.779,open,12,,2.029,0.023,4,0,24.0,22.954,7712,104224,104448,92672,2238609
0.790,open,12,,2.026,0.023,4,0,24.0,22.954,7712,74304,104448,63712,2267569
0.800,open,12,,2.026,0.023,4,0,24.0,22.977,7712,82992,104448,72400,2296529
0.810,open,12,,2.025,0.023,4,0,24.0,22.969,7712,92640,104448,81088,2325489
0.820,open,12,,2.026,0.023,4,0,24.0,22.946,7712,101328,104448,89776,2354449
0.830,open,12,,2.027,0.023,4,0,24.0,22.856,7712,71408,104448,60816,2383409
0.840,open,12,,2.027,0.023,4,0,24.0,22.946,7712,80096,104448,69504,2412369
0.850,open,12,,2.025,0.023,4,0,24.0,22.954,7712,88784,104448,78192,2441329
0.860,open,12,,2.025,0.023,4,0,24.0,22.954,7712,98432,104448,86880,2470289
0.870,open,12,,2.025,0.023,4,0,24.0,22.931,7712,107120,104448,95568,2499249
0.881,open,12,,2.025,0.023,4,0,24.0,22.954,7712,77200,104448,66608,2528209
0.891,open,12,,2.025,0.023,4,0,24.0,22.954,7712,85888,104448,75296,2557169
0.901,open,12,,2.027,0.023,4,0,24.0,22.878,7712,95536,104448,83984,2586129
0.911,open,12,,2.026,0.023,4,0,24.0,22.939,7712,104224,104448,92672,2615089
0.921,open,12,,2.026,0.023,4,0,24.0,22.886,7712,74304,104448,63712,2644049
0.931,open,12,,2.025,0.023,4,0,24.0,22.954,7712,82992,104448,72400,2673009
0.941,open,12,,2.025,0.023,4,0,24.0,22.946,7712,92640,104448,81088,2701969
0.951,open,12,,2.025,0.023,4,0,24.0,22.954,7712,101328,104448,89776,2730929
0.962,open,12,,2.026,0.023,4,0,24.0,22.954,7712,71408,104448,60816,2759889
0.972,open,12,,2.026,0.023,4,0,24.0,22.977,7712,80096,104448,69504,2788849
0.982,open,12,,2.028,0.023,4,0,24.0,22.901,7712,88784,104448,78192,2817809
0.992,open,12,,2.026,0.023,4,0,24.0,22.946,7712,98432,104448,86880,2846769
1.002,open,12,,2.026,0.023,4,0,24.0,22.901,7712,107120,104448,95568,2875729
1.012,open,12,,2.026,0.023,4,0,24.0,22.946,7712,77200,104448,66608,2904689
1.022,open,12,,2.025,0.023,4,0,24.0,22.954,7712,85888,104448,75296,2933649
1.032,open,12,,2.026,0.023,4,0,24.0,22.961,7712,95536,104448,83984,2962609
1.042,open,12,,2.025,0.023,4,0,24.0,22.946,7712,104224,104448,92672,2991569
1.053,open,12,,2.025,0.023,4,0,24.0,22.954,7712,74304,104448,63712,3020529
1.063,open,12,,2.025,0.023,4,0,24.0,22.961,7712,82992,104448,72400,3049489
1.073,open,12,,2.025,0.023,4,0,24.0,22.954,7712,92640,104448,81088,3078449
1.083,open,12,,2.025,0.023,4,0,24.0,22.893,7712,101328,104448,89776,3107409
1.093,open,12,,2.026,0.023,4,0,24.0,22.856,7712,71408,104448,60816,3136369
1.103,open,12,,2.026,0.023,4,0,24.0,22.901,7712,80096,104448,69504,3165329
1.113,open,12,,2.027,0.023,4,0,24.0,22.916,7712,88784,104448,78192,3194289
1.123,open,12,,2.025,0.023,4,0,24.0,22.931,7712,98432,104448,86880,3223249
1.133,open,12,,2.024,0.023,4,0,24.0,22.946,7712,107120,104448,95568,3252209
1.144,open,12,,2.025,0.023,4,0,24.0,22.954,7712,77200,104448,66608,3281169
1.154,open,12,,2.026,0.023,4,0,24.0,22.939,7712,85888,104448,75296,3310129
1.164,open,12,,2.025,0.023,4,0,24.0,22.946,7712,95536,104448,83984,3339089
1.174,open,12,,2.025,0.023,4,0,24.0,22.954,7712,104224,104448,92672,3368049
1.184,open,12,,2.025,0.023,4,0,24.0,22.946,7712,74304,104448,63712,3397009
1.194,open,12,,2.026,0.023,4,0,24.0,22.954,7712,80096,104448,69504,3428865
1.204,open,12,,2.026,0.023,4,0,24.0,22.961,7712,88784,104448,78192,3457825
1.214,open,12,,2.025,0.023,4,0,24.0,22.961,7712,98432,104448,86880,3486785
1.224,open,12,,2.026,0.023,4,0,24.0,22.977,7712,107120,104448,95568,3515745
1.235,open,12,,2.026,0.023,4,0,24.0,22.977,7712,77200,104448,66608,3544705
1.245,open,12,,2.026,0.023,4,0,24.0,22.954,7712,85888,104448,75296,3573665
1.255,open,12,,2.026,0.023,4,0,24.0,22.954,7712,95536,104448,83984,3602625
1.265,open,12,,2.026,0.023,4,0,24.0,22.946,7712,104224,104448,92672,3631585
1.275,open,12,,2.026,0.023,4,0,24.0,22.946,7712,74304,104448,63712,3660545
1.285,open,12,,2.026,0.023,4,0,24.0,22.939,7712,82992,104448,72400,3689505
1.295,open,12,,2.026,0.023,4,0,24.0,22.893,7712,92640,104448,81088,3718465
1.305,open,12,,2.025,0.023,4,0,24.0,22.946,7712,101328,104448,89776,3747425
1.315,open,12,,2.028,0.023,4,0,24.0,22.736,7712,71408,104448,60816,3776385
1.325,open,12,,2.024,0.023,4,0,24.0,22.961,7712,80096,104448,69504,3805345
1.336,open,12,,2.026,0.023,4,0,24.0,22.954,7712,88784,104448,78192,3834305
1.346,open,12,,2.033,0.023,4,0,24.0,22.871,7712,98432,104448,86880,3863265
1.356,open,12,,2.029,0.023,4,0,24.0,22.714,7712,107120,104448,95568,3892225
1.366,open,12,,2.025,0.023,4,0,24.0,22.954,7712,77200,104448,66608,3921185
1.376,open,12,,2.024,0.023,4,0,24.0,22.931,7712,85888,104448,75296,3950145
1.386,open,12,,2.025,0.023,4,0,24.0,22.931,7712,95536,104448,83984,3979105
1.396,open,12,,2.025,0.023,4,0,24.0,22.946,7712,104224,104448,92672,4008065
1.406,open,12,,2.025,0.023,4,0,24.0,22.923,7712,74304,104448,63712,4037025
1.416,open,12,,2.025,0.023,4,0,24.0,22.946,7712,82992,104448,72400,4065985
1.427,open,12,,2.024,0.023,4,0,24.0,22.954,7712,92640,104448,81088,4094945
1.437,open,12,,2.025,0.023,4,0,24.0,22.946,7712,101328,104448,89776,4123905
1.447,open,12,,2.024,0.023,4,0,24.0,22.961,7712,71408,104448,60816,4152865
1.457,open,12,,2.024,0.023,4,0,24.0,22.954,7712,80096,104448,69504,4181825
1.467,open,12,,2.024,0.023,4,0,24.0,22.946,7712,88784,104448,78192,4210785
1.477,open,12,,2.026,0.023,4,0,24.0,22.939,7712,98432,104448,86880,4239745
1.487,open,12,,2.027,0.023,4,0,24.0,22.886,7712,107120,104448,95568,4268705
1.497,open,12,,2.026,0.023,4,0,24.0,22.946,7712,77200,104448,66608,4297665
1.507,open,12,,2.025,0.023,4,0,24.0,22.954,7712,85888,104448,75296,4326625
1.518,open,12,,2.027,0.023,4,0,24.0,22.954,7712,95536,104448,83984,4355585
1.528,open,12,,2.025,0.023,4,0,24.0,22.954,7712,104224,104448,92672,4384545
1.538,open,12,,2.025,0.023,4,0,24.0,22.954,7712,74304,104448,63712,4413505
1.548,open,12,,2.026,0.023,4,0,24.0,22.961,7712,82992,104448,72400,4442465
1.558,open,12,,2.026,0.023,4,0,24.0,22.946,7712,92640,104448,81088,4471425
1.568,open,12,,2.026,0.023,4,0,24.0,22.908,7712,101328,104448,89776,4500385
1.578,open,12,,2.027,0.023,4,0,24.0,22.946,7712,71408,104448,60816,4529345
1.588,open,12,,2.025,0.023,4,0,24.0,22.961,7712,80096,104448,69504,4558305
1.598,open,12,,2.025,0.023,4,0,24.0,22.954,7712,88784,104448,78192,4587265
1.609,open,12,,2.027,0.023,4,0,24.0,22.826,7712,98432,104448,86880,4616225
1.619,open,12,,2.045,0.023,4,0,24.0,22.618,7712,107120,104448,95568,4645185
1.629,open,12,,2.05,0.023,4,0,24.0,22.863,7712,77200,104448,66608,4674145
1.639,open,12,,2.043,0.023,4,0,24.0,22.977,7712,85888,104448,75296,4703105
1.649,open,12,,2.03,0.023,4,0,24.0,22.954,7712,95536,104448,83984,4732065
1.659,open,12,,2.026,0.023,4,0,24.0,22.954,7712,104224,104448,92672,4761025
1.669,open,12,,2.026,0.023,4,0,24.0,22.954,7712,74304,104448,63712,4789985
1.679,open,12,,2.025,0.023,4,0,24.0,22.939,7712,82992,104448,72400,4818945
1.690,open,12,,2.025,0.023,4,0,24.0,22.946,7712,92640,104448,81088,4847905
1.700,open,12,,2.026,0.023,4,0,24.0,22.901,7712,101328,104448,89776,4876865
1.710,open,12,,2.025,0.023,4,0,24.0,22.954,7712,71408,104448,60816,4905825
1.720,open,12,,2.026,0.023,4,0,24.0,22.931,7712,80096,104448,69504,4934785
1.730,open,12,,2.028,0.023,4,0,24.0,22.878,7713,88784,104448,78192,4963745
1.740,open,12,,2.049,0.023,6,0,24.0,22.574,7712,95536,104448,83984,4992705
1.750,open,12,,2.045,0.023,4,0,24.0,22.946,7712,104224,104448,92672,5024561
1.760,open,12,,2.056,0.023,4,0,24.0,22.939,7712,74304,104448,63712,5053521
1.770,open,12,,2.056,0.023,4,0,24.0,22.954,7712,82992,104448,72400,5082481
1.781,open,12,,2.038,0.023,4,0,24.0,22.954,7712,92640,104448,81088,5111441
1.791,open,12,,2.027,0.023,4,0,24.0,22.954,7712,101328,104448,89776,5140401
1.801,open,12,,2.025,0.023,4,0,24.0,22.954,7712,71408,104448,60816,5169361
1.811,open,12,,2.024,0.023,4,0,24.0,22.946,7712,80096,104448,69504,5198321
1.821,open,12,,2.025,0.023,4,0,24.0,22.954,7712,88784,104448,78192,5227281
1.831,open,12,,2.027,0.023,4,0,24.0,22.848,7712,98432,104448,86880,5256241
1.841,open,12,,2.027,0.023,4,0,24.0,22.946,7712,107120,104448,95568,5285201
1.851,open,12,,2.027,0.023,4,0,24.0,22.916,7712,77200,104448,66608,5314161
1.862,open,12,,2.026,0.023,4,0,24.0,22.969,7712,85888,104448,75296,5343121
1.872,open,12,,2.026,0.023,4,0,24.0,22.946,7712,95536,104448,83984,5372081
1.882,open,12,,2.041,0.023,4,0,24.0,22.969,7712,104224,104448,92672,5401041
1.892,open,12,,2.035,0.023,4,0,24.0,22.954,7712,74304,104448,63712,5430001
1.902,open,12,,2.028,0.023,4,0,24.0,22.969,7712,82992,104448,72400,5458961
1.912,open,12,,2.028,0.023,4,0,24.0,22.946,7712,92640,104448,81088,5487921
1.922,open,12,,2.028,0.023,4,0,24.0,22.871,7712,101328,104448,89776,5516881
1.932,open,12,,2.027,0.023,4,0,24.0,22.939,7712,71408,104448,60816,5545841
1.942,open,12,,2.051,0.023,4,0,24.0,23.037,7712,80096,104448,69504,5574801
1.952,open,12,,2.032,0.023,4,0,24.0,22.939,7712,88784,104448,78192,5603761
1.963,open,12,,2.032,0.023,4,0,24.0,22.939,7712,98432,104448,86880,5632721
1.973,open,12,,2.031,0.023,4,0,24.0,22.871,7712,107120,104448,95568,5661681
1.983,open,12,,2.027,0.023,4,0,24.0,22.954,7712,77200,104448,66608,5690641
1.993,open,12,,2.027,0.023,4,0,24.0,22.946,7712,85888,104448,75296,5719601
2.003,open,12,,2.026,0.023,4,0,24.0,22.931,7712,95536,104448,83984,5748561
2.013,open,12,,2.029,0.023,4,0,24.0,22.841,7712,104224,104448,92672,5777521
2.023,open,12,,2.027,0.023,4,0,24.0,22.954,7712,74304,104448,63712,5806481
2.033,open,12,,2.028,0.023,4,0,24.0,22.961,7712,82992,104448,72400,5835441
2.043,open,12,,2.029,0.023,4,0,24.0,22.939,7712,92640,104448,81088,5864401
2.054,open,12,,2.029,0.023,4,0,24.0,22.916,7712,101328,104448,89776,5893361
2.064,open,12,,2.027,0.023,4,0,24.0,22.961,7712,71408,104448,60816,5922321
2.074,open,12,,2.026,0.023,4,0,24.0,22.931,7712,80096,104448,69504,5951281
2.084,open,12,,2.027,0.023,4,0,24.0,22.939,7712,88784,104448,78192,5980241
2.094,open,12,,2.026,0.023,4,0,24.0,22.954,7712,98432,104448,86880,6009201
2.104,open,12,,2.027,0.023,4,0,24.0,22.954,7712,107120,104448,95568,6038161
2.114,open,12,,2.027,0.023,4,0,24.0,22.939,7712,77200,104448,66608,6067121
2.124,open,12,,2.028,0.023,4,0,24.0,22.901,7712,85888,104448,75296,6096081
2.135,open,12,,2.026,0.023,4,0,24.0,22.946,7712,95536,104448,83984,6125041
2.145,open,12,,2.026,0.023,4,0,24.0,22.931,7712,104224,104448,92672,6154001
2.155,open,12,,2.026,0.023,4,0,24.0,22.916,7712,74304,104448,63712,6182961
2.165,open,12,,2.026,0.023,4,0,24.0,22.923,7712,82992,104448,72400,6211921
2.175,open,12,,2.026,0.023,4,0,24.0,22.954,7712,92640,104448,81088,6240881
2.185,open,12,,2.026,0.023,4,0,24.0,22.923,7712,101328,104448,89776,6269841
2.195,open,12,,2.026,0.023,4,0,24.0,22.939,7712,71408,104448,60816,6298801
2.205,open,12,,2.027,0.023,4,0,24.0,22.901,7712,80096,104448,69504,6327761
2.216,open,12,,2.026,0.023,4,0,24.0,22.969,7712,89744,104448,78192,6356721
2.226,open,12,,2.026,0.023,4,0,24.0,22.961,7712,95536,104448,83984,6388577
2.236,open,12,,2.026,0.023,4,0,24.0,22.954,7712,104224,104448,92672,6417537
2.246,open,12,,2.027,0.023,4,0,24.0,22.946,7712,74304,104448,63712,6446497
2.256,open,12,,2.028,0.023,4,0,24.0,22.961,7712,82992,104448,72400,6475457
2.266,open,12,,2.028,0.023,4,0,24.0,22.923,7712,92640,104448,81088,6504417
2.276,open,12,,2.027,0.023,4,0,24.0,22.893,7712,101328,104448,89776,6533377
2.286,open,12,,2.026,0.023,4,0,24.0,22.954,7712,71408,104448,60816,6562337
2.296,open,12,,2.026,0.023,4,0,24.0,22.946,7712,80096,104448,69504,6591297
2.306,open,12,,2.025,0.023,4,0,24.0,22.939,7712,88784,104448,78192,6620257
2.317,open,12,,2.026,0.023,4,0,24.0,22.954,7712,98432,104448,86880,6649217
2.327,open,12,,2.025,0.023,4,0,24.0,22.954,7712,107120,104448,95568,6678177
2.337,open,12,,2.025,0.023,4,0,24.0,22.954,7712,77200,104448,66608,6707137
2.347,open,12,,2.028,0.023,4,0,24.0,22.871,7712,85888,104448,75296,6736097
2.357,open,12,,2.027,0.023,4,0,24.0,22.618,7712,95536,104448,83984,6765057
2.367,open,12,,2.025,0.023,4,0,24.0,22.961,7712,104224,104448,92672,6794017
2.377,open,12,,2.019,0.023,4,0,24.0,21.392,7712,74304,104448,63712,6822977
2.388,open,12,,2.024,0.023,4,0,24.0,22.954,7712,82992,104448,72400,6851937
2.398,open,12,,2.024,0.023,4,0,24.0,22.954,7712,92640,104448,81088,6880897
2.408,open,12,,2.024,0.023,4,0,24.0,22.969,7712,101328,104448,89776,6909857
2.418,open,12,,2.025,0.023,4,0,24.0,22.939,7712,71408,104448,60816,6938817
2.428,open,12,,2.025,0.023,4,0,24.0,22.946,7712,80096,104448,69504,6967777
2.438,open,12,,2.026,0.023,4,0,24.0,22.931,7712,88784,104448,78192,6996737
2.448,open,12,,2.026,0.023,4,0,24.0,22.961,7712,98432,104448,86880,7025697
2.458,open,12,,2.025,0.023,4,0,24.0,22.946,7712,107120,104448,95568,7054657
2.468,open,12,,2.026,0.023,4,0,24.0,22.946,7712,77200,104448,66608,7083617
2.478,open,12,,2.025,0.023,4,0,24.0,22.939,7712,85888,104448,75296,7112577
2.489,open,12,,2.025,0.023,4,0,24.0,22.893,7712,95536,104448,83984,7141537
2.499,open,12,,2.025,0.023,4,0,24.0,22.946,7712,104224,104448,92672,7170497
2.509,open,12,,2.025,0.023,4,0,24.0,22.923,7712,74304,104448,63712,7199457
2.519,open,12,,2.025,0.023,4,0,24.0,22.931,7712,82992,104448,72400,7228417
2.529,open,12,,2.025,0.023,4,0,24.0,22.916,7712,92640,104448,81088,7257377
2.539,open,12,,2.025,0.023,4,0,24.0,22.923,7712,101328,104448,89776,7286337
2.549,open,12,,2.025,0.023,4,0,24.0,22.893,7712,71408,104448,60816,7315297
2.559,open,12,,2.024,0.023,4,0,24.0,22.954,7712,80096,104448,69504,7344257
2.569,open,12,,2.025,0.023,4,0,24.0,22.954,7712,88784,104448,78192,7373217
2.580,open,12,,2.029,0.023,4,0,24.0,22.999,7712,98432,104448,86880,7402177
2.590,open,12,,2.03,0.023,4,0,24.0,22.46,7712,107120,104448,95568,7431137
2.600,open,12,,2.027,0.023,4,0,24.0,22.931,7712,77200,104448,66608,7460097
2.610,open,12,,2.027,0.023,4,0,24.0,22.954,7712,85888,104448,75296,7489057
2.620,open,12,,2.025,0.023,4,0,24.0,22.954,7712,95536,104448,83984,7518017
2.630,open,12,,2.027,0.023,4,0,24.0,22.856,7712,104224,104448,92672,7546977
2.640,open,12,,2.027,0.023,4,0,24.0,22.931,7712,74304,104448,63712,7575937
2.650,open,12,,2.027,0.023,4,0,24.0,22.856,7712,82992,104448,72400,7604897
2.660,open,12,,2.043,0.023,4,0,24.0,22.625,7712,92640,104448,81088,7633857
2.671,open,12,,2.038,0.023,4,0,24.0,22.954,7712,101328,104448,89776,7662817
2.681,open,12,,2.028,0.023,4,0,24.0,22.939,7712,71408,104448,60816,7691777
2.691,open,12,,2.025,0.023,4,0,24.0,22.946,7712,80096,104448,69504,7720737
2.701,open,12,,2.025,0.023,4,0,24.0,22.954,7712,88784,104448,78192,7749697
2.711,open,12,,2.025,0.023,4,0,24.0,22.946,7712,98432,104448,86880,7778657
2.721,open,12,,2.025,0.023,4,0,24.0,22.946,7712,107120,104448,95568,7807617
2.731,open,12,,2.026,0.023,4,0,24.0,22.871,7712,77200,104448,66608,7836577
2.741,open,12,,2.024,0.023,4,0,24.0,22.999,7712,85888,104448,75296,7865537
2.751,open,12,,2.025,0.023,4,0,24.0,22.961,7712,95536,104448,83984,7894497
2.761,open,12,,2.03,0.023,4,0,24.0,22.758,7712,104224,104448,92672,7923457
2.772,open,12,,2.048,0.023,4,0,24.0,22.954,7712,74304,104448,63712,7952417
2.782,open,12,,2.034,0.023,4,0,24.0,22.916,7712,82992,104448,72400,7981377
2.792,open,12,,2.029,0.023,4,0,24.0,22.871,7712,92640,104448,81088,8010337
2.802,open,12,,2.028,0.023,4,0,24.0,22.939,7712,101328,104448,89776,8039297
2.812,open,12,,2.045,0.023,4,0,24.0,22.954,7712,71408,104448,60816,8068257
2.822,open,12,,2.043,0.023,4,0,24.0,22.954,7712,80096,104448,69504,8097217
2.832,open,12,,2.033,0.023,4,0,24.0,22.758,7712,88784,104448,78192,8126177
2.842,open,12,,2.027,0.023,4,0,24.0,22.939,7712,98432,104448,86880,8155137
2.852,open,12,,2.026,0.023,4,0,24.0,22.954,7712,107120,104448,95568,8184097
2.862,open,12,,2.025,0.023,4,0,24.0,22.908,7712,77200,104448,66608,8213057
2.872,open,12,,2.025,0.023,4,0,24.0,22.901,7712,85888,104448,75296,8242017
2.883,open,12,,2.025,0.023,4,0,24.0,22.946,7712,95536,104448,83984,8270977
2.893,open,12,,2.025,0.023,4,0,24.0,22.946,7712,104224,104448,92672,8299937
2.903,open,12,,2.025,0.023,4,0,24.0,22.961,7712,74304,104448,63712,8328897
2.913,open,12,,2.025,0.023,4,0,24.0,22.954,7712,82992,104448,72400,8357857
2.923,open,12,,2.041,0.023,4,0,24.0,22.743,7712,92640,104448,81088,8386817
2.933,open,12,,2.03,0.023,4,0,24.0,22.946,7712,101328,104448,89776,8415777
2.943,open,12,,2.026,0.023,4,0,24.0,22.954,7712,71408,104448,60816,8444737
2.953,open,12,,2.026,0.023,4,0,24.0,22.954,7712,80096,104448,69504,8473697
2.963,open,12,,2.051,0.023,4,0,24.0,23.199,7712,88784,104448,78192,8502657
2.973,open,12,,2.032,0.023,4,0,24.0,22.954,7712,98432,104448,86880,8531617
2.983,open,12,,2.026,0.023,4,0,24.0,22.954,7712,107120,104448,95568,8560577
2.993,open,12,,2.025,0.023,4,0,24.0,22.923,7712,77200,104448,66608,8589537
3.004,open,12,,2.024,0.023,4,0,24.0,22.954,7712,85888,104448,75296,8618497
3.014,open,12,,2.025,0.023,4,0,24.0,22.961,7712,95536,104448,83984,8647457
3.024,open,12,,2.024,0.023,4,0,24.0,22.954,7712,104224,104448,92672,8676417
3.034,open,12,,2.024,0.023,4,0,24.0,22.954,7712,74304,104448,63712,8705377
3.044,open,12,,2.025,0.023,4,0,24.0,22.954,7712,82992,104448,72400,8734337
3.054,open,12,,2.025,0.023,4,0,24.0,22.954,7712,92640,104448,81088,8763297
3.064,open,12,,2.026,0.023,4,0,24.0,22.977,7712,101328,104448,89776,8792257
3.074,open,12,,2.027,0.023,4,0,24.0,22.954,7712,71408,104448,60816,8821217
3.084,open,12,,2.025,0.023,4,0,24.0,22.954,7712,80096,104448,69504,8850177
3.094,open,12,,2.024,0.023,4,0,24.0,22.954,7712,88784,104448,78192,8879137
3.104,open,12,,2.024,0.023,4,0,24.0,22.954,7712,98432,104448,86880,8908097
3.114,open,12,,2.024,0.023,4,0,24.0,22.946,7712,107120,104448,95568,8937057
3.124,open,12,,2.024,0.023,4,0,24.0,22.946,7712,77200,104448,66608,8966017
3.134,open,12,,2.025,0.023,4,0,24.0,22.992,7712,85888,104448,75296,8994977
3.145,open,12,,2.024,0.023,4,0,24.0,22.954,7712,95536,104448,83984,9023937
3.155,open,12,,2.025,0.023,4,0,24.0,22.954,7712,104224,104448,92672,9052897
3.165,open,12,,2.025,0.023,4,0,24.0,22.946,7712,74304,104448,63712,9081857
3.175,open,12,,2.025,0.023,4,0,24.0,22.954,7712,82992,104448,72400,9110817
3.185,open,12,,2.025,0.023,4,0,24.0,22.977,7712,92640,104448,81088,9139777
3.195,open,12,,2.025,0.023,4,0,24.0,22.961,7712,101328,104448,89776,9168737
3.205,open,12,,2.025,0.023,4,0,24.0,22.954,7712,71408,104448,60816,9197697
3.215,open,12,,2.025,0.023,4,0,24.0,22.946,7712,80096,104448,69504,9226657
3.225,open,12,,2.025,0.023,4,0,24.0,22.946,7712,88784,104448,78192,9255617
3.235,open,12,,2.025,0.023,4,0,24.0,22.954,7712,98432,104448,86880,9284577
3.245,open,12,,2.025,0.023,4,0,24.0,22.886,7712,107120,104448,95568,9313537
3.255,open,12,,2.025,0.023,4,0,24.0,22.946,7712,77200,104448,66608,9342497
3.265,open,12,,2.025,0.023,4,0,24.0,22.961,7712,85888,104448,75296,9371457
3.275,open,12,,2.025,0.023,4,0,24.0,22.954,7712,95536,104448,83984,9400417
3.285,open,12,,2.024,0.023,4,0,24.0,22.923,7712,104224,104448,92672,9429377
3.296,open,12,,2.025,0.023,4,0,24.0,22.954,7712,74304,104448,63712,9458337
3.306,open,12,,2.025,0.023,4,0,24.0,22.954,7712,82992,104448,72400,9487297
3.316,open,12,,2.025,0.023,4,0,24.0,22.954,7712,92640,104448,81088,9516257
3.326,open,12,,2.025,0.023,4,0,24.0,22.946,7712,101328,104448,89776,9545217
3.336,open,12,,2.025,0.023,4,0,24.0,22.946,7712,71408,104448,60816,9574177
3.346,open,12,,2.029,0.023,4,0,24.0,22.878,7712,80096,104448,69504,9603137
3.356,open,12,,2.028,0.023,4,0,24.0,22.691,7712,88784,104448,78192,9632097
3.366,open,12,,2.027,0.023,4,0,24.0,22.954,7712,98432,104448,86880,9661057
3.376,open,12,,2.026,0.023,4,0,24.0,22.931,7712,107120,104448,95568,9690017
3.387,open,12,,2.024,0.023,4,0,24.0,22.946,7712,77200,104448,66608,9718977
3.397,open,12,,2.025,0.023,4,0,24.0,22.946,7712,85888,104448,75296,9747937
3.407,open,12,,2.025,0.023,4,0,24.0,22.946,7712,95536,104448,83984,9776897
3.417,open,12,,2.024,0.023,4,0,24.0,22.954,7712,104224,104448,92672,9805857
3.427,open,12,,2.027,0.023,4,0,24.0,22.796,7712,74304,104448,63712,9834817
3.437,open,12,,2.052,0.023,4,0,24.0,22.796,7712,82992,104448,72400,9863777
3.447,open,12,,2.035,0.023,4,0,24.0,22.954,7712,92640,104448,81088,9892737
3.457,open,12,,2.033,0.023,4,0,24.0,22.788,7712,101328,104448,89776,9921697
3.467,open,12,,2.063,0.023,4,0,24.0,22.632,7712,71408,104448,60816,9950657
3.478,open,12,,2.068,0.023,4,0,24.0,22.931,7712,80096,104448,69504,9979617
3.488,open,12,,2.062,0.023,4,0,24.0,22.954,7712,88784,104448,78192,10008577
3.498,open,12,,2.053,0.023,4,0,24.0,22.946,7712,98432,104448,86880,10037537
3.508,open,12,,2.048,0.023,4,0,24.0,22.961,7712,107120,104448,95568,10066497
3.518,open,12,,2.057,0.023,4,0,24.0,22.954,7712,77200,104448,66608,10095457
3.528,open,12,,2.042,0.023,4,0,24.0,22.954,7712,85888,104448,75296,10124417
3.538,open,12,,2.03,0.023,4,0,24.0,22.954,7712,95536,104448,83984,10153377
3.548,open,12,,2.026,0.023,4,0,24.0,22.946,7712,104224,104448,92672,10182337
3.558,open,12,,2.025,0.023,4,0,24.0,22.954,7712,74304,104448,63712,10211297
3.569,open,12,,2.026,0.023,4,0,24.0,22.946,7712,82992,104448,72400,10240257
3.579,open,12,,2.025,0.023,4,0,24.0,22.961,7712,92640,104448,81088,10269217
3.589,open,12,,2.025,0.023,4,0,24.0,22.946,7712,101328,104448,89776,10298177
3.599,open,12,,2.026,0.023,4,0,24.0,22.954,7712,71408,104448,60816,10327137
3.609,open,12,,2.026,0.023,4,0,24.0,22.946,7712,80096,104448,69504,10356097
3.619,open,12,,2.025,0.023,4,0,24.0,22.954,7712,88784,104448,78192,10385057
3.629,open,12,,2.024,0.023,4,0,24.0,22.954,7712,98432,104448,86880,10414017
3.639,open,12,,2.025,0.023,4,0,24.0,22.946,7712,107120,104448,95568,10442977
3.649,open,12,,2.025,0.023,4,0,24.0,22.954,7712,77200,104448,66608,10471937
3.659,open,12,,2.025,0.023,4,0,24.0,22.954,7712,85888,104448,75296,10500897
3.669,open,12,,2.025,0.023,4,0,24.0,22.961,7712,95536,104448,83984,10529857
3.679,open,12,,2.049,0.023,4,0,24.0,22.954,7712,104224,104448,92672,10558817
3.689,open,12,,2.034,0.023,4,0,24.0,22.954,7712,74304,104448,63712,10587777
3.699,open,12,,2.027,0.023,4,0,24.0,22.814,7712,82992,104448,72400,10616737
3.710,open,12,,2.025,0.023,4,0,24.0,22.954,7712,92640,104448,81088,10645697
3.720,open,12,,2.025,0.023,4,0,24.0,22.946,7712,101328,104448,89776,10674657
3.730,open,12,,2.025,0.023,4,0,24.0,22.954,7712,71408,104448,60816,10703617
3.740,open,12,,2.025,0.023,4,0,24.0,22.954,7712,80096,104448,69504,10732577
3.750,open,12,,2.025,0.023,4,0,24.0,22.954,7712,88784,104448,78192,10761537
3.760,open,12,,2.025,0.023,4,0,24.0,22.954,7712,98432,104448,86880,10790497
3.770,open,12,,2.025,0.023,4,0,24.0,22.954,7712,107120,104448,95568,10819457
3.780,open,12,,2.026,0.023,4,0,24.0,22.886,7713,80096,104448,69504,10845521
3.790,open,12,,2.039,0.023,4,0,24.0,22.954,7712,88784,104448,78192,10874481
3.800,open,12,,2.06,0.023,4,0,24.0,22.946,7712,98432,104448,86880,10903441
3.810,open,12,,2.049,0.023,4,0,24.0,22.931,7712,107120,104448,95568,10932401
3.820,open,12,,2.031,0.023,4,0,24.0,22.939,7712,77200,104448,66608,10961361
3.830,open,12,,2.027,0.023,4,0,24.0,22.923,7712,85888,104448,75296,10990321
3.840,open,12,,2.026,0.023,4,0,24.0,22.923,7712,95536,104448,83984,11019281
3.850,open,12,,2.025,0.023,4,0,24.0,22.931,7712,104224,104448,92672,11048241
3.861,open,12,,2.025,0.023,4,0,24.0,22.931,7712,74304,104448,63712,11077201
3.871,open,12,,2.025,0.023,4,0,24.0,22.954,7712,82992,104448,72400,11106161
3.881,open,12,,2.025,0.023,4,0,24.0,22.931,7712,92640,104448,81088,11135121
3.891,open,12,,2.024,0.023,4,0,24.0,22.946,7712,101328,104448,89776,11164081
3.901,open,12,,2.051,0.023,4,0,24.0,22.954,7712,71408,104448,60816,11193041
3.911,open,12,,2.073,0.023,4,0,24.0,22.954,7712,80096,104448,69504,11222001
3.921,open,12,,2.04,0.023,4,0,24.0,22.931,7712,88784,104448,78192,11250961
3.931,open,12,,2.031,0.023,4,0,24.0,22.931,7712,98432,104448,86880,11279921
3.941,open,12,,2.055,0.023,4,0,24.0,22.931,7712,107120,104448,95568,11308881
3.951,open,12,,2.035,0.023,4,0,24.0,22.939,7712,77200,104448,66608,11337841
3.961,open,12,,2.029,0.023,4,0,24.0,22.931,7712,85888,104448,75296,11366801
3.972,open,12,,2.027,0.023,4,0,24.0,22.908,7712,95536,104448,83984,11395761
3.982,open,12,,2.026,0.023,4,0,24.0,22.939,7712,104224,104448,92672,11424721
3.992,open,12,,2.027,0.023,4,0,24.0,22.946,7712,74304,104448,63712,11453681
4.002,open,12,,2.027,0.023,4,0,24.0,22.946,7712,82992,104448,72400,11482641
4.012,open,12,,2.027,0.023,4,0,24.0,22.931,7712,92640,104448,81088,11511601
4.022,open,12,,2.028,0.023,4,0,24.0,22.923,7712,101328,104448,89776,11540561
4.032,open,12,,2.029,0.023,4,0,24.0,22.893,7712,71408,104448,60816,11569521
4.042,open,12,,2.03,0.023,4,0,24.0,22.908,7712,80096,104448,69504,11598481
4.052,open,12,,2.029,0.023,4,0,24.0,22.946,7712,88784,104448,78192,11627441
4.063,open,12,,2.027,0.023,4,0,24.0,22.946,7712,98432,104448,86880,11656401
4.073,open,12,,2.027,0.023,4,0,24.0,22.863,7712,107120,104448,95568,11685361
4.083,open,12,,2.026,0.023,4,0,24.0,22.992,7712,74304,104448,66608,11714321
4.093,open,12,,2.041,0.023,4,0,24.0,22.931,7712,82992,104448,72400,11746177
4.103,open,12,,2.032,0.023,4,0,24.0,22.901,3857,95536,104448,83984,11772241
4.113,open,12,,2.027,0.023,4,0,24.0,22.931,7712,101328,104448,89776,11804097
4.123,open,12,,2.025,0.023,4,0,24.0,22.939,7712,71408,104448,60816,11833057
4.133,open,12,,2.026,0.023,4,0,24.0,22.977,7712,80096,104448,69504,11862017
4.143,open,12,,2.025,0.023,4,0,24.0,22.916,7712,88784,104448,78192,11890977
4.153,open,12,,2.024,0.023,4,0,24.0,22.946,3856,101328,104448,89776,11917041
4.164,open,12,,2.027,0.023,4,0,24.0,22.916,3857,71408,104448,60816,11946001
4.174,open,12,,2.025,0.023,4,0,24.0,22.923,7712,80096,104448,69504,11974961
4.184,open,12,,2.026,0.023,4,0,24.0,22.946,7712,88784,104448,78192,12003921
4.194,open,12,,2.031,0.023,4,0,24.0,22.841,8672,98432,104448,86880,12032881
4.204,open,12,,2.047,0.023,4,0,24.0,22.848,7712,108080,104448,95568,12061841
4.214,open,12,,2.034,0.023,4,0,24.0,22.893,7712,74304,104448,63712,12093697
4.224,open,12,,2.028,0.023,4,0,24.0,22.961,7712,82992,104448,72400,12122657
4.234,open,12,,2.026,0.023,4,0,24.0,22.954,7712,92640,104448,81088,12151617
4.244,open,12,,2.027,0.023,4,0,24.0,22.923,7712,101328,104448,89776,12180577
4.254,open,12,,2.026,0.023,4,0,24.0,22.931,7712,71408,104448,60816,12209537
4.264,open,12,,2.027,0.023,4,0,24.0,22.931,7712,80096,104448,69504,12238497
4.275,open,12,,2.026,0.023,4,0,24.0,22.908,7712,88784,104448,78192,12267457
4.285,open,12,,2.026,0.023,4,0,24.0,22.961,7712,97472,104448,89776,12293521
4.295,open,12,,2.025,0.023,4,0,24.0,22.931,7712,68512,104448,57920,12325377
4.305,open,12,,2.024,0.023,4,0,24.0,22.961,7712,77200,104448,69504,12351441
4.315,open,12,,2.025,0.023,4,0,24.0,22.961,7712,85888,104448,78192,12380401
4.325,open,12,,2.027,0.023,4,0,24.0,22.923,7712,98432,104448,86880,12409361
4.335,open,12,,2.025,0.023,4,0,24.0,22.946,7712,107120,104448,95568,12438321
4.345,open,12,,2.028,0.023,4,0,24.0,22.848,7712,78160,104448,66608,12467281
4.355,open,12,,2.035,0.023,4,0,24.0,22.803,7712,82992,104448,72400,12499137
4.365,open,12,,2.027,0.023,4,0,24.0,22.706,7712,92640,104448,81088,12528097
4.376,open,12,,2.027,0.023,4,0,24.0,22.954,7712,101328,104448,89776,12557057
4.386,open,12,,2.025,0.023,4,0,24.0,22.931,7712,71408,104448,60816,12586017
4.396,open,12,,2.024,0.023,4,0,24.0,22.954,7712,80096,104448,69504,12614977
4.406,open,12,,2.025,0.023,4,0,24.0,22.954,7712,88784,104448,78192,12643937
4.416,open,12,,2.024,0.023,4,0,24.0,22.803,3857,101328,104448,89776,12670001
4.426,open,12,,2.024,0.023,4,0,24.0,22.946,7712,71408,104448,60816,12698961
4.436,open,12,,2.025,0.023,4,0,24.0,22.946,7712,80096,104448,69504,12727921
4.446,open,12,,2.024,0.023,4,0,24.0,22.969,7712,88784,104448,78192,12756881
4.456,open,12,,2.025,0.023,4,0,24.0,22.954,7712,98432,104448,86880,12785841
4.466,open,12,,2.026,0.023,4,0,24.0,22.954,7712,107120,104448,95568,12814801
4.476,open,12,,2.026,0.023,4,0,24.0,22.954,7712,77200,104448,66608,12843761
4.486,open,12,,2.026,0.023,4,0,24.0,22.946,7712,85888,104448,75296,12872721
4.497,open,12,,2.026,0.023,4,0,24.0,22.954,7712,95536,104448,83984,12901681
4.507,open,12,,2.026,0.023,4,0,24.0,22.901,7712,104224,104448,92672,12930641
4.517,open,12,,2.026,0.023,4,0,24.0,22.954,7712,74304,104448,63712,12959601
4.527,open,12,,2.026,0.023,4,0,24.0,22.916,7712,82992,104448,72400,12988561
4.537,open,12,,2.026,0.023,4,0,24.0,22.931,7712,92640,104448,81088,13017521
4.547,open,12,,2.026,0.023,4,0,24.0,22.908,7712,101328,104448,89776,13046481
4.557,open,12,,2.024,0.023,4,0,24.0,22.954,7712,71408,104448,60816,13075441
4.567,open,12,,2.026,0.023,4,0,24.0,22.954,7712,80096,104448,69504,13104401
4.577,open,12,,2.027,0.023,4,0,24.0,22.931,7712,88784,104448,78192,13133361
4.587,open,12,,2.028,0.023,4,0,24.0,22.946,7712,98432,104448,86880,13162321
4.597,open,12,,2.046,0.023,4,0,24.0,22.946,7712,107120,104448,95568,13191281
4.607,open,12,,2.033,0.023,4,0,24.0,22.946,7712,77200,104448,66608,13220241
4.617,open,12,,2.035,0.023,4,0,24.0,22.954,7712,85888,104448,75296,13249201
4.628,open,12,,2.025,0.023,4,0,24.0,22.954,7712,95536,104448,83984,13278161
4.638,open,12,,2.025,0.023,4,0,24.0,22.908,7712,104224,104448,92672,13307121
4.648,open,12,,2.032,0.023,4,0,24.0,22.811,7712,74304,104448,63712,13336081
4.658,open,12,,2.031,0.023,4,0,24.0,22.961,7712,82992,104448,72400,13365041
4.668,open,12,,2.027,0.023,4,0,24.0,22.954,7712,92640,104448,81088,13394001
4.678,open,12,,2.025,0.023,4,0,24.0,22.954,7712,101328,104448,89776,13422961
4.688,open,12,,2.025,0.023,4,0,24.0,22.954,7712,71408,104448,60816,13451921
4.698,open,12,,2.025,0.023,4,0,24.0,22.954,7712,80096,104448,69504,13480881
4.708,open,12,,2.025,0.023,4,0,24.0,22.954,7712,88784,104448,78192,13509841
4.718,open,12,,2.025,0.023,4,0,24.0,22.946,7712,98432,104448,86880,13538801
4.728,open,12,,2.025,0.023,4,0,24.0,22.954,7712,107120,104448,95568,13567761
4.738,open,12,,2.025,0.023,4,0,24.0,22.954,7712,77200,104448,66608,13596721
4.749,open,12,,2.025,0.023,4,0,24.0,22.954,7712,85888,104448,75296,13625681
4.759,open,12,,2.025,0.023,4,0,24.0,22.946,7712,95536,104448,83984,13654641
4.769,open,12,,2.025,0.023,4,0,24.0,22.954,7712,104224,104448,92672,13683601
4.779,open,12,,2.025,0.023,4,0,24.0,22.954,7712,74304,104448,63712,13712561
4.789,open,12,,2.025,0.023,4,0,24.0,22.946,7712,82992,104448,72400,13741521
4.799,open,12,,2.025,0.023,4,0,24.0,22.954,7712,92640,104448,81088,13770481
4.809,open,12,,2.025,0.023,4,0,24.0,22.969,7712,101328,104448,89776,13799441
4.819,open,12,,2.027,0.023,4,0,24.0,22.916,7712,71408,104448,60816,13828401
4.829,open,12,,2.028,0.023,4,0,24.0,22.908,7712,80096,104448,69504,13857361
4.839,open,12,,2.027,0.023,4,0,24.0,22.939,7712,88784,104448,78192,13886321
4.849,open,12,,2.026,0.023,4,0,24.0,22.954,7712,98432,104448,86880,13915281
4.859,open,12,,2.026,0.023,4,0,24.0,22.908,7712,107120,104448,95568,13944241
4.869,open,12,,2.025,0.023,4,0,24.0,22.939,7712,77200,104448,66608,13973201
4.880,open,12,,2.024,0.023,4,0,24.0,22.916,7712,85888,104448,75296,14002161
4.890,open,12,,2.025,0.023,4,0,24.0,22.939,7712,95536,104448,83984,14031121
4.900,open,12,,2.025,0.023,4,0,24.0,22.946,7712,104224,104448,92672,14060081
4.910,open,12,,2.025,0.023,4,0,24.0,22.931,7712,74304,104448,63712,14089041
4.920,open,12,,2.025,0.023,4,0,24.0,22.939,7712,82992,104448,72400,14118001
4.930,open,12,,2.024,0.023,4,0,24.0,22.954,7712,92640,104448,81088,14146961
4.940,open,12,,2.025,0.023,4,0,24.0,22.954,7712,101328,104448,89776,14175921
4.950,open,12,,2.025,0.023,4,0,24.0,22.954,7712,71408,104448,60816,14204881
4.960,open,12,,2.027,0.023,4,0,24.0,22.908,7712,80096,104448,69504,14233841
4.970,open,12,,2.026,0.023,4,0,24.0,22.908,7712,88784,104448,78192,14262801
4.980,open,12,,2.026,0.023,4,0,24.0,22.939,7712,98432,104448,86880,14291761
4.990,open,12,,2.027,0.023,4,0,24.0,22.939,7712,107120,104448,95568,14320721
5.000,open,12,,2.027,0.023,4,0,24.0,22.893,7712,77200,104448,66608,14349681
5.010,open,12,,2.026,0.023,4,0,24.0,22.954,7712,85888,104448,75296,14378641
5.021,open,12,,2.027,0.023,4,0,24.0,22.954,7712,95536,104448,83984,14407601
5.031,open,12,,2.026,0.023,4,0,24.0,22.946,7712,104224,104448,92672,14436561
5.041,open,12,,2.025,0.023,4,0,24.0,22.946,7712,74304,104448,63712,14465521
5.051,open,12,,2.025,0.023,4,0,24.0,22.946,7712,82992,104448,72400,14494481
5.061,open,12,,2.026,0.023,4,0,24.0,22.946,7712,92640,104448,81088,14523441
5.071,open,12,,2.025,0.023,4,0,24.0,22.954,7712,101328,104448,89776,14552401
5.081,open,12,,2.025,0.023,4,0,24.0,22.946,7712,71408,104448,63712,14578465
5.091,open,12,,2.025,0.023,4,0,24.0,22.954,8672,82992,104448,72400,14607425
5.101,open,12,,2.025,0.023,4,0,24.0,22.559,7712,88784,104448,81088,14636385
5.111,open,12,,2.025,0.023,4,0,24.0,22.954,7712,98432,104448,86880,14668241
5.121,open,12,,2.024,0.023,4,0,24.0,22.908,7712,107120,104448,95568,14697201
5.132,open,12,,2.024,0.023,4,0,24.0,22.916,7712,77200,104448,66608,14726161
5.142,open,12,,2.029,0.023,6,0,24.0,22.714,7712,85888,104448,75296,14752225
5.152,open,12,,2.035,0.023,4,0,24.0,22.856,7712,95536,104448,83984,14784081
5.162,open,12,,2.039,0.023,4,0,24.0,23.015,7712,104224,104448,92672,14813041
5.172,open,12,,2.029,0.023,4,0,24.0,22.931,7712,74304,104448,63712,14842001
5.182,open,12,,2.025,0.023,4,0,24.0,22.954,7712,82992,104448,72400,14870961
5.192,open,12,,2.024,0.023,4,0,24.0,22.939,7712,92640,104448,81088,14899921
5.202,open,12,,2.024,0.023,4,0,24.0,22.961,7712,101328,104448,89776,14928881
5.212,open,12,,2.024,0.023,4,0,24.0,22.954,7712,71408,104448,60816,14957841
5.222,open,12,,2.025,0.023,4,0,24.0,22.954,7712,80096,104448,69504,14986801
5.232,open,12,,2.025,0.023,4,0,24.0,22.931,7712,88784,104448,78192,15015761
5.243,open,12,,2.025,0.023,4,0,24.0,22.946,7712,98432,104448,86880,15044721
5.253,open,12,,2.026,0.023,4,0,24.0,22.939,7712,70896,104448,59344,15073681
5.263,open,12,,2.025,0.023,4,0,24.0,22.946,7712,77200,104448,66608,15102641
5.273,open,12,,2.025,0.023,4,0,24.0,22.946,7712,85888,104448,75296,15131601
5.283,open,12,,2.026,0.023,4,0,24.0,22.901,7712,95536,104448,83984,15160561
5.293,open,12,,2.027,0.023,4,0,24.0,22.931,7712,104224,104448,92672,15189521
5.303,open,12,,2.06,0.023,6,0,24.0,22.654,7712,78160,104448,63712,15215585
5.313,open,12,,2.037,0.023,4,0,24.0,22.946,7712,82992,104448,75296,15244545
5.323,open,12,,2.028,0.023,4,0,24.0,22.954,7712,92640,104448,83984,15273505
5.333,open,12,,2.026,0.023,4,0,24.0,22.939,7712,104224,104448,92672,15302465
5.343,open,12,,2.025,0.023,4,0,24.0,22.946,7712,74304,104448,63712,15331425
5.354,open,12,,2.037,0.023,4,0,24.0,22.574,7712,82992,104448,72400,15360385
5.364,open,12,,2.029,0.023,4,0,24.0,22.954,7712,88784,104448,78192,15392241
5.374,open,12,,2.026,0.023,4,0,24.0,22.961,7712,98432,104448,86880,15421201
5.384,open,12,,2.025,0.023,4,0,24.0,22.939,7712,107120,104448,95568,15450161
5.394,open,12,,2.025,0.023,4,0,24.0,22.946,7712,77200,104448,66608,15479121
5.404,open,12,,2.024,0.023,4,0,24.0,22.939,7712,85888,104448,75296,15508081
5.414,open,12,,2.024,0.023,4,0,24.0,22.923,7712,95536,104448,83984,15537041
5.424,open,12,,2.024,0.023,4,0,24.0,22.939,7712,104224,104448,92672,15566001
5.434,open,12,,2.025,0.023,4,0,24.0,22.939,7712,74304,104448,66608,15592065
5.444,open,12,,2.025,0.023,4,0,24.0,22.939,7712,82992,104448,75296,15621025
5.454,open,12,,2.025,0.023,4,0,24.0,22.946,7712,92640,104448,83984,15649985
5.465,open,12,,2.024,0.023,4,0,24.0,22.954,7712,101328,104448,92672,15678945
5.475,open,12,,2.024,0.023,4,0,24.0,22.946,7712,74304,104448,63712,15707905
5.485,open,12,,2.026,0.023,4,0,24.0,22.878,7712,82992,104448,72400,15736865
5.495,open,12,,2.026,0.023,4,0,24.0,22.961,7712,92640,104448,81088,15765825
5.505,open,12,,2.025,0.023,4,0,24.0,22.954,7712,101328,104448,89776,15794785
5.515,open,12,,2.026,0.023,4,0,24.0,22.893,7712,71408,104448,60816,15823745
5.525,open,12,,2.025,0.023,4,0,24.0,22.954,7712,80096,104448,69504,15852705
5.535,open,12,,2.024,0.023,4,0,24.0,22.961,7712,88784,104448,78192,15881665
5.545,open,12,,2.025,0.023,4,0,24.0,22.954,7712,98432,104448,86880,15910625
5.555,open,12,,2.025,0.023,4,0,24.0,22.923,7712,107120,104448,95568,15939585
5.565,open,12,,2.025,0.023,4,0,24.0,22.954,7712,77200,104448,66608,15968545
5.575,open,12,,2.026,0.023,4,0,24.0,22.886,7712,85888,104448,75296,15997505
5.585,open,12,,2.027,0.023,4,0,24.0,22.878,7712,95536,104448,83984,16026465
5.595,open,12,,2.026,0.023,4,0,24.0,22.931,7712,104224,104448,92672,16055425
5.605,open,12,,2.031,0.023,4,0,24.0,22.706,7712,74304,104448,63712,16084385
5.616,open,12,,2.027,0.023,4,0,24.0,22.954,7712,82992,104448,72400,16113345
5.626,open,12,,2.025,0.023,4,0,24.0,22.954,7712,92640,104448,81088,16142305
5.636,open,12,,2.026,0.023,4,0,24.0,22.954,7712,101328,104448,89776,16171265
5.646,open,12,,2.026,0.023,4,0,24.0,22.916,7712,71408,104448,60816,16200225
5.656,open,12,,2.026,0.023,4,0,24.0,22.961,7712,80096,104448,69504,16229185
5.666,open,12,,2.032,0.023,4,0,24.0,22.984,7712,88784,104448,78192,16258145
5.676,open,12,,2.027,0.023,4,0,24.0,22.893,7712,98432,104448,86880,16287105
5.686,open,12,,2.028,0.023,4,0,24.0,22.841,7712,107120,104448,95568,16316065
5.696,open,12,,2.027,0.023,4,0,24.0,22.901,7712,77200,104448,66608,16345025
5.706,open,12,,2.053,0.023,4,0,24.0,22.961,7712,85888,104448,75296,16373985
5.716,open,12,,2.032,0.023,4,0,24.0,22.954,7712,95536,104448,83984,16402945
5.726,open,12,,2.027,0.023,4,0,24.0,22.946,7712,104224,104448,92672,16431905
5.736,open,12,,2.026,0.023,4,0,24.0,22.954,7712,74304,104448,63712,16460865
5.746,open,12,,2.026,0.023,4,0,24.0,22.946,7712,82992,104448,72400,16489825
5.757,open,12,,2.025,0.023,4,0,24.0,22.961,7712,92640,104448,81088,16518785
5.767,open,12,,2.026,0.023,4,0,24.0,22.946,7712,101328,104448,89776,16547745
5.777,open,12,,2.025,0.023,4,0,24.0,22.954,7712,71408,104448,60816,16576705
5.787,open,12,,2.027,0.023,4,0,24.0,22.954,7712,80096,104448,69504,16605665
5.797,open,12,,2.026,0.023,4,0,24.0,22.946,7712,88784,104448,78192,16634625
5.807,open,12,,2.026,0.023,4,0,24.0,22.939,7712,98432,104448,86880,16663585
5.817,open,12,,2.025,0.023,4,0,24.0,22.961,7712,107120,104448,95568,16692545
5.827,open,12,,2.025,0.023,4,0,24.0,22.954,7712,77200,104448,66608,16721505
5.837,open,12,,2.025,0.023,4,0,24.0,22.923,7712,85888,104448,75296,16750465
5.847,open,12,,2.025,0.023,4,0,24.0,22.946,7712,95536,104448,83984,16779425
5.857,open,12,,2.026,0.023,4,0,24.0,22.893,7712,104224,104448,92672,16808385
5.867,open,12,,2.025,0.023,4,0,24.0,22.954,7712,74304,104448,63712,16837345
5.877,open,12,,2.026,0.023,4,0,24.0,22.954,7712,82992,104448,72400,16866305
5.888,open,12,,2.026,0.023,4,0,24.0,22.923,7712,92640,104448,81088,16895265
5.898,open,12,,2.027,0.023,4,0,24.0,22.954,7712,101328,104448,89776,16924225
5.908,open,12,,2.026,0.023,6,0,24.0,22.923,7712,71408,104448,60816,16950289
5.918,open,12,,2.027,0.023,6,0,24.0,22.931,7712,80096,104448,69504,16979249
5.928,open,12,,2.027,0.023,4,0,24.0,22.954,7712,92640,104448,81088,17008209
5.938,open,12,,2.032,0.023,4,0,24.0,22.923,7712,102288,104448,89776,17037169
5.948,open,12,,2.026,0.023,4,0,24.0,22.908,7712,71408,104448,60816,17066129
5.958,open,12,,2.027,0.023,4,0,24.0,22.939,7712,80096,104448,69504,17095089
5.968,open,12,,2.028,0.023,4,0,24.0,22.848,7712,88784,104448,78192,17124049
5.978,open,12,,2.079,0.023,4,0,24.0,22.886,7712,98432,104448,86880,17153009
5.988,open,12,,2.042,0.023,4,0,24.0,22.939,7712,107120,104448,95568,17181969
5.998,open,12,,2.035,0.023,4,0,24.0,22.721,7712,77200,104448,66608,17210929
6.009,open,12,,2.048,0.023,4,0,24.0,22.939,7712,85888,104448,75296,17239889
6.019,open,12,,2.04,0.023,4,0,24.0,22.901,7712,95536,104448,83984,17268849
6.029,open,12,,2.031,0.023,4,0,24.0,22.969,7712,104224,104448,92672,17297809
6.039,open,12,,2.028,0.023,4,0,24.0,22.961,7712,74304,104448,63712,17326769
6.049,open,12,,2.028,0.023,4,0,24.0,22.939,7712,82992,104448,72400,17355729
6.059,open,12,,2.027,0.023,4,0,24.0,22.931,7712,92640,104448,81088,17384689
6.069,open,12,,2.026,0.023,4,0,24.0,22.939,7712,101328,104448,89776,17413649
6.079,open,12,,2.025,0.023,4,0,24.0,22.954,7712,71408,104448,60816,17442609
6.089,open,12,,2.026,0.023,4,0,24.0,22.946,7712,80096,104448,69504,17471569
6.099,open,12,,2.026,0.023,4,0,24.0,22.939,7712,88784,104448,78192,17500529
6.109,open,12,,2.027,0.023,4,0,24.0,22.954,7712,98432,104448,86880,17529489
6.120,open,12,,2.028,0.023,4,0,24.0,22.954,7712,107120,104448,95568,17558449
6.130,open,12,,2.027,0.023,4,0,24.0,22.923,7712,77200,104448,66608,17587409
6.140,open,12,,2.027,0.023,4,0,24.0,22.961,7712,85888,104448,75296,17616369
6.150,open,12,,2.026,0.023,4,0,24.0,22.923,7712,95536,104448,83984,17645329
6.160,open,12,,2.026,0.023,4,0,24.0,22.946,7712,104224,104448,92672,17674289
6.170,open,12,,2.025,0.023,4,0,24.0,22.954,7712,74304,104448,63712,17703249
6.180,open,12,,2.027,0.023,4,0,24.0,22.878,7712,82992,104448,72400,17732209
6.190,open,12,,2.028,0.023,4,0,24.0,22.871,7712,92640,104448,81088,17761169
6.200,open,12,,2.027,0.023,4,0,24.0,22.961,7712,101328,104448,89776,17790129
6.210,open,12,,2.027,0.023,4,0,24.0,22.954,7712,71408,104448,60816,17819089
6.221,open,12,,2.028,0.023,4,0,24.0,22.856,6265,80096,104448,69504,17848049
6.231,open,12,,2.026,0.023,4,0,24.0,22.961,7712,85888,104448,75296,17879905
6.241,open,12,,2.026,0.023,4,0,24.0,22.931,7712,95536,104448,83984,17908865
6.251,open,12,,2.026,0.023,4,0,24.0,22.961,7712,104224,104448,92672,17937825
6.261,open,12,,2.026,0.023,4,0,24.0,22.946,7712,74304,104448,63712,17966785
6.271,open,12,,2.026,0.023,4,0,24.0,23.007,7712,82992,104448,72400,17995745
6.281,open,12,,2.025,0.023,4,0,24.0,22.954,7712,92640,104448,81088,18024705
6.291,open,12,,2.025,0.023,4,0,24.0,22.923,7712,101328,104448,89776,18053665
6.301,open,12,,2.024,0.023,4,0,24.0,22.954,7712,71408,104448,63712,18079729
6.311,open,12,,2.025,0.023,4,0,24.0,22.954,7712,80096,104448,72400,18108689
6.321,open,12,,2.025,0.023,4,0,24.0,22.954,7712,92640,104448,81088,18137649
6.332,open,12,,2.025,0.023,4,0,24.0,22.939,7712,101328,104448,89776,18166609
6.342,open,12,,2.025,0.023,4,0,24.0,22.954,7712,71408,104448,60816,18195569
6.352,open,12,,2.027,0.023,4,0,24.0,22.999,7712,77200,104448,69504,18224529
6.362,open,12,,2.028,0.023,4,0,24.0,22.878,7712,85888,104448,75296,18256385
6.372,open,12,,2.026,0.023,4,0,24.0,22.939,7712,95536,104448,83984,18285345
6.382,open,12,,2.041,0.023,4,0,24.0,22.931,3856,107120,104448,95568,18311409
6.392,open,12,,2.053,0.023,4,0,24.0,22.954,3856,77200,104448,66608,18340369
6.402,open,12,,2.032,0.023,4,0,24.0,22.954,3856,85888,104448,75296,18369329
6.412,open,12,,2.054,0.023,4,0,24.0,22.946,7712,95536,104448,83984,18398289
6.422,open,12,,2.048,0.023,4,0,24.0,22.946,7712,104224,104448,92672,18427249
6.432,open,12,,2.031,0.023,4,0,24.0,22.946,7712,74304,104448,63712,18456209
6.443,open,12,,2.027,0.023,4,0,24.0,22.961,7712,82992,104448,72400,18485169
6.453,open,12,,2.02,0.023,4,0,24.0,22.893,7712,92640,104448,81088,18514129
6.463,open,12,,2.024,0.023,4,0,24.0,22.946,7712,101328,104448,89776,18543089
6.473,open,12,,2.024,0.023,4,0,24.0,22.954,7712,71408,104448,60816,18572049
6.483,open,12,,2.025,0.023,4,0,24.0,22.923,7712,80096,104448,69504,18601009
6.493,open,12,,2.027,0.023,4,0,24.0,22.961,7712,88784,104448,78192,18629969
6.503,open,12,,2.026,0.023,4,0,24.0,22.931,7712,98432,104448,86880,18658929
6.513,open,12,,2.025,0.023,4,0,24.0,22.954,7712,107120,104448,95568,18687889
6.523,open,12,,2.026,0.023,4,0,24.0,22.954,7712,77200,104448,66608,18716849
6.533,open,12,,2.026,0.023,4,0,24.0,22.954,7712,85888,104448,75296,18745809
6.543,open,12,,2.025,0.023,4,0,24.0,22.946,7712,95536,104448,83984,18774769
6.553,open,12,,2.026,0.023,4,0,24.0,22.954,7712,104224,104448,92672,18803729
6.563,open,12,,2.025,0.023,4,0,24.0,22.946,7712,74304,104448,63712,18832689
6.573,open,12,,2.026,0.023,4,0,24.0,22.954,7712,82992,104448,72400,18861649
6.584,open,12,,2.025,0.023,4,0,24.0,22.961,7712,92640,104448,81088,18890609
6.594,open,12,,2.027,0.023,4,0,24.0,22.954,7712,101328,104448,89776,18919569
6.604,open,12,,2.026,0.023,4,0,24.0,22.893,7712,71408,104448,60816,18948529
6.614,open,12,,2.027,0.023,4,0,24.0,22.939,7712,80096,104448,69504,18977489
6.624,open,12,,2.026,0.023,4,0,24.0,22.901,7712,88784,104448,78192,19006449
6.634,open,12,,2.026,0.023,4,0,24.0,22.946,7712,98432,104448,86880,19035409
6.644,open,12,,2.027,0.023,4,0,24.0,22.954,7712,107120,104448,95568,19064369
6.654,open,12,,2.026,0.023,4,0,24.0,22.931,7712,77200,104448,66608,19093329
6.664,open,12,,2.025,0.023,4,0,24.0,22.961,7712,85888,104448,75296,19122289
6.674,open,12,,2.025,0.023,4,0,24.0,22.954,7712,95536,104448,83984,19151249
6.684,open,12,,2.025,0.023,4,0,24.0,22.954,7712,104224,104448,92672,19180209
6.694,open,12,,2.026,0.023,4,0,24.0,22.954,7712,74304,104448,63712,19209169
6.705,open,12,,2.025,0.023,4,0,24.0,22.916,7712,82992,104448,72400,19238129
6.715,open,12,,2.025,0.023,4,0,24.0,22.954,7712,92640,104448,81088,19267089
6.725,open,12,,2.025,0.023,4,0,24.0,22.961,7712,101328,104448,89776,19296049
6.735,open,12,,2.025,0.023,4,0,24.0,22.954,7712,71408,104448,60816,19325009
6.745,open,12,,2.026,0.023,4,0,24.0,22.954,7712,80096,104448,69504,19353969
6.755,open,12,,2.025,0.023,4,0,24.0,22.977,7712,88784,104448,78192,19382929
6.765,open,12,,2.025,0.023,4,0,24.0,22.969,7712,98432,104448,86880,19411889
6.775,open,12,,2.026,0.023,4,0,24.0,22.878,7712,107120,104448,95568,19440849
6.785,open,12,,2.026,0.023,4,0,24.0,22.908,7712,77200,104448,66608,19469809
6.795,open,12,,2.025,0.023,4,0,24.0,22.946,7712,85888,104448,75296,19498769
6.805,open,12,,2.025,0.023,4,0,24.0,22.954,7712,95536,104448,83984,19527729
6.816,open,12,,2.026,0.023,4,0,24.0,22.931,7712,104224,104448,92672,19556689
6.826,open,12,,2.026,0.023,4,0,24.0,22.939,7712,74304,104448,63712,19585649
6.836,open,12,,2.022,0.023,4,0,24.0,22.992,7712,82992,104448,72400,19614609
6.846,open,12,,2.025,0.023,4,0,24.0,22.946,7712,92640,104448,81088,19643569
6.856,open,12,,2.024,0.023,4,0,24.0,22.946,7712,101328,104448,89776,19672529
6.866,open,12,,2.024,0.023,4,0,24.0,22.939,7712,71408,104448,60816,19701489
6.876,open,12,,2.024,0.023,4,0,24.0,22.954,7712,80096,104448,69504,19730449
6.886,open,12,,2.024,0.023,4,0,24.0,22.923,7712,88784,104448,78192,19759409
6.896,open,12,,2.025,0.023,4,0,24.0,22.954,7712,98432,104448,86880,19788369
6.906,open,12,,2.024,0.023,4,0,24.0,22.939,7712,107120,104448,95568,19817329
6.916,open,12,,2.025,0.023,4,0,24.0,22.946,7712,77200,104448,66608,19846289
6.926,open,12,,2.025,0.023,4,0,24.0,22.954,7712,85888,104448,75296,19875249
6.936,open,12,,2.025,0.023,4,0,24.0,22.961,7712,95536,104448,83984,19904209
6.946,open,12,,2.025,0.023,4,0,24.0,22.908,7712,104224,104448,92672,19933169
6.957,open,12,,2.025,0.023,4,0,24.0,22.939,7712,74304,104448,63712,19962129
6.967,open,12,,2.028,0.023,4,0,24.0,22.743,7712,82992,104448,72400,19991089
6.977,open,12,,2.059,0.023,4,0,24.0,22.954,7712,92640,104448,81088,20020049
6.987,open,12,,2.064,0.023,6,0,24.0,22.435,7712,105184,104448,89776,20046113
6.997,open,12,,2.058,0.023,4,0,24.0,22.946,7712,71408,104448,60816,20077969
7.007,open,12,,2.073,0.023,4,0,24.0,22.946,7712,80096,104448,69504,20106929
7.017,open,12,,2.05,0.023,4,0,24.0,22.493,7712,88784,104448,78192,20135889
7.027,open,12,,2.034,0.023,4,0,24.0,22.856,7712,101328,104448,89776,20161953
7.037,open,12,,2.027,0.023,4,0,24.0,22.939,7712,71408,104448,60816,20190913
7.047,open,12,,2.027,0.023,4,0,24.0,22.931,7712,81056,104448,69504,20219873
7.057,open,12,,2.046,0.023,4,0,24.0,22.508,7712,85888,104448,75296,20251729
7.068,open,12,,2.026,0.023,4,0,24.0,22.961,7712,95536,104448,83984,20280689
7.078,open,12,,2.025,0.023,4,0,24.0,22.954,7712,104224,104448,92672,20309649
7.088,open,12,,2.024,0.023,4,0,24.0,22.954,7712,74304,104448,63712,20338609
7.098,open,12,,2.025,0.023,4,0,24.0,22.946,7712,82992,104448,72400,20367569
7.108,open,12,,2.024,0.023,4,0,24.0,22.954,7712,92640,104448,81088,20396529
7.118,open,12,,2.025,0.023,4,0,24.0,22.954,7712,101328,104448,89776,20425489
7.128,open,12,,2.024,0.023,4,0,24.0,22.954,7712,71408,104448,60816,20454449
7.138,open,12,,2.025,0.023,4,0,24.0,22.931,7712,80096,104448,69504,20483409
7.148,open,12,,2.025,0.023,4,0,24.0,22.961,7712,88784,104448,78192,20512369
7.158,open,12,,2.025,0.023,4,0,24.0,22.954,7712,98432,104448,86880,20541329
7.168,open,12,,2.025,0.023,4,0,24.0,22.954,7712,107120,104448,95568,20570289
7.179,open,12,,2.025,0.023,4,0,24.0,22.954,7712,77200,104448,66608,20599249
7.189,open,12,,2.025,0.023,4,0,24.0,22.961,7712,85888,104448,75296,20628209
7.199,open,12,,2.026,0.023,4,0,24.0,22.886,7712,95536,104448,83984,20657169
7.209,open,12,,2.026,0.023,4,0,24.0,22.954,7712,104224,104448,92672,20686129
7.219,open,12,,2.027,0.023,4,0,24.0,22.939,7712,74304,104448,63712,20715089
7.229,open,12,,2.052,0.023,4,0,24.0,22.954,7712,82992,104448,72400,20744049
7.239,open,12,,2.044,0.023,4,0,24.0,22.969,7712,92640,104448,81088,20773009
7.249,open,12,,2.03,0.023,4,0,24.0,22.931,7712,101328,104448,89776,20801969
7.259,open,12,,2.027,0.023,4,0,24.0,22.923,7712,71408,104448,60816,20830929
7.269,open,12,,2.031,0.023,4,0,24.0,22.818,7712,80096,104448,72400,20856993
7.279,open,12,,2.025,0.023,4,0,24.0,22.954,7712,88784,104448,78192,20888849
7.290,open,12,,2.024,0.023,4,0,24.0,22.961,7712,98432,104448,86880,20917809
7.300,open,12,,2.026,0.023,4,0,24.0,22.923,7712,107120,104448,95568,20946769
7.310,open,12,,2.024,0.023,4,0,24.0,23.053,7712,77200,104448,66608,20975729
7.320,open,12,,2.025,0.023,4,0,24.0,22.946,7712,85888,104448,75296,21004689
7.330,open,12,,2.024,0.023,4,0,24.0,22.946,7712,95536,104448,83984,21033649
7.340,open,12,,2.025,0.023,4,0,24.0,22.939,7712,104224,104448,92672,21062609
7.350,open,12,,2.025,0.023,4,0,24.0,22.977,7712,74304,104448,63712,21091569
7.360,open,12,,2.028,0.023,4,0,24.0,22.908,7712,82992,104448,72400,21120529
7.370,open,12,,2.025,0.023,4,0,24.0,22.954,7712,92640,104448,81088,21149489
7.380,open,12,,2.024,0.023,4,0,24.0,22.946,7712,101328,104448,89776,21178449
7.390,open,12,,2.024,0.023,4,0,24.0,22.939,7712,71408,104448,60816,21207409
7.400,open,12,,2.025,0.023,4,0,24.0,22.916,7712,80096,104448,69504,21236369
7.411,open,12,,2.024,0.023,4,0,24.0,22.954,7712,88784,104448,78192,21265329
7.421,open,12,,2.024,0.023,4,0,24.0,22.916,3857,101328,104448,89776,21291393
7.431,open,12,,2.025,0.023,4,0,24.0,22.946,7712,71408,104448,60816,21320353
7.441,open,12,,2.025,0.023,4,0,24.0,22.946,7712,80096,104448,69504,21349313
7.451,open,12,,2.025,0.023,4,0,24.0,22.961,7712,88784,104448,78192,21378273
7.461,open,12,,2.026,0.023,4,0,24.0,22.916,7712,98432,104448,86880,21407233
7.471,open,12,,2.026,0.023,4,0,24.0,22.946,7712,107120,104448,95568,21436193
7.481,open,12,,2.026,0.023,4,0,24.0,22.916,7712,77200,104448,66608,21465153
7.491,open,12,,2.025,0.023,4,0,24.0,22.961,7712,85888,104448,75296,21494113
7.501,open,12,,2.026,0.023,4,0,24.0,22.931,7712,95536,104448,83984,21523073
7.511,open,12,,2.026,0.023,4,0,24.0,22.961,7712,104224,104448,92672,21552033
7.521,open,12,,2.026,0.023,4,0,24.0,22.893,7712,74304,104448,63712,21580993
7.532,open,12,,2.025,0.023,4,0,24.0,22.992,7712,82992,104448,72400,21609953
7.542,open,12,,2.025,0.023,4,0,24.0,22.946,7712,92640,104448,81088,21638913
7.552,open,12,,2.024,0.023,4,0,24.0,22.954,7712,101328,104448,89776,21667873
7.562,open,12,,2.024,0.023,4,0,24.0,22.954,7712,71408,104448,60816,21696833
7.572,open,12,,2.025,0.023,4,0,24.0,22.954,7712,80096,104448,69504,21725793
7.582,open,12,,2.024,0.023,4,0,24.0,22.946,7712,88784,104448,78192,21754753
7.592,open,12,,2.025,0.023,4,0,24.0,22.946,7712,98432,104448,86880,21783713
7.602,open,12,,2.025,0.023,4,0,24.0,22.954,7712,107120,104448,95568,21812673
7.612,open,12,,2.025,0.023,4,0,24.0,22.908,7712,77200,104448,66608,21841633
7.622,open,12,,2.027,0.023,4,0,24.0,22.954,7712,85888,104448,75296,21870593
7.632,open,12,,2.026,0.023,4,0,24.0,22.954,7712,95536,104448,83984,21899553
7.642,open,12,,2.026,0.023,4,0,24.0,22.939,7712,104224,104448,92672,21928513
7.652,open,12,,2.025,0.023,4,0,24.0,22.954,7712,74304,104448,63712,21957473
7.662,open,12,,2.025,0.023,4,0,24.0,22.961,7712,82992,104448,72400,21986433
7.673,open,12,,2.025,0.023,4,0,24.0,22.931,7712,92640,104448,81088,22015393
7.683,open,12,,2.025,0.023,4,0,24.0,22.961,7712,101328,104448,89776,22044353
7.693,open,12,,2.025,0.023,4,0,24.0,22.954,7712,71408,104448,60816,22073313
7.703,open,12,,2.024,0.023,4,0,24.0,22.916,7712,80096,104448,69504,22102273
7.713,open,12,,2.025,0.023,4,0,24.0,22.946,7712,88784,104448,78192,22131233
7.723,open,12,,2.025,0.023,4,0,24.0,22.946,7712,98432,104448,86880,22160193
7.733,open,12,,2.025,0.023,4,0,24.0,22.931,7712,107120,104448,95568,22189153
7.743,open,12,,2.025,0.023,4,0,24.0,22.954,7712,77200,104448,66608,22218113
7.753,open,12,,2.025,0.023,4,0,24.0,22.954,7712,85888,104448,75296,22247073
7.764,open,12,,2.025,0.023,4,0,24.0,22.931,7712,95536,104448,83984,22276033
7.774,open,12,,2.025,0.023,4,0,24.0,22.946,7712,104224,104448,92672,22304993
7.784,open,12,,2.025,0.023,4,0,24.0,22.939,7712,74304,104448,63712,22333953
7.794,open,12,,2.025,0.023,4,0,24.0,22.946,7712,82992,104448,72400,22362913
7.804,open,12,,2.026,0.023,4,0,24.0,22.954,7712,92640,104448,81088,22391873
7.814,open,12,,2.026,0.023,4,0,24.0,22.954,7712,101328,104448,89776,22420833
7.824,open,12,,2.025,0.023,4,0,24.0,22.954,7712,71408,104448,60816,22449793
7.834,open,12,,2.026,0.023,4,0,24.0,22.863,7712,80096,104448,69504,22478753
7.844,open,12,,2.026,0.023,4,0,24.0,22.939,7712,88784,104448,78192,22507713
7.855,open,12,,2.025,0.023,4,0,24.0,22.954,7712,98432,104448,86880,22536673
7.865,open,12,,2.025,0.023,4,0,24.0,22.992,7712,107120,104448,95568,22565633
7.875,open,12,,2.025,0.023,4,0,24.0,22.946,7712,77200,104448,66608,22594593
7.885,open,12,,2.025,0.023,4,0,24.0,22.939,7712,85888,104448,75296,22623553
7.895,open,12,,2.027,0.023,4,0,24.0,22.939,7712,95536,104448,83984,22652513
7.905,open,12,,2.029,0.023,4,0,24.0,22.946,7712,104224,104448,92672,22681473
7.915,open,12,,2.026,0.023,4,0,24.0,22.939,7712,74304,104448,63712,22710433
7.925,open,12,,2.035,0.023,4,0,24.0,22.954,7712,82992,104448,72400,22739393
7.935,open,12,,2.029,0.023,4,0,24.0,22.931,7712,92640,104448,81088,22768353
7.945,open,12,,2.027,0.023,4,0,24.0,22.977,7712,101328,104448,89776,22797313
7.956,open,12,,2.026,0.023,4,0,24.0,22.908,7712,107120,104448,57920,22829169
7.966,open,12,,2.026,0.023,4,0,24.0,22.946,7712,77200,104448,66608,22858129
7.976,open,12,,2.024,0.023,4,0,24.0,22.758,7712,85888,104448,75296,22887089
7.986,open,12,,2.026,0.023,4,0,24.0,22.939,7712,95536,104448,83984,22916049
7.996,open,12,,2.051,0.023,4,0,24.0,22.893,7712,104224,104448,92672,22945009
8.006,open,12,,2.034,0.023,4,0,24.0,22.931,7712,74304,104448,63712,22973969
8.016,open,12,,2.028,0.023,4,0,24.0,22.931,7712,82992,104448,72400,23002929
8.026,open,12,,2.028,0.023,4,0,24.0,22.939,7712,92640,104448,81088,23031889
8.036,open,12,,2.028,0.023,4,0,24.0,22.908,7712,101328,104448,89776,23060849
8.047,open,12,,2.027,0.023,4,0,24.0,22.954,7712,71408,104448,60816,23089809
8.057,open,12,,2.027,0.023,4,0,24.0,22.931,7712,80096,104448,69504,23118769
8.067,open,12,,2.026,0.023,4,0,24.0,22.908,7712,88784,104448,78192,23147729
8.077,open,12,,2.026,0.023,4,0,24.0,22.977,7712,98432,104448,86880,23176689
8.087,open,12,,2.026,0.023,4,0,24.0,22.923,7712,107120,104448,95568,23205649
8.097,open,12,,2.025,0.023,4,0,24.0,22.939,7712,77200,104448,66608,23234609
8.107,open,12,,2.03,0.023,4,0,24.0,22.931,7712,85888,104448,75296,23263569
8.117,open,12,,2.046,0.023,4,0,24.0,22.984,7712,95536,104448,83984,23292529
8.127,open,12,,2.03,0.023,4,0,24.0,22.946,7712,104224,104448,92672,23321489
8.138,open,12,,2.027,0.023,4,0,24.0,22.961,7712,74304,104448,63712,23350449
8.148,open,12,,2.026,0.023,4,0,24.0,22.946,7712,82992,104448,72400,23379409
8.158,open,12,,2.026,0.023,4,0,24.0,22.946,7712,92640,104448,81088,23408369
8.168,open,12,,2.026,0.023,4,0,24.0,22.954,7712,101328,104448,89776,23437329
8.178,open,12,,2.028,0.023,4,0,24.0,22.931,7712,71408,104448,60816,23466289
8.188,open,12,,2.027,0.023,4,0,24.0,22.939,7712,80096,104448,69504,23495249
8.198,open,12,,2.028,0.023,4,0,24.0,22.923,7712,88784,104448,78192,23524209
8.208,open,12,,2.028,0.023,4,0,24.0,22.946,7712,98432,104448,86880,23553169
8.218,open,12,,2.027,0.023,4,0,24.0,22.954,7712,107120,104448,95568,23582129
8.229,open,12,,2.027,0.023,4,0,24.0,22.916,7712,77200,104448,66608,23611089
8.239,open,12,,2.027,0.023,4,0,24.0,22.923,7712,85888,104448,75296,23640049
8.249,open,12,,2.027,0.023,4,0,24.0,22.931,7712,95536,104448,83984,23669009
8.259,open,12,,2.027,0.023,4,0,24.0,22.856,7712,104224,104448,92672,23697969
8.269,open,12,,2.027,0.023,4,0,24.0,22.939,7712,74304,104448,63712,23726929
8.279,open,12,,2.026,0.023,4,0,24.0,22.946,7712,82992,104448,72400,23755889
8.289,open,12,,2.025,0.023,4,0,24.0,22.939,7712,92640,104448,81088,23784849
8.299,open,12,,2.025,0.023,4,0,24.0,22.946,7712,101328,104448,89776,23813809
8.309,open,12,,2.025,0.023,4,0,24.0,22.946,7712,71408,104448,60816,23842769
8.320,open,12,,2.025,0.023,4,0,24.0,22.939,7712,80096,104448,69504,23871729
8.330,open,12,,2.027,0.023,4,0,24.0,22.946,7712,88784,104448,78192,23900689
8.340,open,12,,2.026,0.023,4,0,24.0,22.916,7712,98432,104448,86880,23929649
8.350,open,12,,2.026,0.023,4,0,24.0,22.916,7712,107120,104448,95568,23958609
8.360,open,12,,2.027,0.023,4,0,24.0,22.954,7712,77200,104448,66608,23987569
8.370,open,12,,2.025,0.023,4,0,24.0,22.961,7712,85888,104448,75296,24016529
8.380,open,12,,2.024,0.023,4,0,24.0,22.954,7712,95536,104448,83984,24045489
8.390,open,12,,2.023,0.023,4,0,24.0,22.954,7712,104224,104448,92672,24074449
8.401,open,12,,2.024,0.023,4,0,24.0,22.939,7712,74304,104448,63712,24103409
8.411,open,12,,2.024,0.023,4,0,24.0,22.931,7712,82992,104448,72400,24132369
8.421,open,12,,2.024,0.023,4,0,24.0,22.954,7712,92640,104448,81088,24161329
8.431,open,12,,2.027,0.023,4,0,24.0,22.871,7712,101328,104448,89776,24190289
8.441,open,12,,2.026,0.023,4,0,24.0,22.954,7712,71408,104448,60816,24219249
8.451,open,12,,2.026,0.023,4,0,24.0,22.908,7712,80096,104448,69504,24248209
8.461,open,12,,2.026,0.023,4,0,24.0,22.916,7712,88784,104448,78192,24277169
8.471,open,12,,2.026,0.023,4,0,24.0,22.946,7712,98432,104448,86880,24306129
8.481,open,12,,2.026,0.023,4,0,24.0,22.961,7712,107120,104448,95568,24335089
8.491,open,12,,2.025,0.023,4,0,24.0,22.961,7712,77200,104448,66608,24364049
8.502,open,12,,2.025,0.023,4,0,24.0,22.946,7712,85888,104448,75296,24393009
8.512,open,12,,2.024,0.023,4,0,24.0,22.961,7712,95536,104448,83984,24421969
8.522,open,12,,2.025,0.023,4,0,24.0,22.961,7712,104224,104448,92672,24450929
8.532,open,12,,2.025,0.023,4,0,24.0,22.946,7712,74304,104448,63712,24479889
8.542,open,12,,2.025,0.023,4,0,24.0,22.961,7712,82992,104448,72400,24508849
8.552,open,12,,2.023,0.023,4,0,24.0,22.893,7712,92640,104448,81088,24537809
8.562,open,12,,2.024,0.023,4,0,24.0,22.946,7712,101328,104448,89776,24566769
8.572,open,12,,2.025,0.023,4,0,24.0,22.954,7712,68512,104448,60816,24595729
8.582,open,12,,2.026,0.023,4,0,24.0,22.923,7712,77200,104448,66608,24627585
8.593,open,12,,2.028,0.023,4,0,24.0,22.818,7712,85888,104448,75296,24656545
8.603,open,12,,2.031,0.023,4,0,24.0,22.45,7712,95536,104448,83984,24685505
8.613,open,12,,2.027,0.023,4,0,24.0,22.946,7712,104224,104448,92672,24714465
8.623,open,12,,2.043,0.023,4,0,24.0,22.954,7712,74304,104448,63712,24743425
8.633,open,12,,2.043,0.023,4,0,24.0,22.954,7712,82992,104448,72400,24772385
8.643,open,12,,2.03,0.023,4,0,24.0,22.946,7712,92640,104448,81088,24801345
8.653,open,12,,2.026,0.023,4,0,24.0,22.939,7712,101328,104448,89776,24830305
8.663,open,12,,2.025,0.023,4,0,24.0,22.954,7712,71408,104448,60816,24859265
8.673,open,12,,2.025,0.023,4,0,24.0,22.946,7712,80096,104448,69504,24888225
8.684,open,12,,2.025,0.023,4,0,24.0,22.946,7712,88784,104448,78192,24917185
8.694,open,12,,2.025,0.023,4,0,24.0,22.946,7712,98432,104448,86880,24946145
8.704,open,12,,2.028,0.023,4,0,24.0,22.908,7712,107120,104448,95568,24975105
8.714,open,12,,2.05,0.023,4,0,24.0,22.647,7712,77200,104448,66608,25004065
8.724,open,12,,2.031,0.023,4,0,24.0,22.946,7712,85888,104448,75296,25033025
8.734,open,12,,2.026,0.023,4,0,24.0,22.946,7712,95536,104448,83984,25061985
8.744,open,12,,2.026,0.023,4,0,24.0,22.886,7712,104224,104448,92672,25090945
8.754,open,12,,2.026,0.023,4,0,24.0,22.931,7712,74304,104448,63712,25119905
8.765,open,12,,2.025,0.023,4,0,24.0,22.954,7712,82992,104448,72400,25148865
8.775,open,12,,2.024,0.023,4,0,24.0,22.954,7712,92640,104448,81088,25177825
8.785,open,12,,2.025,0.023,4,0,24.0,22.946,7712,101328,104448,89776,25206785
8.795,open,12,,2.025,0.023,4,0,24.0,22.939,7712,71408,104448,60816,25235745
8.805,open,12,,2.026,0.023,4,0,24.0,22.954,7712,80096,104448,69504,25264705
8.815,open,12,,2.026,0.023,4,0,24.0,22.954,7712,88784,104448,78192,25293665
8.825,open,12,,2.026,0.023,4,0,24.0,22.954,7712,98432,104448,86880,25322625
8.835,open,12,,2.026,0.023,4,0,24.0,22.984,7712,107120,104448,95568,25351585
8.845,open,12,,2.025,0.023,4,0,24.0,22.954,7712,77200,104448,66608,25380545
8.855,open,12,,2.025,0.023,4,0,24.0,22.954,7712,85888,104448,75296,25409505
8.865,open,12,,2.027,0.023,4,0,24.0,22.931,7712,95536,104448,83984,25438465
8.876,open,12,,2.027,0.023,4,0,24.0,22.954,7712,104224,104448,92672,25467425
8.886,open,12,,2.026,0.023,4,0,24.0,22.946,7712,74304,104448,63712,25496385
8.896,open,12,,2.025,0.023,4,0,24.0,22.871,7712,82992,104448,72400,25525345
8.906,open,12,,2.025,0.023,4,0,24.0,22.931,7712,92640,104448,81088,25554305
8.916,open,12,,2.026,0.023,4,0,24.0,22.916,7712,101328,104448,89776,25583265
8.926,open,12,,2.025,0.023,4,0,24.0,22.969,7712,71408,104448,60816,25612225
8.936,open,12,,2.026,0.023,4,0,24.0,22.946,7712,80096,104448,69504,25641185
8.946,open,12,,2.025,0.023,4,0,24.0,22.954,7712,88784,104448,78192,25670145
8.956,open,12,,2.026,0.023,4,0,24.0,22.886,7712,98432,104448,86880,25699105
8.967,open,12,,2.026,0.023,4,0,24.0,22.961,7712,107120,104448,95568,25728065
8.977,open,12,,2.026,0.023,4,0,24.0,22.954,7712,77200,104448,66608,25757025
8.987,open,12,,2.025,0.023,4,0,24.0,22.946,7712,85888,104448,75296,25785985
8.997,open,12,,2.026,0.023,4,0,24.0,22.946,7712,95536,104448,83984,25814945
9.007,open,12,,2.025,0.023,4,0,24.0,22.946,7712,104224,104448,92672,25843905
9.017,open,12,,2.025,0.023,4,0,24.0,22.954,7712,74304,104448,63712,25872865
9.027,open,12,,2.027,0.023,4,0,24.0,22.946,7712,82992,104448,72400,25901825
9.037,open,12,,2.026,0.023,4,0,24.0,22.969,7712,92640,104448,81088,25930785
9.047,open,12,,2.026,0.023,4,0,24.0,22.901,7712,101328,104448,89776,25959745
9.057,open,12,,2.025,0.023,4,0,24.0,22.939,7712,71408,104448,60816,25988705
9.067,open,12,,2.024,0.023,4,0,24.0,22.954,7712,80096,104448,69504,26017665
9.078,open,12,,2.024,0.023,4,0,24.0,22.878,7712,88784,104448,78192,26046625
9.088,open,12,,2.025,0.023,4,0,24.0,22.946,7712,98432,104448,86880,26075585
9.098,open,12,,2.026,0.023,4,0,24.0,22.954,7712,107120,104448,95568,26104545
9.108,open,12,,2.026,0.023,4,0,24.0,22.961,7712,77200,104448,66608,26133505
9.118,open,12,,2.025,0.023,4,0,24.0,22.954,7712,85888,104448,75296,26162465
9.128,open,12,,2.025,0.023,4,0,24.0,22.923,7712,95536,104448,83984,26191425
9.138,open,12,,2.025,0.023,4,0,24.0,22.954,7712,104224,104448,92672,26220385
9.148,open,12,,2.026,0.023,4,0,24.0,22.954,7712,74304,104448,63712,26249345
9.158,open,12,,2.025,0.023,4,0,24.0,22.946,7712,82992,104448,72400,26278305
9.168,open,12,,2.026,0.023,4,0,24.0,22.931,7712,92640,104448,81088,26307265
9.178,open,12,,2.025,0.023,4,0,24.0,22.923,7712,101328,104448,89776,26336225
9.188,open,12,,2.025,0.023,4,0,24.0,22.893,7712,71408,104448,60816,26365185
9.198,open,12,,2.026,0.023,4,0,24.0,22.961,7712,80096,104448,69504,26394145
9.209,open,12,,2.025,0.023,4,0,24.0,22.946,7712,88784,104448,78192,26423105
9.219,open,12,,2.025,0.023,4,0,24.0,22.961,7712,98432,104448,86880,26452065
9.229,open,12,,2.025,0.023,4,0,24.0,22.961,7712,107120,104448,95568,26481025
9.239,open,12,,2.026,0.023,4,0,24.0,22.954,7712,77200,104448,66608,26509985
9.249,open,12,,2.025,0.023,4,0,24.0,22.954,7712,85888,104448,75296,26538945
9.259,open,12,,2.025,0.023,4,0,24.0,22.946,7712,95536,104448,83984,26567905
9.269,open,12,,2.026,0.023,4,0,24.0,22.954,7712,104224,104448,92672,26596865
9.279,open,12,,2.025,0.023,4,0,24.0,22.954,7712,74304,104448,63712,26625825
9.289,open,12,,2.026,0.023,4,0,24.0,22.946,7712,82992,104448,72400,26654785
9.299,open,12,,2.026,0.023,4,0,24.0,22.923,7712,92640,104448,81088,26683745
9.309,open,12,,2.025,0.023,4,0,24.0,22.954,7712,101328,104448,89776,26712705
9.319,open,12,,2.025,0.023,4,0,24.0,22.946,7712,71408,104448,60816,26741665
9.329,open,12,,2.025,0.023,4,0,24.0,22.946,7712,80096,104448,69504,26770625
9.340,open,12,,2.025,0.023,4,0,24.0,22.961,7712,88784,104448,78192,26799585
9.350,open,12,,2.027,0.023,4,0,24.0,22.908,7712,98432,104448,86880,26828545
9.360,open,12,,2.023,0.023,4,0,24.0,22.954,7712,107120,104448,95568,26857505
9.370,open,12,,2.024,0.023,4,0,24.0,22.954,7712,77200,104448,66608,26886465
9.380,open,12,,2.025,0.023,4,0,24.0,22.939,7712,85888,104448,75296,26915425
9.390,open,12,,2.025,0.023,4,0,24.0,22.946,7712,95536,104448,83984,26944385
9.400,open,12,,2.025,0.023,4,0,24.0,22.954,7712,104224,104448,92672,26973345
9.410,open,12,,2.024,0.023,4,0,24.0,22.946,7712,74304,104448,63712,27002305
9.420,open,12,,2.024,0.023,4,0,24.0,22.961,7712,82992,104448,72400,27031265
9.430,open,12,,2.024,0.023,4,0,24.0,22.954,7712,92640,104448,81088,27060225
9.440,open,12,,2.027,0.023,4,0,24.0,22.961,7712,101328,104448,89776,27089185
9.450,open,12,,2.025,0.023,4,0,24.0,22.939,7712,71408,104448,60816,27118145
9.461,open,12,,2.025,0.023,4,0,24.0,22.946,7712,80096,104448,69504,27147105
9.471,open,12,,2.026,0.023,4,0,24.0,22.803,7712,88784,104448,78192,27176065
9.481,open,12,,2.025,0.023,4,0,24.0,22.977,7712,98432,104448,86880,27205025
9.491,open,12,,2.025,0.023,4,0,24.0,22.954,7712,72368,104448,60816,27231089
9.501,open,12,,2.041,0.023,4,0,24.0,22.954,3857,80096,104448,69504,27260049
9.511,open,12,,2.029,0.023,4,0,24.0,22.954,7712,88784,104448,78192,27289009
9.521,open,12,,2.025,0.023,4,0,24.0,22.961,7712,98432,104448,86880,27317969
9.531,open,12,,2.025,0.023,4,0,24.0,22.946,7712,107120,104448,95568,27346929
9.541,open,12,,2.025,0.023,4,0,24.0,22.954,7712,77200,104448,66608,27375889
9.551,open,12,,2.025,0.023,4,0,24.0,22.954,7712,85888,104448,75296,27404849
9.561,open,12,,2.025,0.023,4,0,24.0,22.954,7712,95536,104448,83984,27433809
9.571,open,12,,2.024,0.023,4,0,24.0,22.954,7712,104224,104448,92672,27462769
9.581,open,12,,2.023,0.023,4,0,24.0,22.893,7712,74304,104448,63712,27491729
9.592,open,12,,2.024,0.023,4,0,24.0,22.939,7712,82992,104448,72400,27520689
9.602,open,12,,2.021,0.023,4,0,24.0,22.939,7712,92640,104448,81088,27549649
9.612,open,12,,2.024,0.023,4,0,24.0,22.954,7712,101328,104448,89776,27578609
9.622,open,12,,2.024,0.023,4,0,24.0,22.954,7712,71408,104448,60816,27607569
9.632,open,12,,2.025,0.023,4,0,24.0,22.946,7712,80096,104448,69504,27636529
9.642,open,12,,2.024,0.023,4,0,24.0,22.954,7712,88784,104448,78192,27665489
9.652,open,12,,2.024,0.023,4,0,24.0,22.954,7712,98432,104448,86880,27694449
9.662,open,12,,2.025,0.023,4,0,24.0,22.939,7712,107120,104448,95568,27723409
9.672,open,12,,2.025,0.023,4,0,24.0,22.954,7712,77200,104448,66608,27752369
9.682,open,12,,2.024,0.023,4,0,24.0,22.954,7712,85888,104448,75296,27781329
9.692,open,12,,2.025,0.023,4,0,24.0,22.939,7712,95536,104448,83984,27810289
9.702,open,12,,2.024,0.023,4,0,24.0,22.954,7712,104224,104448,92672,27839249
9.712,open,12,,2.024,0.023,4,0,24.0,22.946,7712,74304,104448,63712,27868209
9.723,open,12,,2.025,0.023,4,0,24.0,22.954,7712,82992,104448,72400,27897169
9.733,open,12,,2.025,0.023,4,0,24.0,22.961,7712,92640,104448,81088,27926129
9.743,open,12,,2.024,0.023,4,0,24.0,22.961,7712,101328,104448,89776,27955089
9.753,open,12,,2.024,0.023,4,0,24.0,22.961,7712,71408,104448,60816,27984049
9.763,open,12,,2.025,0.023,4,0,24.0,22.954,7712,80096,104448,69504,28013009
9.773,open,12,,2.024,0.023,4,0,24.0,22.946,7712,88784,104448,78192,28041969
9.783,open,12,,2.032,0.023,4,0,24.0,22.691,7712,98432,104448,86880,28070929
9.793,open,12,,2.057,0.023,4,0,24.0,22.356,7712,107120,104448,95568,28099889
9.803,open,12,,2.059,0.023,4,0,24.0,22.954,7712,77200,104448,66608,28128849
9.813,open,12,,2.062,0.023,4,0,24.0,22.954,7712,85888,104448,75296,28157809
9.823,open,12,,2.061,0.023,4,0,24.0,22.954,7712,95536,104448,83984,28186769
9.833,open,12,,2.05,0.023,4,0,24.0,22.954,7712,104224,104448,92672,28215729
9.843,open,12,,2.031,0.023,4,0,24.0,22.946,7712,74304,104448,63712,28244689
9.854,open,12,,2.027,0.023,4,0,24.0,22.946,7712,82992,104448,72400,28273649
9.864,open,12,,2.026,0.023,4,0,24.0,22.954,7712,92640,104448,81088,28302609
9.874,open,12,,2.025,0.023,4,0,24.0,22.954,7712,101328,104448,89776,28331569
9.884,open,12,,2.025,0.023,4,0,24.0,22.954,7712,71408,104448,60816,28360529
9.894,open,12,,2.029,0.023,4,0,24.0,22.743,7712,80096,104448,69504,28389489
9.904,open,12,,2.026,0.023,4,0,24.0,22.923,7712,88784,104448,78192,28418449
9.914,open,12,,2.032,0.023,4,0,24.0,22.751,7712,98432,104448,86880,28447409
9.924,open,12,,2.028,0.023,4,0,24.0,22.946,7712,107120,104448,95568,28476369
9.934,open,12,,2.027,0.023,4,0,24.0,22.923,7712,77200,104448,66608,28505329
9.944,open,12,,2.031,0.023,4,0,24.0,22.826,7712,85888,104448,75296,28534289
9.954,open,12,,2.033,0.023,4,0,24.0,22.743,7712,95536,104448,83984,28563249
9.965,open,12,,2.031,0.023,4,0,24.0,22.833,7712,104224,104448,92672,28592209
9.975,open,12,,2.026,0.023,4,0,24.0,22.961,7712,74304,104448,63712,28621169
9.985,open,12,,2.025,0.023,4,0,24.0,22.954,7712,82992,104448,72400,28650129
9.995,open,12,,2.025,0.023,4,0,24.0,22.954,7712,92640,104448,81088,28679089
