wire_index,seq,stamp_us,captured_us,late_us
0,8,8000.000,7998.373,-1.627
1,9,9000.000,8992.966,-7.034
2,10,10000.000,9993.299,-6.701
3,11,11000.000,10993.803,-6.197
4,12,12000.000,11993.595,-6.405
5,13,13000.000,12992.806,-7.194
6,14,14000.000,13992.950,-7.050
7,15,15000.000,14993.073,-6.927
8,16,16000.000,15992.835,-7.165
9,17,17000.000,16992.577,-7.423
10,18,18000.000,17993.241,-6.759
11,19,19000.000,18993.034,-6.966
12,20,20000.000,19992.736,-7.264
13,21,21000.000,20993.150,-6.850
14,22,22000.000,21992.782,-7.218
15,23,23000.000,22993.035,-6.965
16,24,24000.000,23993.148,-6.852
17,25,25000.000,24993.522,-6.478
18,26,26000.000,25993.424,-6.576
19,27,27000.000,26993.467,-6.533
20,28,28000.000,27993.269,-6.731
21,29,29000.000,28993.152,-6.848
22,30,30000.000,29993.025,-6.975
23,31,31000.000,30993.007,-6.993
24,32,32000.000,31992.820,-7.180
25,33,33000.000,32992.562,-7.438
26,34,34000.000,33992.535,-7.465
27,35,35000.000,34994.060,-5.940
28,36,36000.000,35993.642,-6.358
29,37,37000.000,36993.435,-6.565
30,38,38000.000,37993.357,-6.643
31,39,39000.000,38992.919,-7.081
32,40,40000.000,39992.481,-7.519
33,41,41000.000,40992.875,-7.125
34,42,42000.000,41992.798,-7.202
35,43,43000.000,42992.840,-7.160
36,44,44000.000,43992.993,-7.007
37,45,45000.000,44993.918,-6.082
38,46,46000.000,45993.119,-6.881
39,47,47000.000,46993.583,-6.417
40,48,48000.000,47993.155,-6.845
41,49,49000.000,48993.859,-6.141
42,50,50000.000,50001.376,1.376
43,51,51000.000,50998.283,-1.717
44,52,52000.000,51996.252,-3.748
45,53,53000.000,52995.513,-4.487
46,54,54000.000,53994.223,-5.777
47,55,55000.000,54995.829,-4.171
48,56,56000.000,55995.161,-4.839
49,57,57000.000,56997.979,-2.021
50,58,58000.000,58001.799,1.799
51,59,59000.000,59007.612,7.612
52,60,60000.000,59995.913,-4.087
53,62,62000.000,61993.956,-6.044
54,63,63000.000,62993.357,-6.643
55,64,64000.000,63993.009,-6.991
56,65,65000.000,64993.773,-6.227
57,66,66000.000,65993.455,-6.545
58,67,67000.000,66993.308,-6.692
59,68,68000.000,67993.521,-6.479
60,69,69000.000,68993.123,-6.877
61,70,70000.000,69993.136,-6.864
62,71,71000.000,70993.169,-6.831
63,72,72000.000,71992.761,-7.239
64,73,73000.000,72993.255,-6.745
65,74,74000.000,73993.127,-6.873
66,75,75000.000,74993.060,-6.940
67,76,76000.000,75993.073,-6.927
68,77,77000.000,76992.264,-7.736
69,78,78000.000,77993.179,-6.821
70,79,79000.000,78993.432,-6.568
71,80,80000.000,79993.084,-6.916
72,81,81000.000,80992.756,-7.244
73,82,82000.000,81993.370,-6.630
74,83,83000.000,82993.163,-6.837
75,84,84000.000,83993.456,-6.544
76,85,85000.000,84993.328,-6.672
77,86,86000.000,85992.439,-7.561
78,87,87000.000,86993.554,-6.446
79,88,88000.000,87993.116,-6.884
80,89,89000.000,88992.498,-7.502
81,90,90000.000,89992.771,-7.229
82,91,91000.000,90992.894,-7.106
83,92,92000.000,91992.736,-7.264
84,93,93000.000,92992.519,-7.481
85,94,94000.000,93992.772,-7.228
86,95,95000.000,94992.905,-7.095
87,96,96000.000,95993.219,-6.781
88,97,97000.000,96993.552,-6.448
89,98,98000.000,97992.984,-7.016
90,99,99000.000,98992.947,-7.053
91,100,100000.000,99993.030,-6.970
92,101,101000.000,100992.952,-7.048
93,102,102000.000,101992.674,-7.326
94,103,103000.000,102992.857,-7.143
95,104,104000.000,103992.720,-7.280
96,105,105000.000,104992.933,-7.067
97,106,106000.000,105992.475,-7.525
98,107,107000.000,106993.149,-6.851
99,108,108000.000,107993.162,-6.838
100,109,109000.000,108993.275,-6.725
101,110,110000.000,109993.017,-6.983
102,111,111000.000,110993.160,-6.840
103,112,112000.000,111992.622,-7.378
104,113,113000.000,112993.727,-6.273
105,114,114000.000,113993.029,-6.971
106,115,115000.000,114992.631,-7.369
107,116,116000.000,115992.733,-7.267
108,117,117000.000,116992.806,-7.194
109,118,118000.000,117993.140,-6.860
110,119,119000.000,118992.892,-7.108
111,120,120000.000,119992.825,-7.175
112,121,121000.000,120992.527,-7.473
113,122,122000.000,121992.690,-7.310
114,123,123000.000,122992.713,-7.287
115,124,124000.000,123992.756,-7.244
116,125,125000.000,124992.919,-7.081
117,126,126000.000,125992.581,-7.419
118,127,127000.000,126992.945,-7.055
119,128,128000.000,127992.516,-7.484
120,129,129000.000,128992.499,-7.501
121,130,130000.000,129992.792,-7.208
122,131,131000.000,130992.946,-7.054
123,132,132000.000,131993.109,-6.891
124,133,133000.000,132992.530,-7.470
125,134,134000.000,133992.733,-7.267
126,135,135000.000,134992.957,-7.043
127,136,136000.000,135993.320,-6.680
128,137,137000.000,136992.542,-7.458
129,138,138000.000,137993.145,-6.855
130,139,139000.000,138992.667,-7.333
131,140,140000.000,139992.640,-7.360
132,141,141000.000,140992.934,-7.066
133,142,142000.000,141992.916,-7.084
134,143,143000.000,142992.769,-7.231
135,144,144000.000,143992.731,-7.269
136,145,145000.000,144993.145,-6.855
137,146,146000.000,145992.817,-7.183
138,147,147000.000,146992.630,-7.370
139,148,148000.000,147993.013,-6.987
140,149,149000.000,148992.815,-7.185
141,150,150000.000,149992.788,-7.212
142,151,151000.000,150993.032,-6.968
143,152,152000.000,151992.784,-7.216
144,153,153000.000,152992.797,-7.203
145,154,154000.000,153992.950,-7.050
146,155,155000.000,154992.672,-7.328
147,156,156000.000,155992.915,-7.085
148,157,157000.000,156992.627,-7.373
149,158,158000.000,157992.630,-7.370
150,159,159000.000,158992.863,-7.137
151,160,160000.000,159992.556,-7.444
152,161,161000.000,160992.989,-7.011
153,162,162000.000,161996.358,-3.642
154,163,163000.000,162998.585,-1.415
155,164,164000.000,163996.734,-3.266
156,165,165000.000,164993.752,-6.248
157,166,166000.000,165993.695,-6.305
158,167,167000.000,166993.587,-6.413
159,168,168000.000,167994.141,-5.859
160,169,169000.000,168992.681,-7.319
161,170,170000.000,169992.473,-7.527
162,171,171000.000,170992.596,-7.404
163,172,172000.000,171992.679,-7.321
164,173,173000.000,172992.532,-7.468
165,174,174000.000,173992.985,-7.015
166,175,175000.000,174993.379,-6.621
167,176,176000.000,175993.883,-6.117
168,177,177000.000,176992.934,-7.066
169,178,178000.000,177992.576,-7.424
170,179,179000.000,178992.669,-7.331
171,180,180000.000,179992.912,-7.088
172,181,181000.000,180992.564,-7.436
173,182,182000.000,181992.607,-7.393
174,183,183000.000,182992.710,-7.290
175,184,184000.000,183992.843,-7.157
176,185,185000.000,184992.695,-7.305
177,186,186000.000,185992.909,-7.091
178,187,187000.000,186993.102,-6.898
179,188,188000.000,187992.935,-7.065
180,189,189000.000,188996.093,-3.907
181,190,190000.000,189993.701,-6.299
182,191,191000.000,190992.582,-7.418
183,192,192000.000,191993.356,-6.644
184,193,193000.000,192993.229,-6.771
185,194,194000.000,193993.702,-6.298
186,195,195000.000,194993.304,-6.696
187,196,196000.000,195994.069,-5.931
188,197,197000.000,196993.641,-6.359
189,198,198000.000,197996.068,-3.932
190,199,199000.000,198993.656,-6.344
191,200,200000.000,199994.240,-5.760
192,201,201000.000,200994.032,-5.968
193,202,202000.000,201993.935,-6.065
194,203,203000.000,202993.517,-6.483
195,204,204000.000,203993.600,-6.400
196,205,205000.000,204993.713,-6.287
197,206,206000.000,205992.925,-7.075
198,207,207000.000,206994.751,-5.249
199,208,208000.000,207994.423,-5.577
200,209,209000.000,208994.185,-5.815
201,210,210000.000,209993.367,-6.633
202,211,211000.000,210993.269,-6.731
203,212,212000.000,211993.402,-6.598
204,213,213000.000,212993.635,-6.365
205,214,214000.000,213994.109,-5.891
206,215,215000.000,214992.990,-7.010
207,216,216000.000,215993.012,-6.988
208,217,217000.000,216992.995,-7.005
209,218,218000.000,217993.219,-6.781
210,219,219000.000,218994.133,-5.867
211,220,220000.000,219992.933,-7.067
212,221,221000.000,220994.268,-5.732
213,222,222000.000,221993.931,-6.069
214,223,223000.000,222993.333,-6.667
215,224,224000.000,223993.416,-6.584
216,225,225000.000,224992.907,-7.093
217,226,226000.000,226001.075,1.075
218,227,227000.000,226993.374,-6.626
219,228,228000.000,227994.429,-5.571
220,229,229000.000,228993.580,-6.420
221,230,230000.000,229993.402,-6.598
222,231,231000.000,230993.094,-6.906
223,232,232000.000,231993.598,-6.402
224,233,233000.000,232994.012,-5.988
225,234,234000.000,233993.294,-6.706
226,235,235000.000,234993.897,-6.103
227,237,237000.000,236993.462,-6.538
228,238,238000.000,237993.575,-6.425
229,239,239000.000,238994.048,-5.952
230,242,242000.000,241994.708,-5.292
231,243,243000.000,242993.719,-6.281
232,244,244000.000,243995.665,-4.335
233,245,245000.000,244995.729,-4.271
234,246,246000.000,245993.577,-6.423
235,247,247000.000,246993.830,-6.170
236,248,248000.000,247993.572,-6.428
237,249,249000.000,248992.814,-7.186
238,250,250000.000,249993.438,-6.562
239,252,252000.000,251992.983,-7.017
240,253,253000.000,252993.095,-6.905
241,254,254000.000,253993.179,-6.821
242,255,255000.000,254992.871,-7.129
243,256,256000.000,255993.585,-6.415
244,257,257000.000,256994.409,-5.591
245,258,258000.000,257993.620,-6.380
246,259,259000.000,258993.253,-6.747
247,260,260000.000,259993.186,-6.814
248,261,261000.000,260993.739,-6.261
249,262,262000.000,261993.792,-6.208
250,263,263000.000,262993.133,-6.867
251,264,264000.000,263993.767,-6.233
252,265,265000.000,264993.811,-6.189
253,268,268000.000,267994.510,-5.490
254,269,269000.000,268993.601,-6.399
255,270,270000.000,269993.223,-6.777
256,271,271000.000,270993.176,-6.824
257,272,272000.000,271993.299,-6.701
258,274,274000.000,273992.864,-7.136
259,275,275000.000,274993.117,-6.883
260,277,277000.000,276993.984,-6.016
261,278,278000.000,277993.406,-6.594
262,279,279000.000,278993.539,-6.461
263,281,281000.000,280993.805,-6.195
264,282,282000.000,281993.517,-6.483
265,284,284000.000,283993.733,-6.267
266,285,285000.000,284993.826,-6.174
267,286,286000.000,285993.338,-6.662
268,287,287000.000,286993.351,-6.649
269,288,288000.000,287993.353,-6.647
270,289,289000.000,288993.156,-6.844
271,290,290000.000,289993.409,-6.591
272,291,291000.000,290993.633,-6.367
273,292,292000.000,291993.284,-6.716
274,293,293000.000,292993.548,-6.452
275,294,294000.000,293993.350,-6.650
276,295,295000.000,294993.524,-6.476
277,296,296000.000,295993.306,-6.694
278,297,297000.000,296994.360,-5.640
279,298,298000.000,297994.323,-5.677
280,299,299000.000,298993.234,-6.766
281,300,300000.000,299993.537,-6.463
282,301,301000.000,300993.310,-6.690
283,302,302000.000,301993.162,-6.838
284,303,303000.000,302993.505,-6.495
285,304,304000.000,303993.518,-6.482
286,305,305000.000,304993.612,-6.388
287,306,306000.000,305994.356,-5.644
288,307,307000.000,306993.236,-6.764
289,308,308000.000,307994.531,-5.469
290,309,309000.000,308993.152,-6.848
291,310,310000.000,309994.056,-5.944
292,311,311000.000,310994.099,-5.901
293,312,312000.000,311993.741,-6.259
294,313,313000.000,312996.529,-3.471
295,314,314000.000,314003.224,3.224
296,315,315000.000,314995.162,-4.838
297,316,316000.000,315994.163,-5.837
298,317,317000.000,317000.437,0.437
299,318,318000.000,317998.496,-1.504
300,319,319000.000,318998.249,-1.751
301,320,320000.000,319995.226,-4.774
302,321,321000.000,320994.257,-5.743
303,322,322000.000,321997.336,-2.664
304,323,323000.000,322998.420,-1.580
305,324,324000.000,324000.687,0.687
306,325,325000.000,324997.134,-2.866
307,326,326000.000,326007.706,7.706
308,327,327000.000,327009.512,9.512
309,328,328000.000,327994.437,-5.563
310,329,329000.000,328994.730,-5.270
311,330,330000.000,329994.403,-5.597
312,331,331000.000,330994.225,-5.775
313,332,332000.000,331994.117,-5.883
314,333,333000.000,332994.060,-5.940
315,334,334000.000,333994.253,-5.747
316,335,335000.000,334994.427,-5.573
317,336,336000.000,335994.870,-5.130
318,337,337000.000,336993.781,-6.219
319,338,338000.000,337996.439,-3.561
320,339,339000.000,338994.999,-5.001
321,340,340000.000,339995.483,-4.517
322,341,341000.000,340995.024,-4.976
323,342,342000.000,341994.907,-5.093
324,343,343000.000,342995.080,-4.920
325,344,344000.000,343995.253,-4.747
326,345,345000.000,344993.683,-6.317
327,346,346000.000,345995.038,-4.962
328,347,347000.000,346993.969,-6.031
329,348,348000.000,347994.993,-5.007
330,349,349000.000,348994.666,-5.334
331,350,350000.000,349994.569,-5.431
332,351,351000.000,350994.561,-5.439
333,352,352000.000,351994.604,-5.396
334,353,353000.000,352994.396,-5.604
335,354,354000.000,353994.419,-5.581
336,355,355000.000,354993.621,-6.379
337,356,356000.000,355993.413,-6.587
338,357,357000.000,356993.376,-6.624
339,358,358000.000,357993.669,-6.331
340,359,359000.000,358995.004,-4.996
341,360,360000.000,359994.556,-5.444
342,361,361000.000,360993.417,-6.583
343,362,362000.000,361995.624,-4.376
344,363,363000.000,362994.745,-5.255
345,364,364000.000,363994.167,-5.833
346,365,365000.000,364994.530,-5.470
347,366,366000.000,365994.513,-5.487
348,367,367000.000,366994.465,-5.535
349,368,368000.000,367994.077,-5.923
350,369,369000.000,368994.431,-5.569
351,370,370000.000,369993.653,-6.347
352,371,371000.000,370994.336,-5.664
353,372,372000.000,371993.948,-6.052
354,373,373000.000,372993.991,-6.009
355,374,374000.000,373994.184,-5.816
356,375,375000.000,374993.857,-6.143
357,376,376000.000,375994.821,-5.179
358,377,377000.000,376993.361,-6.639
359,378,378000.000,377993.594,-6.406
360,379,379000.000,378993.357,-6.643
361,380,380000.000,379993.941,-6.059
362,381,381000.000,380994.174,-5.826
363,382,382000.000,381993.465,-6.535
364,383,383000.000,382993.778,-6.222
365,384,384000.000,383993.381,-6.619
366,385,385000.000,384994.857,-5.143
367,386,386000.000,386000.710,0.710
368,387,387000.000,386994.601,-5.399
369,388,388000.000,387995.035,-4.965
370,389,389000.000,388993.916,-6.084
371,390,390000.000,389994.189,-5.811
372,391,391000.000,390993.461,-6.539
373,392,392000.000,391994.415,-5.585
374,393,393000.000,392992.995,-7.005
375,394,394000.000,393994.180,-5.820
376,395,395000.000,394993.161,-6.839
377,396,396000.000,395993.885,-6.115
378,397,397000.000,396993.668,-6.332
379,398,398000.000,397995.524,-4.476
380,399,399000.000,398994.935,-5.065
381,400,400000.000,399995.249,-4.751
382,401,401000.000,400994.761,-5.239
383,402,402000.000,401993.441,-6.559
384,403,403000.000,402994.606,-5.394
385,404,404000.000,403994.218,-5.782
386,405,405000.000,404994.221,-5.779
387,406,406000.000,405993.462,-6.538
388,407,407000.000,406994.297,-5.703
389,408,408000.000,407995.301,-4.699
390,409,409000.000,408994.502,-5.498
391,410,410000.000,409995.577,-4.423
392,411,411000.000,410997.514,-2.486
393,412,412000.000,411993.850,-6.150
394,413,413000.000,412995.285,-4.715
395,414,414000.000,413993.965,-6.035
396,415,415000.000,414992.806,-7.194
397,416,416000.000,415994.011,-5.989
398,417,417000.000,416993.573,-6.427
399,418,418000.000,417992.935,-7.065
400,419,419000.000,418992.707,-7.293
401,420,420000.000,419992.940,-7.060
402,421,421000.000,420992.652,-7.348
403,422,422000.000,421994.930,-5.070
404,423,423000.000,422993.470,-6.530
405,424,424000.000,423993.192,-6.808
406,425,425000.000,424992.664,-7.336
407,426,426000.000,425992.847,-7.153
408,427,427000.000,426993.220,-6.780
409,428,428000.000,427994.896,-5.104
410,429,429000.000,428995.009,-4.991
411,430,430000.000,429994.150,-5.850
412,433,433000.000,432993.337,-6.663
413,434,434000.000,433993.360,-6.640
414,436,436000.000,435992.594,-7.406
415,437,437000.000,436993.299,-6.701
416,441,441000.000,440992.668,-7.332
417,442,442000.000,441992.491,-7.509
418,444,444000.000,443992.476,-7.524
419,445,445000.000,444992.760,-7.240
420,446,446000.000,445992.813,-7.187
421,447,447000.000,446992.335,-7.665
422,448,448000.000,447992.477,-7.523
423,449,449000.000,448994.233,-5.767
424,450,450000.000,449992.543,-7.457
425,451,451000.000,450992.706,-7.294
426,452,452000.000,451992.228,-7.772
427,453,453000.000,452993.834,-6.166
428,454,454000.000,453993.827,-6.173
429,455,455000.000,454992.928,-7.072
430,456,456000.000,455993.051,-6.949
431,457,457000.000,456993.093,-6.907
432,458,458000.000,457992.906,-7.094
433,459,459000.000,458993.790,-6.210
434,460,460000.000,459992.581,-7.419
435,461,461000.000,460992.644,-7.356
436,462,462000.000,461995.162,-4.838
437,463,463000.000,462993.140,-6.860
438,464,464000.000,463994.946,-5.054
439,465,465000.000,464992.625,-7.375
440,466,466000.000,465992.898,-7.102
441,467,467000.000,466992.741,-7.259
442,469,469000.000,468994.509,-5.491
443,470,470000.000,469994.682,-5.318
444,471,471000.000,470994.635,-5.365
445,472,472000.000,471996.181,-3.819
446,473,473000.000,472994.200,-5.800
447,474,474000.000,473994.373,-5.627
448,475,475000.000,474994.205,-5.795
449,476,476000.000,475993.367,-6.633
450,477,477000.000,476994.732,-5.268
451,478,478000.000,477993.733,-6.267
452,479,479000.000,478994.016,-5.984
453,480,480000.000,479994.510,-5.490
454,481,481000.000,480994.353,-5.647
455,482,482000.000,481994.466,-5.534
456,483,483000.000,482995.861,-4.139
457,484,484000.000,483995.243,-4.757
458,485,485000.000,484995.135,-4.865
459,486,486000.000,485994.286,-5.714
460,487,487000.000,486993.548,-6.452
461,488,488000.000,487993.631,-6.369
462,489,489000.000,488993.984,-6.016
463,490,490000.000,489994.197,-5.803
464,492,492000.000,491995.445,-4.555
465,493,493000.000,492994.977,-5.023
466,494,494000.000,493993.697,-6.303
467,495,495000.000,494994.262,-5.738
468,496,496000.000,495994.735,-5.265
469,497,497000.000,496994.327,-5.673
470,498,498000.000,497994.230,-5.770
471,499,499000.000,498994.022,-5.978
472,500,500000.000,499993.474,-6.526
473,501,501000.000,500993.116,-6.884
474,502,502000.000,501993.730,-6.270
475,503,503000.000,502993.883,-6.117
476,504,504000.000,503993.926,-6.074
477,505,505000.000,504993.267,-6.733
478,506,506000.000,505993.721,-6.279
479,507,507000.000,506993.583,-6.417
480,508,508000.000,507993.085,-6.915
481,509,509000.000,508993.268,-6.732
482,510,510000.000,509993.071,-6.929
483,511,511000.000,510993.134,-6.866
484,512,512000.000,511995.902,-4.098
485,513,513000.000,512993.991,-6.009
486,514,514000.000,513992.271,-7.729
487,515,515000.000,514994.046,-5.954
488,516,516000.000,515993.929,-6.071
489,517,517000.000,516993.101,-6.899
490,518,518000.000,517993.494,-6.506
491,519,519000.000,518993.206,-6.794
492,520,520000.000,519992.928,-7.072
493,521,521000.000,520993.372,-6.628
494,522,522000.000,521993.656,-6.344
495,523,523000.000,522993.769,-6.231
496,524,524000.000,523993.561,-6.439
497,525,525000.000,524993.984,-6.016
498,526,526000.000,525993.927,-6.073
499,527,527000.000,526993.619,-6.381
500,528,528000.000,527994.243,-5.757
501,529,529000.000,528993.515,-6.485
502,530,530000.000,529993.637,-6.363
503,531,531000.000,530993.831,-6.169
504,532,532000.000,531994.094,-5.906
505,533,533000.000,532993.496,-6.504
506,534,534000.000,533994.029,-5.971
507,535,535000.000,534993.361,-6.639
508,536,536000.000,535993.374,-6.626
509,537,537000.000,536993.677,-6.323
510,538,538000.000,537993.550,-6.450
511,539,539000.000,538993.382,-6.618
512,540,540000.000,539993.776,-6.224
513,541,541000.000,540998.437,-1.563
514,542,542000.000,541993.932,-6.068
515,543,543000.000,542993.233,-6.767
516,544,544000.000,543994.258,-5.742
517,545,545000.000,544994.060,-5.940
518,546,546000.000,545995.055,-4.945
519,547,547000.000,546994.597,-5.403
520,548,548000.000,547995.892,-4.108
521,549,549000.000,548993.440,-6.560
522,550,550000.000,549995.587,-4.413
523,551,551000.000,550992.704,-7.296
524,552,552000.000,551994.601,-5.399
525,553,553000.000,552993.331,-6.669
526,554,554000.000,553993.614,-6.386
527,555,555000.000,554993.837,-6.163
528,556,556000.000,555995.233,-4.767
529,557,557000.000,556993.152,-6.848
530,558,558000.000,557992.884,-7.116
531,559,559000.000,558993.428,-6.572
532,560,560000.000,559994.743,-5.257
533,561,561000.000,560996.629,-3.371
534,562,562000.000,561994.569,-5.431
535,563,563000.000,562994.431,-5.569
536,564,564000.000,563993.653,-6.347
537,565,565000.000,564993.605,-6.395
538,566,566000.000,565993.458,-6.542
539,567,567000.000,566993.029,-6.971
540,568,568000.000,567993.092,-6.908
541,569,569000.000,568993.146,-6.854
542,570,570000.000,569994.331,-5.669
543,571,571000.000,570992.760,-7.240
544,572,572000.000,571992.693,-7.307
545,573,573000.000,572993.317,-6.683
546,574,574000.000,573993.330,-6.670
547,575,575000.000,574993.132,-6.868
548,576,576000.000,575993.255,-6.745
549,577,577000.000,576992.937,-7.063
550,578,578000.000,577992.609,-7.391
551,579,579000.000,578992.873,-7.127
552,580,580000.000,579992.986,-7.014
553,581,581000.000,580992.848,-7.152
554,582,582000.000,581992.660,-7.340
555,583,583000.000,582993.054,-6.946
556,584,584000.000,583993.848,-6.152
557,585,585000.000,584993.069,-6.931
558,586,586000.000,585993.153,-6.847
559,587,587000.000,586992.735,-7.265
560,588,588000.000,587993.129,-6.871
561,589,589000.000,588992.590,-7.410
562,590,590000.000,589992.833,-7.167
563,591,591000.000,590992.816,-7.184
564,592,592000.000,591993.189,-6.811
565,593,593000.000,592992.721,-7.279
566,594,594000.000,593992.464,-7.536
567,595,595000.000,594993.168,-6.832
568,596,596000.000,595996.236,-3.764
569,597,597000.000,596992.582,-7.418
570,598,598000.000,597993.116,-6.884
571,599,599000.000,598992.919,-7.081
572,600,600000.000,599992.921,-7.079
573,601,601000.000,600992.673,-7.327
574,602,602000.000,601994.490,-5.510
575,603,603000.000,602992.719,-7.281
576,604,604000.000,603993.233,-6.767
577,605,605000.000,604992.755,-7.245
578,606,606000.000,605993.038,-6.962
579,607,607000.000,606992.760,-7.240
580,608,608000.000,607992.873,-7.127
581,609,609000.000,608993.237,-6.763
582,610,610000.000,609993.440,-6.560
583,611,611000.000,610992.241,-7.759
584,612,612000.000,611996.090,-3.910
585,613,613000.000,612993.158,-6.842
586,614,614000.000,613992.760,-7.240
587,615,615000.000,614993.284,-6.716
588,616,616000.000,615993.026,-6.974
589,617,617000.000,616992.788,-7.212
590,618,618000.000,617992.831,-7.169
591,619,619000.000,618992.794,-7.206
592,620,620000.000,619993.338,-6.662
593,621,621000.000,620993.060,-6.940
594,622,622000.000,621992.932,-7.068
595,623,623000.000,622993.065,-6.935
596,624,624000.000,623992.598,-7.402
597,625,625000.000,624992.701,-7.299
598,626,626000.000,625992.703,-7.297
599,627,627000.000,626992.736,-7.264
600,628,628000.000,627992.859,-7.141
601,629,629000.000,628992.892,-7.108
602,630,630000.000,629993.165,-6.835
603,631,631000.000,630993.288,-6.712
604,632,632000.000,631993.150,-6.850
605,633,633000.000,632992.883,-7.117
606,634,634000.000,633992.776,-7.224
607,635,635000.000,634992.949,-7.051
608,636,636000.000,635993.042,-6.958
609,637,637000.000,636992.984,-7.016
610,638,638000.000,637992.937,-7.063
611,639,639000.000,638992.970,-7.030
612,640,640000.000,639992.722,-7.278
613,641,641000.000,640992.815,-7.185
614,642,642000.000,641992.758,-7.242
615,643,643000.000,642993.392,-6.608
616,644,644000.000,643992.874,-7.126
617,645,645000.000,644992.746,-7.254
618,646,646000.000,645992.749,-7.251
619,647,647000.000,646992.792,-7.208
620,648,648000.000,647992.815,-7.185
621,649,649000.000,648992.918,-7.082
622,650,650000.000,649993.031,-6.969
623,651,651000.000,650993.033,-6.967
624,652,652000.000,651992.826,-7.174
625,653,653000.000,652993.009,-6.991
626,654,654000.000,653992.781,-7.219
627,655,655000.000,654992.724,-7.276
628,656,656000.000,655992.867,-7.133
629,657,657000.000,656992.769,-7.231
630,658,658000.000,657993.223,-6.777
631,659,659000.000,658993.156,-6.844
632,660,660000.000,659992.508,-7.492
633,661,661000.000,660992.490,-7.510
634,662,662000.000,661993.244,-6.756
635,663,663000.000,662993.037,-6.963
636,664,664000.000,663992.920,-7.080
637,665,665000.000,664992.902,-7.098
638,666,666000.000,665992.584,-7.416
639,667,667000.000,666992.607,-7.393
640,668,668000.000,667992.710,-7.290
641,669,669000.000,668992.673,-7.327
642,670,670000.000,669992.766,-7.234
643,671,671000.000,670992.758,-7.242
644,672,672000.000,671992.791,-7.209
645,673,673000.000,672992.644,-7.356
646,674,674000.000,673992.647,-7.353
647,675,675000.000,674995.615,-4.385
648,676,676000.000,675999.084,-0.916
649,677,677000.000,676995.871,-4.129
650,678,678000.000,677996.085,-3.915
651,679,679000.000,678995.436,-4.564
652,680,680000.000,679994.257,-5.743
653,681,681000.000,680996.213,-3.787
654,682,682000.000,682000.764,0.764
655,683,683000.000,682998.703,-1.297
656,684,684000.000,684014.125,14.125
657,686,686000.000,685995.034,-4.966
658,687,687000.000,686993.685,-6.315
659,688,688000.000,687994.108,-5.892
660,689,689000.000,688993.570,-6.430
661,690,690000.000,689992.852,-7.148
662,691,691000.000,690993.075,-6.925
663,692,692000.000,691993.037,-6.963
664,693,693000.000,692993.050,-6.950
665,694,694000.000,693993.224,-6.776
666,695,695000.000,694992.956,-7.044
667,696,696000.000,695993.199,-6.801
668,697,697000.000,696993.021,-6.979
669,698,698000.000,697993.224,-6.776
670,699,699000.000,698993.087,-6.913
671,700,700000.000,699993.581,-6.419
672,701,701000.000,700993.012,-6.988
673,702,702000.000,701993.225,-6.775
674,703,703000.000,702992.557,-7.443
675,704,704000.000,703992.931,-7.069
676,705,705000.000,704993.394,-6.606
677,706,706000.000,705992.936,-7.064
678,707,707000.000,706993.079,-6.921
679,708,708000.000,707993.162,-6.838
680,709,709000.000,708993.055,-6.945
681,710,710000.000,709992.386,-7.614
682,711,711000.000,710994.022,-5.978
683,712,712000.000,711992.442,-7.558
684,713,713000.000,712993.036,-6.964
685,714,714000.000,713992.889,-7.111
686,715,715000.000,714992.931,-7.069
687,716,716000.000,715993.154,-6.846
688,717,717000.000,716992.526,-7.474
689,718,718000.000,717992.609,-7.391
690,719,719000.000,718992.542,-7.458
691,720,720000.000,719992.775,-7.225
692,721,721000.000,720992.548,-7.452
693,722,722000.000,721993.422,-6.578
694,723,723000.000,722993.114,-6.886
695,724,724000.000,723992.716,-7.284
696,725,725000.000,724992.899,-7.101
697,726,726000.000,725992.972,-7.028
698,727,727000.000,726993.025,-6.975
699,728,728000.000,727993.018,-6.982
700,729,729000.000,728992.980,-7.020
701,730,730000.000,729992.973,-7.027
702,731,731000.000,730993.096,-6.904
703,732,732000.000,731992.518,-7.482
704,733,733000.000,732992.751,-7.249
705,734,734000.000,733993.235,-6.765
706,735,735000.000,734993.047,-6.953
707,736,736000.000,735993.471,-6.529
708,737,737000.000,736994.025,-5.975
709,738,738000.000,737995.751,-4.249
710,739,739000.000,738997.827,-2.173
711,740,740000.000,739997.299,-2.701
712,741,741000.000,740995.369,-4.631
713,742,742000.000,741995.291,-4.709
714,743,743000.000,742993.951,-6.049
715,744,744000.000,743993.784,-6.216
716,745,745000.000,744996.682,-3.318
717,746,746000.000,746002.546,2.546
718,748,748000.000,748009.204,9.204
719,749,749000.000,749006.682,6.682
720,750,750000.000,749993.951,-6.049
721,751,751000.000,750992.822,-7.178
722,752,752000.000,751992.664,-7.336
723,753,753000.000,752992.907,-7.093
724,754,754000.000,753992.719,-7.281
725,755,755000.000,754993.213,-6.787
726,756,756000.000,755993.777,-6.223
727,757,757000.000,756993.580,-6.420
728,758,758000.000,757992.350,-7.650
729,759,759000.000,758993.094,-6.906
730,760,760000.000,759992.636,-7.364
731,761,761000.000,760992.709,-7.291
732,762,762000.000,761992.832,-7.168
733,763,763000.000,762993.576,-6.424
734,764,764000.000,763993.318,-6.682
735,765,765000.000,764992.860,-7.140
736,766,766000.000,765992.593,-7.407
737,767,767000.000,766992.596,-7.404
738,768,768000.000,767992.839,-7.161
739,769,769000.000,768992.921,-7.079
740,770,770000.000,769993.395,-6.605
741,771,771000.000,770992.747,-7.253
742,772,772000.000,771992.980,-7.020
743,773,773000.000,772992.983,-7.017
744,774,774000.000,773993.136,-6.864
745,775,775000.000,774993.089,-6.911
746,776,776000.000,775992.541,-7.459
747,777,777000.000,776992.493,-7.507
748,778,778000.000,777992.566,-7.434
749,779,779000.000,778992.549,-7.451
750,780,780000.000,779992.992,-7.008
751,781,781000.000,780993.396,-6.604
752,782,782000.000,781993.259,-6.741
753,783,783000.000,782992.700,-7.300
754,784,784000.000,783992.783,-7.217
755,785,785000.000,784992.836,-7.164
756,786,786000.000,785993.120,-6.880
757,787,787000.000,786993.072,-6.928
758,788,788000.000,787992.614,-7.386
759,789,789000.000,788992.617,-7.383
760,790,790000.000,789992.680,-7.320
761,791,791000.000,790992.602,-7.398
762,792,792000.000,791993.206,-6.794
763,793,793000.000,792993.099,-6.901
764,794,794000.000,793992.961,-7.039
765,795,795000.000,794992.944,-7.056
766,796,796000.000,795993.087,-6.913
767,797,797000.000,796992.789,-7.211
768,798,798000.000,797993.033,-6.967
769,799,799000.000,798992.915,-7.085
770,800,800000.000,799993.018,-6.982
771,801,801000.000,800992.971,-7.029
772,802,802000.000,801993.114,-6.886
773,803,803000.000,802993.628,-6.372
774,804,804000.000,803993.650,-6.350
775,805,805000.000,804993.272,-6.728
776,806,806000.000,805993.175,-6.825
777,807,807000.000,806992.647,-7.353
778,808,808000.000,807992.670,-7.330
779,809,809000.000,808992.652,-7.348
780,810,810000.000,809993.156,-6.844
781,811,811000.000,810993.750,-6.250
782,812,812000.000,811992.110,-7.890
783,813,813000.000,812992.714,-7.286
784,814,814000.000,813992.496,-7.504
785,815,815000.000,814992.980,-7.020
786,816,816000.000,815993.083,-6.917
787,817,817000.000,816993.076,-6.924
788,818,818000.000,817992.587,-7.413
789,819,819000.000,818993.061,-6.939
790,820,820000.000,819992.413,-7.587
791,821,821000.000,820993.097,-6.903
792,822,822000.000,821992.599,-7.401
793,823,823000.000,822992.551,-7.449
794,824,824000.000,823992.614,-7.386
795,825,825000.000,824992.487,-7.513
796,826,826000.000,825992.810,-7.190
797,827,827000.000,826993.504,-6.496
798,828,828000.000,827992.796,-7.204
799,829,829000.000,828992.758,-7.242
800,830,830000.000,829992.931,-7.069
801,831,831000.000,830992.914,-7.086
802,832,832000.000,831992.967,-7.033
803,833,833000.000,832992.920,-7.080
804,834,834000.000,833993.002,-6.998
805,835,835000.000,834992.685,-7.315
806,836,836000.000,835992.548,-7.452
807,837,837000.000,836992.560,-7.440
808,838,838000.000,837992.914,-7.086
809,839,839000.000,838992.425,-7.575
810,840,840000.000,839992.468,-7.532
811,841,841000.000,840992.501,-7.499
812,842,842000.000,841992.544,-7.456
813,843,843000.000,842992.547,-7.453
814,844,844000.000,843992.600,-7.400
815,845,845000.000,844992.562,-7.438
816,846,846000.000,845992.656,-7.344
817,847,847000.000,846992.478,-7.522
818,848,848000.000,847992.461,-7.539
819,849,849000.000,848993.375,-6.625
820,850,850000.000,849993.147,-6.853
821,851,851000.000,850992.670,-7.330
822,852,852000.000,851992.793,-7.207
823,853,853000.000,852992.725,-7.275
824,854,854000.000,853992.788,-7.212
825,855,855000.000,854992.731,-7.269
826,856,856000.000,855992.874,-7.126
827,857,857000.000,856992.837,-7.163
828,858,858000.000,857992.889,-7.111
829,859,859000.000,858992.832,-7.168
830,860,860000.000,859993.085,-6.915
831,861,861000.000,860993.810,-6.190
832,862,862000.000,861994.293,-5.707
833,863,863000.000,862994.115,-5.885
834,864,864000.000,863993.056,-6.944
835,865,865000.000,864992.768,-7.232
836,866,866000.000,865992.681,-7.319
837,867,867000.000,866992.614,-7.386
838,868,868000.000,867992.617,-7.383
839,869,869000.000,868992.549,-7.451
840,870,870000.000,869992.572,-7.428
841,871,871000.000,870992.645,-7.355
842,872,872000.000,871993.109,-6.891
843,873,873000.000,872992.751,-7.249
844,874,874000.000,873992.884,-7.116
845,875,875000.000,874992.887,-7.113
846,876,876000.000,875992.969,-7.031
847,877,877000.000,876993.012,-6.988
848,878,878000.000,877992.585,-7.415
849,879,879000.000,878992.537,-7.463
850,880,880000.000,879992.620,-7.380
851,881,881000.000,880992.543,-7.457
852,882,882000.000,881992.626,-7.374
853,883,883000.000,882995.103,-4.897
854,884,884000.000,883992.531,-7.469
855,885,885000.000,884993.395,-6.605
856,886,886000.000,885992.236,-7.764
857,887,887000.000,886992.710,-7.290
858,888,888000.000,887992.783,-7.217
859,889,889000.000,888992.886,-7.114
860,890,890000.000,889992.979,-7.021
861,891,891000.000,890993.031,-6.969
862,892,892000.000,891993.064,-6.936
863,893,893000.000,892992.857,-7.143
864,894,894000.000,893993.932,-6.068
865,895,895000.000,894993.253,-6.747
866,896,896000.000,895993.005,-6.995
867,897,897000.000,896993.168,-6.832
868,898,898000.000,897992.460,-7.540
869,899,899000.000,898992.493,-7.507
870,900,900000.000,899992.656,-7.344
871,901,901000.000,900992.688,-7.312
872,902,902000.000,901992.842,-7.158
873,903,903000.000,902992.765,-7.235
874,904,904000.000,903992.888,-7.112
875,905,905000.000,904992.880,-7.120
876,906,906000.000,905993.133,-6.867
877,907,907000.000,906992.836,-7.164
878,908,908000.000,907992.849,-7.151
879,909,909000.000,908992.881,-7.119
880,910,910000.000,909993.405,-6.595
881,911,911000.000,910992.877,-7.123
882,912,912000.000,911993.150,-6.850
883,913,913000.000,912993.113,-6.887
884,914,914000.000,913992.845,-7.155
885,915,915000.000,914992.668,-7.332
886,916,916000.000,915992.931,-7.069
887,917,917000.000,916992.813,-7.187
888,918,918000.000,917993.267,-6.733
889,919,919000.000,918992.909,-7.091
890,920,920000.000,919992.872,-7.128
891,921,921000.000,920992.864,-7.136
892,922,922000.000,921993.068,-6.932
893,923,923000.000,922992.430,-7.570
894,924,924000.000,923992.633,-7.367
895,925,925000.000,924992.555,-7.445
896,926,926000.000,925992.658,-7.342
897,927,927000.000,926992.611,-7.389
898,928,928000.000,927992.654,-7.346
899,929,929000.000,928992.907,-7.093
900,930,930000.000,929993.361,-6.639
901,931,931000.000,930993.043,-6.957
902,932,932000.000,931993.056,-6.944
903,933,933000.000,932993.009,-6.991
904,934,934000.000,933993.141,-6.859
905,935,935000.000,934992.453,-7.547
906,936,936000.000,935992.566,-7.434
907,937,937000.000,936992.518,-7.482
908,938,938000.000,937992.662,-7.338
909,939,939000.000,938992.594,-7.406
910,940,940000.000,939993.278,-6.722
911,941,941000.000,940992.680,-7.320
912,942,942000.000,941992.873,-7.127
913,943,943000.000,942992.856,-7.144
914,944,944000.000,943992.939,-7.061
915,945,945000.000,944992.992,-7.008
916,946,946000.000,945992.533,-7.467
917,947,947000.000,946992.426,-7.574
918,948,948000.000,947992.499,-7.501
919,949,949000.000,948992.462,-7.538
920,950,950000.000,949992.675,-7.325
921,951,951000.000,950992.477,-7.523
922,952,952000.000,951993.252,-6.748
923,953,953000.000,952992.944,-7.056
924,954,954000.000,953992.516,-7.484
925,955,955000.000,954992.469,-7.531
926,956,956000.000,955992.621,-7.379
927,957,957000.000,956992.544,-7.456
928,958,958000.000,957992.597,-7.403
929,959,959000.000,958992.560,-7.440
930,960,960000.000,959992.623,-7.377
931,961,961000.000,960992.685,-7.315
932,962,962000.000,961992.869,-7.131
933,963,963000.000,962995.076,-4.924
934,964,964000.000,963992.354,-7.646
935,965,965000.000,964992.637,-7.363
936,966,966000.000,965992.900,-7.100
937,967,967000.000,966992.803,-7.197
938,968,968000.000,967992.866,-7.134
939,969,969000.000,968993.019,-6.981
940,970,970000.000,969993.162,-6.838
941,971,971000.000,970992.563,-7.437
942,972,972000.000,971992.616,-7.384
943,973,973000.000,972992.479,-7.521
944,974,974000.000,973992.452,-7.548
945,975,975000.000,974992.655,-7.345
946,976,976000.000,975993.148,-6.852
947,977,977000.000,976993.081,-6.919
948,978,978000.000,977993.344,-6.656
949,979,979000.000,978995.822,-4.178
950,980,980000.000,979997.798,-2.202
951,981,981000.000,980995.877,-4.123
952,982,982000.000,981996.411,-3.589
953,983,983000.000,982995.132,-4.868
954,984,984000.000,983993.481,-6.519
955,985,985000.000,984996.860,-3.140
956,986,986000.000,986000.760,0.760
957,987,987000.000,987000.573,0.573
958,988,988000.000,988011.887,11.887
959,989,989000.000,989006.740,6.740
960,990,990000.000,989994.610,-5.390
961,991,991000.000,990992.930,-7.070
962,992,992000.000,991993.995,-6.005
963,993,993000.000,992993.787,-6.213
964,994,994000.000,993993.459,-6.541
965,995,995000.000,994992.841,-7.159
966,996,996000.000,995992.863,-7.137
967,997,997000.000,996993.227,-6.773
968,998,998000.000,997993.170,-6.830
969,999,999000.000,998993.403,-6.597
