N,n,queue,ns_per_op,touched_per_op
20000,3,heap,7.21,2.00
20000,3,wheel,4885.85,3347.42
20000,3,scan,27.86,55.17
20000,3,cffs,17.77,9.50
20000,10,heap,13.82,6.14
20000,10,wheel,1473.24,1002.98
20000,10,scan,17.25,18.65
20000,10,cffs,16.68,8.51
20000,30,heap,19.82,8.98
20000,30,wheel,504.42,334.62
20000,30,scan,14.06,8.21
20000,30,cffs,14.60,8.01
20000,100,heap,25.39,12.70
20000,100,wheel,159.03,101.01
20000,100,scan,13.46,4.56
20000,100,cffs,16.92,7.53
20000,300,heap,30.15,15.78
20000,300,wheel,61.40,34.33
20000,300,scan,10.65,3.51
20000,300,cffs,18.61,6.88
20000,1000,heap,36.46,18.92
20000,1000,wheel,27.18,11.00
20000,1000,scan,9.85,3.11
20000,1000,cffs,14.93,6.22
20000,3000,heap,41.60,22.15
20000,3000,wheel,18.96,4.33
20000,3000,scan,10.99,2.92
20000,3000,cffs,15.32,5.83
20000,10000,heap,50.06,25.51
20000,10000,wheel,15.40,2.00
20000,10000,scan,16.15,2.65
20000,10000,cffs,20.18,5.30
20000,30000,heap,56.88,28.49
20000,30000,wheel,13.13,1.33
20000,30000,scan,15.77,2.32
20000,30000,cffs,18.51,4.64
20000,100000,heap,67.90,31.99
20000,100000,wheel,10.68,1.10
20000,100000,scan,11.35,2.10
20000,100000,cffs,13.71,4.20
20000,300000,heap,79.75,35.06
20000,300000,wheel,11.11,1.03
20000,300000,scan,11.87,2.03
20000,300000,cffs,14.81,4.07
20000,1000000,heap,122.64,38.38
20000,1000000,wheel,13.37,1.01
20000,1000000,scan,18.08,2.01
20000,1000000,cffs,17.65,4.02
