t_s,label,ca_state,cwnd,rtt_ms,min_rtt_ms,lost,total_retrans,pacing_mbps,delivery_mbps,bytes_acked,segs_out
0.000,cubic,open,10,80.971,80.971,0,0,2.861,0.0,1,0
0.051,cubic,open,18,58.507,41.652,0,0,7.128,1.85,11585,18
0.101,cubic,open,28,47.617,41.526,0,0,13.623,2.878,26065,46
0.152,cubic,open,61,43.843,41.406,0,0,32.234,8.009,73849,112
0.203,cubic,open,88,57.618,41.406,0,0,21.23,9.559,134665,180
0.253,cubic,open,90,82.536,41.406,0,0,15.275,9.54,196929,226
0.303,cubic,open,92,103.812,41.406,0,0,12.319,9.555,254849,267
0.353,cubic,open,95,108.068,41.406,0,0,12.22,9.694,315665,313
0.404,cubic,open,97,109.816,41.406,0,0,12.278,9.598,375033,356
0.454,cubic,open,99,112.139,41.406,0,0,12.272,9.609,435849,400
0.504,cubic,open,101,115.515,41.406,0,0,12.154,9.559,496665,444
0.554,cubic,open,103,117.869,41.406,0,0,12.147,9.558,554585,486
0.604,cubic,open,105,120.257,41.406,0,0,12.137,9.559,615401,530
0.654,cubic,open,107,122.58,41.406,0,0,12.134,9.564,674769,573
0.705,cubic,open,109,124.905,41.406,0,0,12.131,9.564,735585,617
0.755,cubic,open,111,127.275,41.406,0,0,12.123,9.564,796401,661
0.805,cubic,open,113,129.712,41.406,0,0,12.11,9.565,854321,703
0.855,cubic,open,115,132.293,41.406,0,0,12.084,9.564,916585,748
0.905,cubic,open,117,134.649,41.406,0,0,12.079,9.564,975953,791
0.955,cubic,open,119,136.995,41.406,0,0,12.075,9.564,1033873,833
1.005,cubic,open,121,139.197,41.406,0,0,12.084,9.564,1094689,877
1.055,cubic,open,124,141.847,41.406,0,0,12.152,9.564,1155505,922
1.106,cubic,open,126,144.234,41.406,0,0,12.143,9.564,1214873,964
1.156,cubic,open,128,146.531,41.406,0,0,12.143,9.564,1275689,1008
1.206,cubic,open,130,148.926,41.406,0,0,12.134,9.564,1335057,1052
1.256,cubic,open,132,151.306,41.406,0,0,12.127,9.564,1395873,1096
1.306,cubic,open,134,153.495,41.406,0,0,12.135,9.564,1453793,1138
1.356,cubic,open,136,155.966,41.406,0,0,12.121,9.564,1514609,1182
1.406,cubic,open,138,158.399,41.406,0,0,12.111,9.564,1575425,1226
1.456,cubic,open,140,160.661,41.406,0,0,12.113,9.564,1633345,1268
1.506,cubic,open,142,163.298,41.406,0,0,12.088,9.563,1692713,1311
1.556,cubic,open,144,165.591,41.406,0,0,12.088,9.564,1754977,1356
1.606,cubic,open,146,168.147,41.406,0,0,12.07,9.557,1812897,1398
1.657,cubic,open,148,170.401,41.406,0,0,12.073,9.557,1872265,1441
1.707,cubic,open,150,172.887,41.406,0,0,12.061,9.557,1933081,1485
1.757,cubic,open,152,175.3,41.406,0,0,12.053,9.56,1993897,1529
1.807,cubic,open,154,177.528,41.406,0,0,12.058,9.56,2051817,1571
1.857,cubic,open,157,179.887,41.406,0,0,12.132,9.56,2112633,1616
1.907,cubic,open,159,182.194,41.406,0,0,12.131,9.564,2173449,1660
1.957,cubic,open,161,184.683,41.406,0,0,12.118,9.564,2232817,1703
2.007,cubic,open,163,187.073,41.406,0,0,12.112,9.564,2293633,1747
2.057,cubic,open,165,189.593,41.406,0,0,12.098,9.564,2353001,1790
2.108,cubic,open,167,191.813,41.406,0,0,12.103,9.564,2412369,1833
2.158,cubic,open,169,194.209,41.406,0,0,12.096,9.564,2473185,1876
2.208,cubic,open,171,196.703,41.406,0,0,12.084,9.564,2532553,1920
2.258,cubic,open,173,199.178,41.406,0,0,12.074,9.563,2591921,1963
2.308,cubic,open,175,201.247,41.406,0,0,12.088,9.564,2651289,2006
2.358,cubic,open,177,203.641,41.406,0,0,12.082,9.564,2712105,2049
2.408,cubic,open,179,206.182,41.406,0,0,12.068,9.564,2772921,2094
2.458,cubic,open,181,208.463,41.406,0,0,12.069,9.564,2832289,2137
2.509,cubic,open,184,210.931,41.406,0,0,12.126,9.564,2893105,2182
2.559,cubic,open,186,213.284,41.406,0,0,12.123,9.563,2951025,2224
2.609,cubic,open,188,215.698,41.406,0,0,12.116,9.564,3011841,2268
2.659,cubic,open,190,218.203,41.406,0,0,12.104,9.564,3072657,2312
2.709,cubic,open,192,220.429,41.406,0,0,12.108,9.564,3132025,2355
2.759,cubic,open,194,222.926,41.406,0,0,12.097,9.564,3192841,2399
2.809,cubic,open,196,224.971,41.406,0,0,12.111,9.564,3250761,2441
2.860,cubic,open,198,227.168,41.406,0,0,12.116,9.564,3310129,2484
2.910,cubic,open,200,229.874,41.406,0,0,12.094,9.564,3372393,2529
2.960,cubic,open,202,232.268,41.406,0,0,12.089,9.564,3431761,2572
3.010,cubic,open,204,234.694,41.406,0,0,12.083,9.564,3491129,2615
3.060,cubic,open,206,237.052,41.406,0,0,12.08,9.564,3551945,2659
3.110,cubic,open,208,239.508,41.406,0,0,12.072,9.564,3609865,2701
3.160,cubic,open,210,241.976,41.406,0,0,12.064,9.564,3670681,2745
3.210,cubic,open,212,244.205,41.406,0,0,12.068,9.564,3730049,2788
3.260,cubic,open,214,246.524,41.406,0,0,12.067,9.564,3789417,2831
3.310,cubic,open,217,248.957,41.406,0,0,12.116,9.564,3850233,2876
3.360,cubic,open,219,251.572,41.406,0,0,12.101,9.564,3911049,2920
3.410,cubic,open,221,253.912,41.406,0,0,12.099,9.564,3970417,2963
3.461,cubic,open,223,256.245,41.406,0,0,12.097,9.564,4031233,3007
3.511,cubic,open,225,258.582,41.406,0,0,12.095,9.564,4090601,3050
3.561,cubic,open,227,261.302,41.406,0,0,12.076,9.564,4148521,3092
3.611,cubic,open,229,263.49,41.406,0,0,12.081,9.564,4210785,3137
3.661,cubic,open,231,265.64,41.406,0,0,12.088,9.564,4268705,3179
3.711,cubic,open,233,268.282,41.406,0,0,12.073,9.564,4329521,3223
3.761,cubic,open,235,270.628,41.406,0,0,12.071,9.564,4388889,3266
3.811,cubic,open,237,272.832,41.406,0,0,12.075,9.564,4449705,3310
3.861,cubic,open,239,275.309,41.406,0,0,12.067,9.564,4509073,3353
3.911,cubic,open,241,277.708,41.406,0,0,12.063,9.564,4569889,3397
3.961,cubic,open,243,279.952,41.406,0,0,12.066,9.564,4629257,3440
4.011,cubic,open,246,282.687,41.406,0,0,12.097,9.564,4688625,3483
4.061,cubic,open,248,284.906,41.406,0,0,12.1,9.564,4747993,3527
4.112,cubic,open,250,287.068,41.406,0,0,12.106,9.564,4807361,3570
4.162,cubic,open,252,289.682,41.406,0,0,12.093,9.564,4866729,3613
4.212,cubic,open,254,292.162,41.406,0,0,12.085,9.564,4928993,3658
4.262,cubic,open,256,294.198,41.406,0,0,12.096,9.564,4986913,3700
4.312,cubic,open,258,296.671,41.406,0,0,12.089,9.564,5046281,3743
4.362,cubic,open,260,299.113,41.406,0,0,12.083,9.564,5108545,3787
4.412,cubic,open,262,301.502,41.406,0,0,12.08,9.564,5166465,3830
4.462,cubic,open,264,303.863,41.406,0,0,12.077,9.564,5227281,3874
4.512,cubic,open,266,306.177,41.406,0,0,12.077,9.564,5288097,3918
4.562,cubic,open,268,308.595,41.406,0,0,12.072,9.564,5347465,3961
4.613,cubic,open,270,311.169,41.406,0,0,12.062,9.564,5406833,4004
4.663,cubic,open,272,313.319,41.406,0,0,12.068,9.564,5467649,4048
4.713,cubic,open,275,315.579,41.406,0,0,12.113,9.564,5528465,4093
4.763,cubic,open,277,318.138,41.406,0,0,12.103,9.564,5587833,4136
4.813,cubic,open,279,320.552,41.406,0,0,12.099,9.564,5647201,4179
4.863,cubic,open,281,322.812,41.406,0,0,12.1,9.564,5706569,4222
4.913,cubic,open,283,325.515,41.406,0,0,12.085,9.564,5767385,4266
4.964,cubic,open,285,327.773,41.406,0,0,12.087,9.564,5826753,4309
5.014,cubic,open,287,330.041,41.406,0,0,12.088,9.564,5887569,4353
5.064,cubic,open,289,332.496,41.406,0,0,12.082,9.564,5946937,4396
5.114,cubic,open,291,335.107,41.406,0,0,12.071,9.564,6007753,4440
5.164,cubic,open,293,337.525,41.406,0,0,12.067,9.564,6067121,4483
5.214,cubic,open,295,339.714,41.406,0,0,12.071,9.564,6125041,4525
5.264,cubic,open,297,342.249,41.406,0,0,12.063,9.564,6187305,4570
5.314,cubic,open,299,344.559,41.406,0,0,12.063,9.564,6245225,4612
5.364,cubic,open,301,346.928,41.406,0,0,12.061,9.564,6306041,4656
5.414,cubic,open,303,349.192,41.406,0,0,12.062,9.564,6365409,4699
5.464,cubic,open,306,351.949,41.406,0,0,12.086,9.563,6426225,4744
5.514,cubic,open,308,354.051,41.406,0,0,12.093,9.563,6484145,4786
5.564,cubic,open,310,356.393,41.406,0,0,12.091,9.563,6546409,4831
5.615,cubic,open,312,359.062,41.406,0,0,12.079,9.563,6605777,4874
5.665,cubic,open,314,361.317,41.406,0,0,12.08,9.563,6665145,4917
5.715,cubic,open,316,363.765,41.406,0,0,12.076,9.563,6725961,4961
5.765,cubic,open,318,365.962,41.406,0,0,12.079,9.566,6785329,5004
5.815,cubic,open,320,368.064,41.406,0,0,12.086,9.564,6843249,5046
5.865,cubic,open,322,370.765,41.406,0,0,12.072,9.564,6905513,5091
5.915,cubic,open,324,373.267,41.406,0,0,12.066,9.561,6963433,5133
5.965,cubic,open,326,375.311,41.406,0,0,12.074,9.564,7022801,5176
6.015,cubic,open,328,377.722,41.406,0,0,12.071,9.564,7083617,5220
6.065,cubic,open,330,380.085,41.406,0,0,12.069,9.564,7144433,5264
6.115,cubic,open,332,382.669,41.406,0,0,12.06,9.564,7205249,5308
6.166,cubic,open,334,384.953,41.406,0,0,12.061,9.564,7264617,5351
6.216,cubic,open,337,387.254,41.406,0,0,12.097,9.564,7323985,5394
6.266,cubic,open,339,389.532,41.406,0,0,12.098,9.564,7383353,5438
6.316,cubic,open,341,392.424,41.406,0,0,12.079,9.564,7444169,5482
6.366,cubic,open,343,394.592,41.406,0,0,12.083,9.564,7503537,5525
6.416,cubic,open,345,396.814,41.406,0,0,12.086,9.564,7564353,5569
6.466,cubic,open,347,399.133,41.406,0,0,12.085,9.564,7622273,5611
6.516,cubic,open,349,401.828,41.406,0,0,12.073,9.563,7683089,5655
6.567,cubic,open,351,404.051,41.406,0,0,12.076,9.563,7743905,5699
6.617,cubic,open,353,406.431,41.406,0,0,12.073,9.563,7801825,5741
6.667,cubic,open,355,408.901,41.406,0,0,12.068,9.563,7864089,5786
6.717,cubic,open,357,411.65,41.406,0,0,12.055,9.563,7923457,5829
6.767,cubic,open,359,413.856,41.406,0,0,12.058,9.563,7982825,5872
6.818,cubic,open,361,416.282,41.406,0,0,12.055,9.563,8042193,5915
6.868,cubic,open,363,418.556,41.406,0,0,12.056,9.563,8103009,5959
6.918,cubic,open,366,420.867,41.406,0,0,12.089,9.564,8163825,6004
6.968,cubic,open,368,423.116,41.406,0,0,12.09,9.564,8223193,6047
7.018,cubic,open,370,425.512,41.406,0,0,12.087,9.564,8282561,6090
7.068,cubic,open,372,428.071,41.406,0,0,12.08,9.564,8343377,6134
7.118,cubic,open,374,430.507,41.406,0,0,12.076,9.564,8402745,6177
7.168,cubic,open,376,432.816,41.406,0,0,12.076,9.564,8462113,6220
7.219,cubic,open,378,435.324,41.406,0,0,12.07,9.564,8521481,6263
7.269,cubic,open,380,437.947,41.406,0,0,12.061,9.564,8583745,6308
7.319,cubic,open,382,440.015,41.406,0,0,12.068,9.565,8641665,6350
7.369,cubic,open,384,442.596,41.406,0,0,12.06,9.564,8702481,6394
7.419,cubic,recovery,376,443.723,41.406,2,2,12.594,9.543,8724201,6429
7.469,cubic,recovery,362,443.736,41.406,4,4,13.408,9.543,8724201,6458
7.519,cubic,recovery,347,443.744,41.406,6,6,14.285,9.543,8724201,6487
7.569,cubic,recovery,333,443.767,41.406,8,8,15.098,9.542,8724201,6516
7.619,cubic,recovery,318,442.732,41.406,10,10,16.013,9.564,8724201,6545
7.670,cubic,recovery,304,442.806,41.406,12,12,16.858,9.564,8724201,6575
7.720,cubic,recovery,289,442.748,41.406,14,14,17.708,9.564,8724201,6603
7.770,cubic,recovery,275,442.825,41.406,16,16,18.521,9.564,8724201,6632
7.820,cubic,recovery,269,442.798,41.406,18,18,19.652,9.564,8724201,6670
7.870,cubic,recovery,269,430.843,41.406,16,19,19.52,9.23,8813977,6712
7.920,cubic,recovery,269,408.938,41.406,13,19,19.852,8.758,8905201,6754
7.970,cubic,recovery,269,387.719,41.406,10,19,20.149,8.307,8996425,6795
8.021,cubic,recovery,269,367.757,41.406,7,19,20.298,7.839,9091993,6836
8.071,cubic,recovery,269,345.665,41.406,4,19,20.831,7.389,9180321,6878
8.121,cubic,recovery,269,325.804,41.406,2,19,22.016,6.977,9241137,6918
8.171,cubic,open,269,325.748,41.406,0,19,11.479,7.123,9662505,6961
8.221,cubic,open,270,325.812,41.406,0,19,11.52,7.475,9721873,7003
8.271,cubic,open,271,325.813,41.406,0,19,11.562,7.888,9781241,7045
8.321,cubic,open,272,325.182,41.406,0,19,11.627,8.304,9842057,7088
8.372,cubic,open,274,325.304,41.406,0,19,11.708,8.816,9901425,7131
8.422,cubic,open,275,325.248,41.406,0,19,11.753,9.396,9962241,7174
8.472,cubic,open,277,324.892,41.406,0,19,11.852,9.593,10021609,7217
8.522,cubic,open,278,325.803,41.406,0,19,11.861,9.564,10080977,7259
8.572,cubic,open,280,326.997,41.406,0,19,11.903,9.564,10141793,7303
8.622,cubic,open,282,328.217,41.406,0,19,11.943,9.564,10201161,7346
8.672,cubic,open,284,329.959,41.406,0,19,11.965,9.564,10261977,7390
8.723,cubic,open,286,331.545,41.406,0,19,11.991,9.564,10321345,7433
8.773,cubic,open,287,333.143,41.406,0,19,11.975,9.564,10380713,7474
8.823,cubic,open,289,334.826,41.406,0,19,11.998,9.564,10441529,7519
8.873,cubic,open,291,337.271,41.406,0,19,11.994,9.564,10500897,7562
8.923,cubic,open,293,338.89,41.406,0,19,12.018,9.564,10561713,7605
8.973,cubic,open,295,341.033,41.406,0,19,12.024,9.564,10621081,7649
9.023,cubic,open,297,343.096,41.406,0,19,12.033,9.564,10680449,7692
9.073,cubic,open,299,345.421,41.406,0,19,12.033,9.564,10741265,7736
9.124,cubic,open,301,347.338,41.406,0,19,12.046,9.564,10800633,7779
9.174,cubic,open,303,349.476,41.406,0,19,12.052,9.564,10860001,7821
9.224,cubic,open,305,351.849,41.406,0,19,12.05,9.564,10920817,7865
9.274,cubic,open,307,354.267,41.406,0,19,12.046,9.564,10978737,7908
9.324,cubic,open,309,356.816,41.406,0,19,12.038,9.564,11041001,7953
9.374,cubic,open,310,359.286,41.406,0,19,11.994,9.564,11100369,7995
9.424,cubic,open,312,361.236,41.406,0,19,12.006,9.564,11158289,8037
9.474,cubic,open,314,363.774,41.406,0,19,11.999,9.564,11220553,8082
9.524,cubic,open,316,365.645,41.406,0,19,12.013,9.564,11278473,8124
9.575,cubic,open,317,367.845,41.406,0,19,11.979,9.564,11337841,8166
9.625,cubic,open,319,370.091,41.406,0,19,11.982,9.564,11398657,8210
9.675,cubic,open,321,372.281,41.406,0,19,11.986,9.564,11458025,8253
9.725,cubic,open,323,374.39,41.406,0,19,11.993,9.564,11520289,8297
9.775,cubic,open,324,376.432,41.406,0,19,11.965,9.563,11579657,8340
9.825,cubic,open,326,378.501,41.406,0,19,11.973,9.564,11639025,8383
9.875,cubic,open,327,380.616,41.406,0,19,11.943,9.564,11698393,8425
9.926,cubic,open,329,382.487,41.406,0,19,11.957,9.564,11757761,8468
9.976,cubic,open,330,384.55,41.406,0,19,11.929,9.564,11818577,8511
10.026,cubic,open,332,386.523,41.406,0,19,11.94,9.563,11879393,8555
10.076,cubic,open,333,388.347,41.406,0,19,11.92,9.564,11937313,8596
10.126,cubic,open,335,390.435,41.406,0,19,11.927,9.565,11998129,8640
10.176,cubic,open,336,392.192,41.406,0,19,11.909,9.566,12057497,8682
10.226,cubic,open,338,394.401,41.406,0,19,11.913,9.564,12119761,8727
10.276,cubic,open,339,395.965,41.406,0,19,11.901,9.564,12177681,8768
10.327,cubic,open,341,397.831,41.406,0,19,11.915,9.564,12237049,8811
10.377,cubic,open,342,399.56,41.406,0,19,11.898,9.564,12299313,8855
10.427,cubic,open,343,401.472,41.406,0,19,11.876,9.564,12358681,8897
10.477,cubic,open,345,403.093,41.406,0,19,11.897,9.564,12416601,8939
10.527,cubic,open,346,405.085,41.406,0,19,11.873,9.564,12477417,8982
10.577,cubic,open,347,406.71,41.406,0,19,11.86,9.563,12538233,9025
10.627,cubic,open,348,408.216,41.406,0,19,11.85,9.564,12597601,9067
10.678,cubic,open,349,410.121,41.406,0,19,11.829,9.564,12656969,9109
10.728,cubic,open,351,411.472,41.406,0,19,11.858,9.564,12717785,9153
10.778,cubic,open,352,413.45,41.406,0,19,11.835,9.564,12778601,9196
10.828,cubic,open,353,415.06,41.406,0,19,11.822,9.564,12836521,9237
10.878,cubic,open,354,416.279,41.406,0,19,11.821,9.564,12897337,9280
10.928,cubic,open,355,417.853,41.406,0,19,11.81,9.564,12956705,9322
10.978,cubic,open,356,419.33,41.406,0,19,11.801,9.564,13016073,9364
11.028,cubic,open,357,420.864,41.406,0,19,11.791,9.564,13076889,9407
11.079,cubic,open,358,422.344,41.406,0,19,11.783,9.564,13137705,9450
11.129,cubic,open,359,423.94,41.406,0,19,11.771,9.564,13198521,9493
11.179,cubic,open,360,425.039,41.406,0,19,11.774,9.564,13256441,9534
11.229,cubic,open,361,426.301,41.406,0,19,11.771,9.564,13315809,9576
11.279,cubic,open,362,427.658,41.406,0,19,11.767,9.564,13376625,9619
11.329,cubic,open,362,428.747,41.406,0,19,11.737,9.564,13437441,9661
11.379,cubic,open,363,429.991,41.406,0,19,11.735,9.564,13495361,9702
11.429,cubic,open,364,431.112,41.406,0,19,11.737,9.564,13557625,9746
11.480,cubic,open,365,432.414,41.406,0,19,11.734,9.564,13615545,9787
11.530,cubic,open,366,433.641,41.406,0,19,11.732,9.564,13677809,9831
11.580,cubic,open,366,434.764,41.406,0,19,11.702,9.564,13735729,9871
11.630,cubic,open,367,435.954,41.406,0,19,11.702,9.564,13796545,9914
11.680,cubic,open,368,437.119,41.406,0,19,11.703,9.564,13857361,9957
11.730,cubic,open,369,438.222,41.406,0,19,11.705,9.564,13915281,9998
11.780,cubic,open,369,439.135,41.406,0,19,11.681,9.563,13976097,10039
11.830,cubic,open,370,439.712,41.406,0,19,11.697,9.564,14035465,10082
11.880,cubic,open,371,440.937,41.406,0,19,11.696,9.564,14094833,10124
11.931,cubic,open,371,441.959,41.406,0,19,11.669,9.564,14155649,10166
11.981,cubic,open,372,442.98,41.406,0,19,11.673,9.564,14216465,10209
12.031,cubic,disorder,373,443.381,41.406,0,19,11.726,9.564,14272937,10250
12.081,cubic,recovery,359,443.748,41.406,1,20,12.562,9.543,14272937,10279
12.131,cubic,recovery,346,443.669,41.406,2,21,13.441,9.542,14272937,10308
12.181,cubic,recovery,332,443.801,41.406,3,22,14.346,9.543,14272937,10337
12.231,cubic,recovery,320,443.388,41.406,3,22,15.237,9.542,14272937,10366
12.281,cubic,recovery,307,443.736,41.406,4,23,16.102,9.543,14272937,10395
12.332,cubic,recovery,293,443.788,41.406,5,24,16.977,9.543,14272937,10424
12.382,cubic,recovery,280,443.743,41.406,6,25,17.856,9.543,14272937,10453
12.432,cubic,recovery,267,443.708,41.406,6,25,18.766,9.542,14272937,10482
12.482,cubic,recovery,261,440.957,41.406,6,26,18.347,9.464,14349681,10519
12.532,cubic,recovery,261,421.737,41.406,5,26,18.524,8.995,14436561,10559
12.582,cubic,recovery,261,399.95,41.406,4,26,18.977,8.526,14520545,10601
12.632,cubic,recovery,261,378.722,41.406,3,26,19.307,8.082,14608873,10642
12.683,cubic,recovery,261,356.938,41.406,2,26,19.706,7.613,14698649,10684
12.733,cubic,recovery,261,335.585,41.406,1,26,19.551,7.144,14807249,10725
12.783,cubic,recovery,261,316.064,41.406,1,26,22.562,6.797,14807249,10766
12.833,cubic,open,261,316.523,41.406,0,26,11.462,7.147,15234409,10808
12.883,cubic,open,262,316.349,41.406,0,26,11.513,7.536,15295225,10851
12.933,cubic,open,263,316.339,41.406,0,26,11.557,7.944,15353145,10892
12.983,cubic,open,263,316.332,41.406,0,26,11.557,8.427,15413961,10934
13.033,cubic,open,264,316.344,41.406,0,26,11.601,8.915,15473329,10976
13.084,cubic,open,265,316.401,41.406,0,26,11.643,9.528,15534145,11019
13.134,cubic,open,267,316.179,41.406,0,26,11.739,9.563,15594961,11063
13.184,cubic,open,268,316.587,41.406,0,26,11.767,9.563,15654329,11105
13.234,cubic,open,269,317.293,41.406,0,26,11.785,9.564,15715145,11148
13.284,cubic,open,270,318.404,41.406,0,26,11.788,9.564,15774513,11190
13.334,cubic,open,271,319.469,41.406,0,26,11.792,9.564,15832433,11231
13.384,cubic,open,273,320.567,41.406,0,26,11.838,9.566,15894697,11276
13.434,cubic,open,274,321.879,41.406,0,26,11.833,9.561,15954065,11318
13.484,cubic,open,275,323.154,41.406,0,26,11.829,9.564,16013433,11360
13.534,cubic,open,276,324.375,41.406,0,26,11.828,9.563,16074249,11403
13.585,cubic,open,277,325.828,41.406,0,26,11.818,9.563,16132169,11444
13.635,cubic,open,279,327.377,41.406,0,26,11.847,9.564,16192985,11488
13.685,cubic,open,280,328.984,41.406,0,26,11.831,9.563,16252353,11530
13.735,cubic,open,281,330.394,41.406,0,26,11.823,9.562,16313169,11573
13.785,cubic,open,282,331.669,41.406,0,26,11.819,9.565,16373985,11616
13.835,cubic,open,283,332.969,41.406,0,26,11.815,9.562,16431905,11657
13.885,cubic,open,284,334.354,41.406,0,26,11.807,9.564,16491273,11699
13.935,cubic,open,285,336.07,41.406,0,26,11.788,9.563,16553537,11743
13.985,cubic,open,286,337.345,41.406,0,26,11.785,9.563,16611457,11784
14.035,cubic,open,287,338.675,41.406,0,26,11.78,9.564,16672273,11827
14.086,cubic,open,288,339.898,41.406,0,26,11.778,9.563,16731641,11869
14.136,cubic,open,289,341.226,41.406,0,26,11.773,9.564,16791009,11911
14.186,cubic,open,290,342.371,41.406,0,26,11.774,9.565,16850377,11953
14.236,cubic,open,291,343.679,41.406,0,26,11.77,9.564,16911193,11996
14.286,cubic,open,292,344.906,41.406,0,26,11.769,9.564,16972009,12039
14.336,cubic,open,293,346.196,41.406,0,26,11.765,9.563,17031377,12081
14.386,cubic,open,293,347.449,41.406,0,26,11.722,9.564,17090745,12122
14.436,cubic,open,294,348.669,41.406,0,26,11.721,9.565,17151561,12165
14.486,cubic,open,295,349.657,41.406,0,26,11.728,9.564,17212377,12208
14.537,cubic,open,296,351.024,41.406,0,26,11.722,9.564,17273193,12251
14.587,cubic,open,297,352.05,41.406,0,26,11.727,9.565,17332561,12293
14.637,cubic,open,298,353.195,41.406,0,26,11.728,9.565,17391929,12335
14.687,cubic,open,299,353.971,41.406,0,26,11.742,9.564,17452745,12378
14.738,cubic,open,299,354.977,41.406,0,26,11.709,9.565,17512113,12419
14.788,cubic,open,300,356.175,41.406,0,26,11.708,9.564,17571481,12461
14.838,cubic,open,301,357.178,41.406,0,26,11.714,9.564,17630849,12503
14.888,cubic,open,301,358.156,41.406,0,26,11.682,9.564,17690217,12544
14.938,cubic,open,302,359.206,41.406,0,26,11.687,9.564,17751033,12587
14.988,cubic,open,303,360.046,41.406,0,26,11.698,9.562,17811849,12630
15.038,cubic,open,303,360.914,41.406,0,26,11.67,9.563,17869769,12670
15.088,cubic,open,304,362.254,41.406,0,26,11.665,9.564,17932033,12714
15.139,cubic,open,305,363.38,41.406,0,26,11.667,9.563,17991401,12756
15.189,cubic,open,305,363.735,41.406,0,26,11.656,9.562,18052217,12798
15.239,cubic,open,306,364.77,41.406,0,26,11.661,9.562,18111585,12840
15.289,cubic,open,306,365.69,41.406,0,26,11.632,9.561,18169505,12880
15.339,cubic,open,307,366.149,41.406,0,26,11.655,9.563,18230321,12923
15.389,cubic,open,307,367.031,41.406,0,26,11.627,9.562,18291137,12965
15.439,cubic,open,308,368.03,41.406,0,26,11.633,9.563,18349057,13006
15.489,cubic,open,308,368.441,41.406,0,26,11.62,9.563,18409873,13048
15.540,cubic,open,309,369.535,41.406,0,26,11.624,9.563,18469241,13090
15.590,cubic,open,309,369.583,41.406,0,26,11.622,9.564,18530057,13132
15.640,cubic,open,310,370.69,41.406,0,26,11.625,9.563,18590873,13175
15.690,cubic,open,310,370.702,41.406,0,26,11.625,9.564,18648793,13215
15.740,cubic,open,310,371.762,41.406,0,26,11.591,9.564,18709609,13257
15.790,cubic,open,311,372.25,41.406,0,26,11.614,9.563,18768977,13299
15.840,cubic,open,311,373.32,41.406,0,26,11.58,9.564,18829793,13341
15.890,cubic,open,312,374.039,41.406,0,26,11.595,9.564,18890609,13384
15.940,cubic,open,312,374.42,41.406,0,26,11.583,9.564,18949977,13425
15.991,cubic,open,312,374.475,41.406,0,26,11.582,9.564,19010793,13467
16.041,cubic,open,313,375.449,41.406,0,26,11.589,9.564,19070161,13509
16.091,cubic,open,313,375.646,41.406,0,26,11.583,9.565,19129529,13550
16.141,cubic,open,313,376.126,41.406,0,26,11.568,9.566,19188897,13591
16.191,cubic,open,313,376.677,41.406,0,26,11.551,9.561,19248265,13632
16.241,cubic,open,314,376.93,41.406,0,26,11.58,9.564,19310529,13676
16.291,cubic,open,314,378.059,41.406,0,26,11.545,9.563,19369897,13717
16.341,cubic,open,314,377.914,41.406,0,26,11.55,9.565,19427817,13757
16.392,cubic,open,315,378.512,41.406,0,26,11.568,9.564,19488633,13800
16.442,cubic,open,315,379.112,41.406,0,26,11.55,9.565,19548001,13841
16.492,cubic,open,315,379.168,41.406,0,26,11.548,9.564,19608817,13883
16.542,cubic,open,315,379.153,41.406,0,26,11.549,9.565,19668185,13924
16.592,cubic,open,316,380.099,41.406,0,26,11.557,9.565,19727553,13966
16.642,cubic,open,316,380.503,41.406,0,26,11.544,9.564,19788369,14008
16.692,cubic,open,316,380.409,41.406,0,26,11.547,9.564,19849185,14050
16.743,cubic,open,316,380.593,41.406,0,26,11.542,9.564,19907105,14090
16.793,cubic,open,316,381.648,41.406,0,26,11.51,9.563,19967921,14132
16.843,cubic,open,316,381.805,41.406,0,26,11.505,9.562,20028737,14174
16.893,cubic,open,316,381.438,41.406,0,26,11.516,9.564,20088105,14215
16.943,cubic,open,316,381.156,41.406,0,26,11.525,9.564,20148921,14257
16.993,cubic,open,317,382.74,41.406,0,26,11.513,9.565,20208289,14299
17.043,cubic,open,317,383.076,41.406,0,26,11.503,9.564,20269105,14341
17.093,cubic,open,317,382.858,41.406,0,26,11.51,9.564,20328473,14382
17.144,cubic,open,317,382.887,41.406,0,26,11.509,9.566,20389289,14424
17.194,cubic,open,317,382.669,41.406,0,26,11.515,9.573,20448657,14465
17.244,cubic,open,317,382.816,41.406,0,26,11.511,9.565,20508025,14506
17.294,cubic,open,317,382.793,41.406,0,26,11.512,9.565,20567393,14547
17.344,cubic,open,317,382.899,41.406,0,26,11.508,9.564,20628209,14589
17.394,cubic,open,317,383.925,41.406,0,26,11.478,9.564,20687577,14630
17.444,cubic,open,317,384.118,41.406,0,26,11.472,9.564,20746945,14671
17.494,cubic,open,317,384.009,41.406,0,26,11.475,9.564,20807761,14713
17.545,cubic,open,317,384.126,41.406,0,26,11.472,9.564,20867129,14754
17.595,cubic,open,317,384.067,41.406,0,26,11.473,9.564,20926497,14795
17.645,cubic,open,317,384.022,41.406,0,26,11.475,9.564,20987313,14837
17.695,cubic,open,317,383.984,41.406,0,26,11.476,9.564,21046681,14878
17.745,cubic,open,317,383.935,41.406,0,26,11.477,9.564,21107497,14920
17.795,cubic,open,317,384.178,41.406,0,26,11.47,9.534,21168313,14962
17.845,cubic,open,317,384.075,41.406,0,26,11.473,9.564,21227681,15003
17.895,cubic,open,317,384.332,41.406,0,26,11.465,9.534,21287049,15044
17.946,cubic,open,317,384.251,41.406,0,26,11.468,9.564,21346417,15085
17.996,cubic,open,317,384.174,41.406,0,26,11.47,9.561,21407233,15127
18.046,cubic,open,317,384.028,41.406,0,26,11.475,9.563,21466601,15168
18.096,cubic,open,317,384.087,41.406,0,26,11.473,9.564,21527417,15210
18.146,cubic,open,317,384.139,41.406,0,26,11.471,9.534,21586785,15251
18.196,cubic,open,317,384.267,41.406,0,26,11.467,9.564,21646153,15292
18.246,cubic,open,317,384.137,41.406,0,26,11.471,9.564,21705521,15333
18.296,cubic,open,317,384.19,41.406,0,26,11.47,9.564,21766337,15375
18.347,cubic,open,317,384.062,41.406,0,26,11.474,9.563,21825705,15416
18.397,cubic,open,317,383.956,41.406,0,26,11.477,9.566,21886521,15458
18.447,cubic,open,317,384.027,41.406,0,26,11.475,9.564,21947337,15500
18.497,cubic,open,317,383.987,41.406,0,26,11.476,9.564,22006705,15541
18.547,cubic,open,317,384.039,41.406,0,26,11.474,9.564,22064625,15581
18.597,cubic,open,317,384.168,41.406,0,26,11.47,9.564,22126889,15624
18.647,cubic,open,317,384.041,41.406,0,26,11.474,9.564,22184809,15664
18.698,cubic,open,317,384.183,41.406,0,26,11.47,9.564,22247073,15707
18.748,cubic,open,317,384.101,41.406,0,26,11.472,9.564,22306441,15748
18.798,cubic,open,317,384.054,41.406,0,26,11.474,9.564,22364361,15788
18.848,cubic,open,317,383.988,41.406,0,26,11.476,9.564,22426625,15831
18.898,cubic,open,317,384.052,41.406,0,26,11.474,9.564,22484545,15871
18.948,cubic,open,317,384.073,41.406,0,26,11.473,9.564,22545361,15913
18.998,cubic,open,317,384.143,41.406,0,26,11.471,9.564,22604729,15954
19.049,cubic,open,317,384.091,41.406,0,26,11.473,9.564,22665545,15996
19.099,cubic,open,317,384.18,41.406,0,26,11.47,9.564,22724913,16037
19.149,cubic,open,317,384.016,41.406,0,26,11.475,9.564,22785729,16079
19.199,cubic,open,317,383.998,41.406,0,26,11.475,9.564,22843649,16119
19.249,cubic,open,317,384.135,41.406,0,26,11.471,9.534,22905913,16162
19.299,cubic,open,318,383.999,41.406,0,26,11.512,9.564,22963833,16203
19.349,cubic,open,318,384.249,41.406,0,26,11.504,9.564,23024649,16245
19.399,cubic,open,318,384.058,41.406,0,26,11.51,9.564,23084017,16286
19.449,cubic,open,318,384.354,41.406,0,26,11.501,9.534,23144833,16328
19.500,cubic,open,318,384.142,41.406,0,26,11.507,9.564,23205649,16370
19.550,cubic,open,318,384.108,41.406,0,26,11.508,9.562,23263569,16410
19.600,cubic,open,318,384.14,41.406,0,26,11.507,9.563,23324385,16452
19.650,cubic,open,318,384.044,41.406,0,26,11.51,9.564,23383753,16493
19.700,cubic,open,319,384.996,41.406,0,26,11.518,9.564,23443121,16535
19.750,cubic,open,319,385.468,41.406,0,26,11.504,9.564,23505385,16578
19.800,cubic,open,319,385.257,41.406,0,26,11.51,9.565,23563305,16618
19.850,cubic,open,319,385.286,41.406,0,26,11.509,9.564,23624121,16660
19.901,cubic,open,319,385.224,41.406,0,26,11.511,9.565,23683489,16701
19.951,cubic,open,319,385.276,41.406,0,26,11.51,9.565,23742857,16742
20.001,cubic,open,319,385.193,41.406,0,26,11.512,9.566,23805121,16785
20.051,cubic,open,319,385.299,41.406,0,26,11.509,9.565,23863041,16825
20.101,cubic,open,320,386.274,41.406,0,26,11.516,9.565,23922409,16867
20.151,cubic,open,320,386.511,41.406,0,26,11.509,9.564,23984673,16910
20.201,cubic,open,320,386.435,41.406,0,26,11.511,9.564,24042593,16950
20.251,cubic,open,320,386.571,41.406,0,26,11.507,9.564,24101961,16991
20.301,cubic,open,321,386.488,41.406,0,26,11.545,9.564,24164225,17035
20.352,cubic,open,321,386.456,41.406,0,26,11.546,9.564,24222145,17075
20.402,cubic,open,321,386.41,41.406,0,26,11.548,9.564,24284409,17118
20.452,cubic,open,321,386.76,41.406,0,26,11.537,9.564,24343777,17159
20.502,cubic,open,322,387.662,41.406,0,26,11.546,9.564,24401697,17200
20.552,cubic,open,322,387.76,41.406,0,26,11.543,9.564,24463961,17243
20.602,cubic,open,322,387.738,41.406,0,26,11.544,9.564,24521881,17283
20.652,cubic,open,323,387.971,41.406,0,26,11.573,9.564,24584145,17327
20.703,cubic,open,323,388.815,41.406,0,26,11.548,9.563,24643513,17368
20.753,cubic,open,323,388.842,41.406,0,26,11.547,9.564,24701433,17408
20.803,cubic,open,324,388.961,41.406,0,26,11.579,9.564,24763697,17452
20.853,cubic,open,324,389.544,41.406,0,26,11.562,9.564,24821617,17492
20.903,cubic,open,324,390.179,41.406,0,26,11.543,9.564,24880985,17533
20.953,cubic,open,325,390.112,41.406,0,26,11.581,9.564,24941801,17576
21.003,cubic,open,325,390.283,41.406,0,26,11.576,9.564,25002617,17618
21.053,cubic,open,326,390.636,41.406,0,26,11.601,9.564,25063433,17661
21.103,cubic,open,326,391.308,41.406,0,26,11.581,9.565,25121353,17701
21.154,cubic,open,327,391.245,41.406,0,26,11.618,9.564,25180721,17743
21.204,cubic,open,327,392.355,41.406,0,26,11.585,9.564,25242985,17786
21.254,cubic,open,328,392.586,41.406,0,26,11.614,9.564,25302353,17828
21.304,cubic,open,328,392.707,41.406,0,26,11.61,9.564,25360273,17868
21.354,cubic,open,329,393.667,41.406,0,26,11.617,9.564,25421089,17911
21.404,cubic,open,329,394.003,41.406,0,26,11.607,9.564,25481905,17953
21.454,cubic,open,330,394.491,41.406,0,26,11.628,9.564,25541273,17995
21.505,cubic,open,330,394.943,41.406,0,26,11.615,9.564,25602089,18037
21.555,cubic,open,331,395.621,41.406,0,26,11.63,9.564,25660009,18078
21.605,cubic,open,332,396.179,41.406,0,26,11.649,9.564,25722273,18122
21.655,cubic,open,332,397.067,41.406,0,26,11.623,9.564,25780193,18162
21.705,cubic,open,333,397.366,41.406,0,26,11.649,9.563,25841009,18205
21.755,cubic,open,334,398.184,41.406,0,26,11.66,9.562,25900377,18247
21.805,cubic,open,334,398.891,41.406,0,26,11.639,9.563,25961193,18289
21.855,cubic,open,335,399.348,41.406,0,26,11.661,9.564,26022009,18332
21.906,cubic,open,336,399.816,41.406,0,26,11.682,9.564,26079929,18373
21.956,cubic,open,337,400.872,41.406,0,26,11.686,9.563,26142193,18417
22.006,cubic,open,337,401.388,41.406,0,26,11.671,9.564,26200113,18457
22.056,cubic,open,338,402.208,41.406,0,26,11.682,9.564,26260929,18500
22.106,cubic,open,339,403.425,41.406,0,26,11.681,9.565,26321745,18543
22.156,cubic,open,340,403.949,41.406,0,26,11.7,9.567,26381113,18585
22.206,cubic,open,341,404.732,41.406,0,26,11.712,9.566,26441929,18628
22.257,cubic,open,342,405.685,41.406,0,26,11.719,9.564,26501297,18670
22.307,cubic,open,343,406.627,41.406,0,26,11.726,9.565,26559217,18711
22.357,cubic,open,344,407.363,41.406,0,26,11.739,9.564,26621481,18755
22.407,cubic,open,345,408.165,41.406,0,26,11.75,9.565,26679401,18796
22.457,cubic,open,346,409.276,41.406,0,26,11.752,9.564,26740217,18839
22.507,cubic,open,347,410.493,41.406,0,26,11.751,9.564,26799585,18881
22.557,cubic,open,348,411.478,41.406,0,26,11.756,9.564,26858953,18923
22.608,cubic,open,349,412.161,41.406,0,26,11.771,9.564,26919769,18965
22.658,cubic,open,350,413.169,41.406,0,26,11.776,9.564,26980585,19009
22.708,cubic,open,351,414.182,41.406,0,26,11.78,9.563,27039953,19051
22.758,cubic,open,352,415.372,41.406,0,26,11.78,9.564,27100769,19094
22.808,cubic,open,353,416.765,41.406,0,26,11.774,9.562,27160137,19136
22.858,cubic,open,354,417.95,41.406,0,26,11.774,9.564,27220953,19179
22.908,cubic,open,356,419.032,41.406,0,26,11.81,9.565,27278873,19221
22.959,cubic,open,357,420.404,41.406,0,26,11.804,9.563,27341137,19265
23.009,cubic,open,358,421.562,41.406,0,26,11.805,9.564,27399057,19306
23.059,cubic,open,360,422.754,41.406,0,26,11.837,9.564,27459873,19350
23.109,cubic,open,361,423.874,41.406,0,26,11.839,9.565,27520689,19393
23.159,cubic,open,362,425.186,41.406,0,26,11.835,9.564,27580057,19435
23.209,cubic,open,364,426.778,41.406,0,26,11.856,9.564,27639425,19478
23.259,cubic,open,365,428.312,41.406,0,26,11.846,9.566,27700241,19521
23.309,cubic,open,366,429.749,41.406,0,26,11.839,9.564,27758161,19562
23.360,cubic,open,368,431.304,41.406,0,26,11.861,9.563,27818977,19606
23.410,cubic,open,369,432.473,41.406,0,26,11.861,9.564,27879793,19649
23.460,cubic,open,371,434.381,41.406,0,26,11.873,9.564,27939161,19692
23.510,cubic,open,372,435.89,41.406,0,26,11.863,9.564,27998529,19734
23.560,cubic,open,374,437.174,41.406,0,26,11.892,9.564,28059345,19778
23.610,cubic,open,376,438.961,41.406,0,26,11.907,9.564,28118713,19821
23.660,cubic,open,377,440.54,41.406,0,26,11.896,9.564,28178081,19863
23.710,cubic,open,379,442.046,41.406,0,26,11.918,9.564,28237449,19906
23.761,cubic,recovery,379,443.308,41.406,1,27,12.01,9.543,28291025,19949
23.811,cubic,recovery,365,443.692,41.406,2,28,12.877,9.543,28291025,19977
23.861,cubic,recovery,351,443.711,41.406,4,30,13.722,9.543,28291025,20007
23.911,cubic,recovery,337,443.705,41.406,5,31,14.599,9.543,28291025,20035
23.961,cubic,recovery,323,443.794,41.406,7,33,15.442,9.543,28291025,20065
24.011,cubic,recovery,309,443.755,41.406,8,34,16.321,9.543,28291025,20093
24.061,cubic,recovery,295,443.781,41.406,10,36,17.134,9.543,28291025,20122
24.112,cubic,recovery,282,443.774,41.406,11,37,18.043,9.543,28291025,20152
24.162,cubic,recovery,267,443.818,41.406,13,39,18.887,9.543,28291025,20180
24.212,cubic,recovery,266,440.989,41.406,13,40,19.354,9.465,28333017,20222
24.262,cubic,recovery,266,421.337,41.406,11,40,19.663,9.02,28418449,20263
24.312,cubic,recovery,266,400.104,41.406,9,40,20.22,8.549,28498089,20304
24.362,cubic,recovery,266,378.328,41.406,7,40,20.76,8.056,28583521,20346
24.412,cubic,recovery,266,356.764,41.406,4,40,20.534,7.613,28697913,20387
24.462,cubic,recovery,266,335.695,41.406,2,40,21.201,7.163,28779001,20428
24.513,cubic,open,266,322.106,41.406,0,40,11.479,6.935,29198921,20471
24.563,cubic,open,266,322.771,41.406,0,40,11.456,7.208,29256841,20511
24.613,cubic,open,268,322.53,41.406,0,40,11.551,7.594,29317657,20555
24.663,cubic,open,269,322.576,41.406,0,40,11.592,8.046,29378473,20598
24.713,cubic,open,270,322.552,41.406,0,40,11.636,8.48,29436393,20639
24.763,cubic,open,272,322.591,41.406,0,40,11.721,9.021,29497209,20683
24.814,cubic,open,273,322.551,41.406,0,40,11.765,9.592,29558025,20726
24.864,cubic,open,275,322.203,41.406,0,40,11.864,9.564,29618841,20770
24.914,cubic,open,277,323.178,41.406,0,40,11.915,9.563,29678209,20813
24.964,cubic,open,278,324.404,41.406,0,40,11.912,9.564,29737577,20855
25.014,cubic,open,280,326.001,41.406,0,40,11.939,9.564,29798393,20899
25.064,cubic,open,282,327.769,41.406,0,40,11.96,9.564,29857761,20942
25.114,cubic,open,284,329.239,41.406,0,40,11.991,9.564,29917129,20985
25.165,cubic,open,286,331.252,41.406,0,40,12.002,9.564,29977945,21029
25.215,cubic,open,288,333.063,41.406,0,40,12.02,9.563,30037313,21072
25.265,cubic,open,290,335.1,41.406,0,40,12.03,9.564,30096681,21115
25.315,cubic,open,292,337.248,41.406,0,40,12.036,9.562,30156049,21158
25.365,cubic,open,294,339.359,41.406,0,40,12.043,9.563,30216865,21202
25.415,cubic,open,296,341.446,41.406,0,40,12.051,9.562,30277681,21245
25.465,cubic,open,298,343.811,41.406,0,40,12.049,9.564,30337049,21289
25.515,cubic,open,299,346.09,41.406,0,40,12.009,9.564,30397865,21332
25.566,cubic,open,301,348.422,41.406,0,40,12.009,9.564,30457233,21375
25.616,cubic,open,303,350.553,41.406,0,40,12.015,9.565,30516601,21418
25.666,cubic,open,305,352.624,41.406,0,40,12.023,9.565,30575969,21461
25.716,cubic,open,307,354.872,41.406,0,40,12.026,9.565,30636785,21505
25.766,cubic,open,308,356.898,41.406,0,40,11.996,9.565,30696153,21547
25.816,cubic,open,310,359.354,41.406,0,40,11.992,9.564,30755521,21590
25.866,cubic,open,312,361.592,41.406,0,40,11.994,9.564,30814889,21633
25.916,cubic,open,314,363.722,41.406,0,40,12.001,9.564,30877153,21678
25.966,cubic,open,316,365.662,41.406,0,40,12.013,9.564,30936521,21721
26.017,cubic,open,317,367.917,41.406,0,40,11.977,9.564,30995889,21763
26.067,cubic,open,319,370.008,41.406,0,40,11.984,9.564,31055257,21806
26.117,cubic,open,320,372.027,41.406,0,40,11.957,9.564,31114625,21848
26.167,cubic,open,322,374.118,41.406,0,40,11.964,9.564,31176889,21893
26.217,cubic,open,324,376.332,41.406,0,40,11.968,9.564,31236257,21936
26.267,cubic,open,325,378.16,41.406,0,40,11.947,9.564,31294177,21977
26.317,cubic,open,327,380.351,41.406,0,40,11.951,9.564,31354993,22021
26.367,cubic,open,328,382.415,41.406,0,40,11.923,9.564,31415809,22064
26.418,cubic,open,330,384.225,41.406,0,40,11.939,9.564,31475177,22107
26.468,cubic,open,331,386.093,41.406,0,40,11.917,9.563,31534545,22149
26.518,cubic,open,332,388.06,41.406,0,40,11.893,9.564,31595361,22192
26.568,cubic,open,334,389.813,41.406,0,40,11.91,9.564,31654729,22235
26.618,cubic,open,335,391.745,41.406,0,40,11.887,9.564,31714097,22277
26.668,cubic,open,337,393.586,41.406,0,40,11.902,9.563,31774913,22321
26.718,cubic,open,338,395.316,41.406,0,40,11.885,9.563,31834281,22363
26.769,cubic,open,339,396.984,41.406,0,40,11.87,9.564,31893649,22405
26.819,cubic,open,341,398.862,41.406,0,40,11.884,9.562,31955913,22450
26.869,cubic,open,342,400.416,41.406,0,40,11.873,9.564,32013833,22491
26.919,cubic,open,343,401.955,41.406,0,40,11.862,9.564,32073201,22533
26.969,cubic,open,344,404.118,41.406,0,40,11.833,9.564,32135465,22577
27.019,cubic,open,345,405.743,41.406,0,40,11.82,9.564,32194833,22619
27.069,cubic,open,347,406.863,41.406,0,40,11.856,9.565,32254201,22662
27.119,cubic,open,348,409.007,41.406,0,40,11.827,9.565,32315017,22705
27.169,cubic,open,349,410.278,41.406,0,40,11.825,9.565,32374385,22747
27.220,cubic,open,350,411.708,41.406,0,40,11.817,9.566,32435201,22790
27.270,cubic,open,351,413.046,41.406,0,40,11.813,9.565,32493121,22831
27.320,cubic,open,352,414.659,41.406,0,40,11.8,9.564,32553937,22874
27.370,cubic,open,353,416.254,41.406,0,40,11.788,9.564,32614753,22917
27.420,cubic,open,354,417.709,41.406,0,40,11.781,9.564,32674121,22959
27.470,cubic,open,355,419.139,41.406,0,40,11.774,9.564,32732041,23000
27.520,cubic,open,356,420.44,41.406,0,40,11.77,9.562,32794305,23044
27.570,cubic,open,357,421.52,41.406,0,40,11.773,9.564,32853673,23086
27.620,cubic,open,357,422.782,41.406,0,40,11.738,9.562,32911593,23126
27.670,cubic,open,358,423.901,41.406,0,40,11.74,9.564,32973857,23170
27.720,cubic,open,359,425.147,41.406,0,40,11.738,9.563,33031777,23211
27.770,cubic,open,360,426.34,41.406,0,40,11.738,9.564,33091145,23253
27.821,cubic,open,361,427.662,41.406,0,40,11.734,9.564,33153409,23297
27.871,cubic,open,361,428.815,41.406,0,40,11.702,9.563,33212777,23338
27.921,cubic,open,362,429.933,41.406,0,40,11.704,9.565,33273593,23381
27.971,cubic,open,363,431.181,41.406,0,40,11.703,9.565,33331513,23422
28.021,cubic,open,364,432.142,41.406,0,40,11.709,9.563,33390881,23464
28.071,cubic,open,364,433.088,41.406,0,40,11.683,9.565,33451697,23506
28.121,cubic,open,365,433.568,41.406,0,40,11.702,9.564,33512513,23549
28.171,cubic,open,366,434.865,41.406,0,40,11.699,9.564,33570433,23590
28.222,cubic,open,366,435.915,41.406,0,40,11.671,9.564,33631249,23632
28.272,cubic,open,367,437.052,41.406,0,40,11.673,9.564,33692065,23675
28.322,cubic,open,368,437.724,41.406,0,40,11.687,9.566,33751433,23717
28.372,cubic,open,368,438.631,41.406,0,40,11.662,9.564,33810801,23758
28.422,cubic,open,369,439.736,41.406,0,40,11.665,9.564,33871617,23801
28.472,cubic,open,369,440.309,41.406,0,40,11.65,9.565,33932433,23843
28.522,cubic,open,370,441.012,41.406,0,40,11.662,9.564,33990353,23884
28.573,cubic,open,370,442.01,41.406,0,40,11.636,9.564,34052617,23927
28.623,cubic,open,371,443.097,41.406,0,40,11.639,9.563,34111985,23969
28.673,cubic,open,371,443.476,41.406,0,40,11.629,9.564,34171353,24010
28.723,cubic,recovery,360,443.746,41.406,1,41,12.405,9.543,34177145,24041
28.773,cubic,recovery,347,443.755,41.406,2,42,13.282,9.543,34177145,24070
28.823,cubic,recovery,334,443.803,41.406,2,42,14.189,9.543,34177145,24099
28.873,cubic,recovery,320,443.724,41.406,3,43,15.069,9.543,34177145,24127
28.924,cubic,recovery,308,443.68,41.406,3,43,15.979,9.543,34177145,24157
28.974,cubic,recovery,294,443.629,41.406,4,44,16.858,9.543,34177145,24185
29.024,cubic,recovery,282,443.62,41.406,4,44,17.736,9.543,34177145,24214
29.074,cubic,recovery,268,443.687,41.406,5,45,18.641,9.537,34177145,24243
29.124,cubic,recovery,259,443.657,41.406,4,45,17.358,9.564,34282849,24276
29.174,cubic,recovery,259,426.515,41.406,4,45,19.359,9.124,34282849,24316
29.224,cubic,recovery,259,404.525,41.406,3,45,19.278,8.63,34391449,24358
29.274,cubic,recovery,259,383.077,41.406,2,45,19.16,8.161,34498601,24399
29.324,cubic,recovery,259,361.056,41.406,1,45,18.75,7.692,34618785,24441
29.375,cubic,recovery,259,339.611,41.406,1,45,21.612,7.242,34618785,24482
29.425,cubic,open,259,322.091,41.406,0,45,11.178,6.753,35069113,24523
29.475,cubic,open,260,314.718,41.406,0,45,11.484,6.998,35129929,24566
29.525,cubic,open,261,314.014,41.406,0,45,11.554,7.394,35190745,24609
29.575,cubic,open,261,314.05,41.406,0,45,11.553,7.79,35248665,24649
29.625,cubic,open,262,314.046,41.406,0,45,11.597,8.28,35309481,24692
29.675,cubic,open,263,313.922,41.406,0,45,11.646,8.784,35370297,24735
29.725,cubic,open,264,313.809,41.406,0,45,11.694,9.412,35429665,24777
29.776,cubic,open,266,314.156,41.406,0,45,11.77,9.563,35489033,24820
29.826,cubic,open,267,314.884,41.406,0,45,11.787,9.564,35549849,24863
29.876,cubic,open,268,315.965,41.406,0,45,11.791,9.564,35609217,24905
29.926,cubic,open,269,317.016,41.406,0,45,11.795,9.564,35668585,24947
29.976,cubic,open,270,318.12,41.406,0,45,11.798,9.564,35727953,24989
30.026,cubic,open,272,319.498,41.406,0,45,11.834,9.566,35788769,25033
30.076,cubic,open,273,320.668,41.406,0,45,11.834,9.565,35848137,25075
30.126,cubic,open,274,321.951,41.406,0,45,11.83,9.565,35908953,25118
30.176,cubic,open,275,323.323,41.406,0,45,11.823,9.564,35969769,25161
30.227,cubic,open,277,324.685,41.406,0,45,11.859,9.564,36029137,25203
30.277,cubic,open,278,326.371,41.406,0,45,11.841,9.564,36088505,25246
30.327,cubic,open,279,327.867,41.406,0,45,11.829,9.563,36149321,25289
30.377,cubic,open,280,329.306,41.406,0,45,11.819,9.554,36208689,25331
30.427,cubic,open,281,330.537,41.406,0,45,11.817,9.564,36269505,25374
30.477,cubic,open,282,331.95,41.406,0,45,11.809,9.564,36328873,25416
30.527,cubic,open,283,333.563,41.406,0,45,11.794,9.564,36388241,25458
30.578,cubic,open,284,335.123,41.406,0,45,11.78,9.563,36447609,25500
30.628,cubic,open,285,336.536,41.406,0,45,11.772,9.564,36508425,25543
30.678,cubic,open,286,337.757,41.406,0,45,11.771,9.563,36569241,25586
30.728,cubic,open,287,338.949,41.406,0,45,11.77,9.563,36627161,25627
30.778,cubic,open,288,340.206,41.406,0,45,11.768,9.564,36689425,25671
30.828,cubic,open,289,341.275,41.406,0,45,11.772,9.564,36748793,25713
30.878,cubic,open,290,342.493,41.406,0,45,11.77,9.563,36806713,25754
30.929,cubic,open,291,343.755,41.406,0,45,11.767,9.564,36867529,25797
30.979,cubic,open,292,345.06,41.406,0,45,11.763,9.564,36928345,25840
31.029,cubic,open,292,346.318,41.406,0,45,11.721,9.565,36989161,25882
31.079,cubic,open,293,347.54,41.406,0,45,11.719,9.564,37048529,25924
31.129,cubic,open,294,348.661,41.406,0,45,11.721,9.564,37107897,25966
31.179,cubic,open,295,349.695,41.406,0,45,11.727,9.564,37167265,26008
31.229,cubic,open,296,350.797,41.406,0,45,11.729,9.565,37226633,26050
31.280,cubic,open,296,351.853,41.406,0,45,11.694,9.564,37288897,26093
31.330,cubic,open,297,352.6,41.406,0,45,11.709,9.564,37348265,26135
31.380,cubic,open,298,353.73,41.406,0,45,11.711,9.564,37407633,26177
31.430,cubic,open,299,354.857,41.406,0,45,11.713,9.564,37468449,26220
31.480,cubic,open,299,355.885,41.406,0,45,11.679,9.565,37527817,26261
31.530,cubic,open,300,356.936,41.406,0,45,11.683,9.564,37588633,26304
31.580,cubic,open,301,357.802,41.406,0,45,11.694,9.564,37646553,26345
31.631,cubic,open,301,358.553,41.406,0,45,11.669,9.564,37705921,26386
31.681,cubic,open,302,359.691,41.406,0,45,11.671,9.564,37766737,26429
31.731,cubic,open,303,360.559,41.406,0,45,11.682,9.564,37827553,26472
31.781,cubic,open,303,361.137,41.406,0,45,11.663,9.564,37888369,26514
31.831,cubic,open,304,362.215,41.406,0,45,11.667,9.564,37946289,26555
31.881,cubic,open,304,363.295,41.406,0,45,11.632,9.564,38008553,26598
31.932,cubic,open,305,363.751,41.406,0,45,11.656,9.565,38066473,26639
31.982,cubic,open,305,364.529,41.406,0,45,11.631,9.564,38125841,26680
32.032,cubic,open,306,365.675,41.406,0,45,11.632,9.564,38188105,26724
32.082,cubic,open,306,365.886,41.406,0,45,11.626,9.564,38247473,26765
32.132,cubic,open,307,367.027,41.406,0,45,11.627,9.564,38306841,26807
32.183,cubic,open,307,367.171,41.406,0,45,11.623,9.564,38366209,26848
32.233,cubic,open,308,368.321,41.406,0,45,11.624,9.564,38427025,26891
32.283,cubic,open,308,368.647,41.406,0,45,11.614,9.564,38487841,26933
32.333,cubic,open,308,369.451,41.406,0,45,11.589,9.564,38547209,26974
32.383,cubic,open,309,370.133,41.406,0,45,11.605,9.564,38606577,27016
32.433,cubic,open,309,370.817,41.406,0,45,11.583,9.564,38667393,27058
32.484,cubic,open,310,371.446,41.406,0,45,11.601,9.564,38728209,27101
32.534,cubic,open,310,371.943,41.406,0,45,11.586,9.563,38787577,27142
32.584,cubic,open,310,371.882,41.406,0,45,11.588,9.564,38848393,27184
32.634,cubic,open,311,373.14,41.406,0,45,11.586,9.563,38906313,27225
32.684,cubic,open,311,373.402,41.406,0,45,11.578,9.563,38967129,27267
32.734,cubic,open,311,373.963,41.406,0,45,11.56,9.563,39026497,27308
32.784,cubic,open,312,374.317,41.406,0,45,11.587,9.563,39087313,27351
32.835,cubic,open,312,374.37,41.406,0,45,11.585,9.563,39146681,27392
32.885,cubic,open,312,375.551,41.406,0,45,11.548,9.563,39206049,27433
32.935,cubic,open,312,375.68,41.406,0,45,11.545,9.563,39265417,27474
32.985,cubic,open,313,376.24,41.406,0,45,11.564,9.565,39326233,27517
33.035,cubic,open,313,376.799,41.406,0,45,11.547,9.564,39387049,27559
33.085,cubic,open,313,376.775,41.406,0,45,11.548,9.564,39446417,27600
33.136,cubic,open,313,376.978,41.406,0,45,11.542,9.562,39507233,27642
33.186,cubic,open,314,377.742,41.406,0,45,11.555,9.563,39566601,27684
33.236,cubic,open,314,378.034,41.406,0,45,11.546,9.563,39625969,27725
33.286,cubic,open,314,378.121,41.406,0,45,11.544,9.563,39685337,27766
33.336,cubic,open,314,377.999,41.406,0,45,11.547,9.562,39746153,27808
33.386,cubic,open,314,379.207,41.406,0,45,11.51,9.563,39806969,27850
33.437,cubic,open,314,379.347,41.406,0,45,11.506,9.563,39864889,27890
33.487,cubic,open,314,379.221,41.406,0,45,11.51,9.564,39927153,27933
33.537,cubic,open,314,379.241,41.406,0,45,11.509,9.564,39985073,27973
33.587,cubic,open,315,380.315,41.406,0,45,11.513,9.564,40047337,28017
33.637,cubic,open,315,380.424,41.406,0,45,11.51,9.564,40105257,28057
33.687,cubic,open,315,380.476,41.406,0,45,11.509,9.564,40164625,28098
33.737,cubic,open,315,380.564,41.406,0,45,11.506,9.564,40226889,28141
33.787,cubic,open,315,380.394,41.406,0,45,11.511,9.564,40284809,28181
33.838,cubic,open,315,380.502,41.406,0,45,11.508,9.564,40345625,28223
33.888,cubic,open,315,380.445,41.406,0,45,11.51,9.564,40406441,28265
33.938,cubic,open,315,380.977,41.406,0,45,11.493,9.564,40465809,28306
33.988,cubic,open,315,381.722,41.406,0,45,11.471,9.564,40526625,28348
34.038,cubic,open,315,381.664,41.406,0,45,11.473,9.564,40585993,28389
34.088,cubic,open,315,381.67,41.406,0,45,11.473,9.564,40645361,28430
34.138,cubic,open,315,381.756,41.406,0,45,11.47,9.563,40704729,28471
34.188,cubic,open,315,381.684,41.406,0,45,11.472,9.564,40765545,28513
34.239,cubic,open,315,381.612,41.406,0,45,11.474,9.564,40824913,28554
34.289,cubic,open,315,381.863,41.406,0,45,11.467,9.564,40885729,28596
34.339,cubic,open,315,381.483,41.406,0,45,11.478,9.565,40945097,28637
34.389,cubic,open,315,381.583,41.406,0,45,11.475,9.564,41004465,28678
34.439,cubic,open,315,381.661,41.406,0,45,11.473,9.564,41063833,28719
34.489,cubic,open,315,381.559,41.406,0,45,11.476,9.564,41124649,28761
34.539,cubic,open,315,381.658,41.406,0,45,11.473,9.563,41185465,28803
34.590,cubic,open,315,381.786,41.406,0,45,11.469,9.564,41244833,28844
34.640,cubic,open,315,381.598,41.406,0,45,11.475,9.564,41305649,28886
34.690,cubic,open,315,381.843,41.406,0,45,11.467,9.564,41363569,28926
34.740,cubic,open,315,381.675,41.406,0,45,11.472,9.564,41424385,28968
34.790,cubic,open,315,381.781,41.406,0,45,11.469,9.536,41485201,29010
34.840,cubic,open,315,381.669,41.406,0,45,11.473,9.564,41544569,29051
34.890,cubic,open,315,381.775,41.406,0,45,11.469,9.564,41603937,29092
34.941,cubic,open,315,381.595,41.406,0,45,11.475,9.564,41664753,29134
34.991,cubic,open,315,381.69,41.406,0,45,11.472,9.564,41725569,29176
35.041,cubic,open,315,381.642,41.406,0,45,11.473,9.564,41783489,29216
35.091,cubic,open,315,381.501,41.406,0,45,11.478,9.564,41845753,29259
35.141,cubic,open,315,381.71,41.406,0,45,11.471,9.564,41905121,29300
35.192,cubic,open,315,381.628,41.406,0,45,11.474,9.564,41963041,29340
35.242,cubic,open,315,381.633,41.406,0,45,11.474,9.564,42025305,29383
35.292,cubic,open,315,381.69,41.406,0,45,11.472,9.564,42084673,29424
35.342,cubic,open,315,381.644,41.406,0,45,11.473,9.564,42145489,29466
35.392,cubic,open,315,381.592,41.406,0,45,11.475,9.564,42204857,29507
35.442,cubic,open,315,381.818,41.406,0,45,11.468,9.564,42264225,29548
35.493,cubic,open,315,381.696,41.406,0,45,11.472,9.564,42325041,29590
35.543,cubic,open,315,381.596,41.406,0,45,11.475,9.564,42384409,29631
35.593,cubic,open,315,381.662,41.406,0,45,11.473,9.564,42443777,29672
35.643,cubic,open,315,381.569,41.406,0,45,11.476,9.564,42504593,29714
35.693,cubic,open,315,381.68,41.406,0,45,11.472,9.564,42565409,29756
35.743,cubic,open,315,381.765,41.406,0,45,11.47,9.564,42624777,29797
35.793,cubic,open,315,381.622,41.406,0,45,11.474,9.564,42682697,29837
35.844,cubic,open,315,381.638,41.406,0,45,11.474,9.564,42743513,29879
35.894,cubic,open,315,381.652,41.406,0,45,11.473,9.564,42804329,29921
35.944,cubic,open,316,381.747,41.406,0,45,11.507,9.564,42863697,29963
35.994,cubic,open,316,381.821,41.406,0,45,11.504,9.534,42924513,30005
36.044,cubic,open,316,381.753,41.406,0,45,11.507,9.564,42983881,30046
36.094,cubic,open,316,381.631,41.406,0,45,11.51,9.564,43044697,30088
36.144,cubic,open,316,381.715,41.406,0,45,11.508,9.564,43102617,30128
36.194,cubic,open,316,381.802,41.406,0,45,11.505,9.564,43163433,30170
36.245,cubic,open,316,381.609,41.406,0,45,11.511,9.563,43222801,30211
36.295,cubic,open,317,381.729,41.406,0,45,11.544,9.564,43282169,30253
36.345,cubic,open,317,382.814,41.406,0,45,11.511,9.563,43341537,30294
36.395,cubic,open,317,382.861,41.406,0,45,11.51,9.563,43403801,30337
36.445,cubic,open,317,382.894,41.406,0,45,11.509,9.564,43463169,30378
36.495,cubic,open,317,382.803,41.406,0,45,11.511,9.564,43523985,30420
36.545,cubic,open,317,382.794,41.406,0,45,11.512,9.564,43583353,30461
36.595,cubic,open,317,382.999,41.406,0,45,11.505,9.567,43642721,30502
36.646,cubic,open,317,382.877,41.406,0,45,11.509,9.565,43703537,30544
36.696,cubic,open,318,383.654,41.406,0,45,11.522,9.564,43762905,30586
36.746,cubic,open,318,384.038,41.406,0,45,11.51,9.566,43822273,30627
36.796,cubic,open,318,383.965,41.406,0,45,11.513,9.565,43883089,30669
36.846,cubic,open,318,384.144,41.406,0,45,11.507,9.564,43941009,30709
36.896,cubic,open,319,384.224,41.406,0,45,11.541,9.565,44003273,30753
36.946,cubic,open,319,384.045,41.406,0,45,11.546,9.564,44061193,30793
36.997,cubic,open,319,384.087,41.406,0,45,11.545,9.562,44122009,30835
37.047,cubic,open,319,384.117,41.406,0,45,11.544,9.564,44182825,30877
37.097,cubic,open,320,385.18,41.406,0,45,11.548,9.564,44242193,30919
37.147,cubic,open,320,385.395,41.406,0,45,11.542,9.563,44301561,30960
37.197,cubic,open,320,385.339,41.406,0,45,11.544,9.564,44362377,31002
37.248,cubic,open,320,385.433,41.406,0,45,11.541,9.562,44421745,31043
37.298,cubic,open,321,386.913,41.406,0,45,11.533,9.552,44481113,31085
37.349,cubic,open,321,387.019,41.406,0,45,11.53,9.549,44541929,31127
37.399,cubic,open,322,386.855,41.406,0,45,11.57,9.554,44604193,31171
37.450,cubic,open,322,386.696,41.406,0,45,11.575,9.56,44665009,31213
37.500,cubic,open,322,388.063,41.406,0,45,11.534,9.558,44724377,31254
37.550,cubic,open,323,388.34,41.406,0,45,11.562,9.546,44783745,31296
37.600,cubic,open,323,388.413,41.406,0,45,11.56,9.561,44843113,31337
37.651,cubic,open,324,388.189,41.406,0,45,11.602,9.554,44905377,31380
37.701,cubic,open,324,388.813,41.406,0,45,11.584,9.575,44966193,31423
37.752,cubic,open,325,389.381,41.406,0,45,11.602,9.558,45024113,31464
37.803,cubic,open,325,390.029,41.406,0,45,11.583,9.563,45084929,31506
37.853,cubic,open,326,390.064,41.406,0,45,11.618,9.571,45144297,31548
37.903,cubic,open,326,389.586,41.406,0,45,11.632,9.576,45205113,31590
37.953,cubic,open,327,390.395,41.406,0,45,11.643,9.602,45265929,31633
38.003,cubic,open,327,390.705,41.406,0,45,11.634,9.58,45325297,31674
38.053,cubic,open,328,391.245,41.406,0,45,11.654,9.578,45384665,31716
38.103,cubic,open,328,391.803,41.406,0,45,11.637,9.579,45444033,31757
38.153,cubic,open,329,392.416,41.406,0,45,11.654,9.595,45506297,31801
38.203,cubic,open,330,393.009,41.406,0,45,11.672,9.566,45564217,31842
38.253,cubic,open,330,394.182,41.406,0,45,11.637,9.564,45625033,31884
38.303,cubic,open,331,394.885,41.406,0,45,11.652,9.562,45685849,31927
38.354,cubic,open,332,395.67,41.406,0,45,11.664,9.565,45745217,31969
38.404,cubic,open,332,396.186,41.406,0,45,11.649,9.564,45804585,32010
38.454,cubic,open,333,397.096,41.406,0,45,11.657,9.563,45865401,32053
38.504,cubic,open,334,397.321,41.406,0,45,11.685,9.563,45924769,32095
38.554,cubic,open,335,398.551,41.406,0,45,11.684,9.564,45985585,32138
38.604,cubic,open,335,399.053,41.406,0,45,11.67,9.564,46044953,32179
38.654,cubic,open,336,399.674,41.406,0,45,11.686,9.564,46102873,32220
38.704,cubic,open,337,400.679,41.406,0,45,11.692,9.566,46165137,32264
38.755,cubic,open,338,401.469,41.406,0,45,11.703,9.564,46223057,32305
38.805,cubic,open,339,402.258,41.406,0,45,11.715,9.564,46282425,32347
38.855,cubic,open,340,403.068,41.406,0,45,11.726,9.565,46343241,32390
38.905,cubic,open,341,404.178,41.406,0,45,11.728,9.565,46402609,32432
38.955,cubic,open,342,405.118,41.406,0,45,11.735,9.564,46464873,32476
39.005,cubic,open,343,405.749,41.406,0,45,11.751,9.564,46522793,32517
39.055,cubic,open,344,406.85,41.406,0,45,11.753,9.564,46583609,32560
39.105,cubic,open,345,407.919,41.406,0,45,11.757,9.564,46644425,32603
39.156,cubic,open,346,409.252,41.406,0,45,11.752,9.564,46703793,32645
39.206,cubic,open,347,409.976,41.406,0,45,11.765,9.564,46763161,32687
39.256,cubic,open,348,410.581,41.406,0,45,11.782,9.564,46822529,32729
39.306,cubic,open,349,411.773,41.406,0,45,11.782,9.564,46883345,32772
39.356,cubic,open,350,413.176,41.406,0,45,11.775,9.564,46944161,32815
39.406,cubic,open,351,414.334,41.406,0,45,11.776,9.564,47003529,32857
39.456,cubic,open,353,415.493,41.406,0,45,11.81,9.564,47062897,32900
39.507,cubic,open,354,416.47,41.406,0,45,11.816,9.563,47122265,32942
39.557,cubic,open,355,417.736,41.406,0,45,11.813,9.564,47181633,32984
39.607,cubic,open,356,419.076,41.406,0,45,11.809,9.564,47242449,33027
39.657,cubic,open,358,420.241,41.406,0,45,11.842,9.564,47301817,33070
39.707,cubic,open,359,421.687,41.406,0,45,11.834,9.564,47364081,33114
39.757,cubic,open,360,423.441,41.406,0,45,11.818,9.564,47423449,33156
39.808,cubic,open,362,424.807,41.406,0,45,11.846,9.565,47482817,33199
39.858,cubic,open,363,426.261,41.406,0,45,11.838,9.564,47542185,33241
39.908,cubic,open,365,427.405,41.406,0,45,11.871,9.564,47601553,33284
39.958,cubic,open,366,428.697,41.406,0,45,11.868,9.564,47662369,33327
40.008,cubic,open,368,430.385,41.406,0,45,11.886,9.564,47723185,33370
40.058,cubic,open,369,431.933,41.406,0,45,11.875,9.564,47782553,33413
40.108,cubic,open,371,433.436,41.406,0,45,11.898,9.564,47841921,33456
40.159,cubic,open,372,434.796,41.406,0,45,11.893,9.564,47902737,33499
40.209,cubic,open,374,436.896,41.406,0,45,11.9,9.564,47963553,33543
40.259,cubic,open,375,438.242,41.406,0,45,11.895,9.564,48022921,33585
40.309,cubic,open,377,439.643,41.406,0,45,11.92,9.564,48082289,33628
40.359,cubic,open,379,441.587,41.406,0,45,11.931,9.563,48141657,33671
40.409,cubic,open,380,443.128,41.406,0,45,11.92,9.564,48201025,33713
40.460,cubic,recovery,369,443.68,41.406,2,47,12.626,9.542,48211161,33746
40.510,cubic,recovery,355,443.747,41.406,3,48,13.501,9.542,48211161,33774
40.560,cubic,recovery,341,443.663,41.406,5,50,14.35,9.543,48211161,33804
40.610,cubic,recovery,327,443.696,41.406,6,51,15.226,9.542,48211161,33832
40.660,cubic,recovery,313,443.764,41.406,8,53,16.07,9.543,48211161,33862
40.710,cubic,recovery,299,443.734,41.406,9,54,16.948,9.543,48211161,33890
40.760,cubic,recovery,285,443.522,41.406,11,56,17.771,9.543,48211161,33919
40.811,cubic,recovery,271,443.644,41.406,13,58,18.643,9.543,48211161,33949
40.861,cubic,recovery,266,443.754,41.406,14,59,19.766,9.544,48211161,33986
40.911,cubic,recovery,266,426.893,41.406,11,59,19.114,9.151,48335689,34028
40.961,cubic,recovery,266,405.577,41.406,9,59,19.433,8.656,48424017,34069
41.011,cubic,recovery,266,384.462,41.406,7,59,20.175,8.213,48496417,34110
41.061,cubic,recovery,266,362.781,41.406,5,59,20.921,7.765,48574609,34152
41.111,cubic,recovery,266,340.915,41.406,2,59,20.754,7.294,48689001,34194
41.161,cubic,open,266,322.641,41.406,0,59,11.46,6.935,49100233,34234
41.212,cubic,open,266,323.062,41.406,0,59,11.445,7.141,49161049,34276
41.262,cubic,open,267,322.656,41.406,0,59,11.503,7.483,49220417,34318
41.312,cubic,open,269,322.539,41.406,0,59,11.593,7.9,49281233,34362
41.362,cubic,open,270,322.463,41.406,0,59,11.639,8.368,49342049,34405
41.412,cubic,open,271,322.455,41.406,0,59,11.683,8.864,49399969,34446
41.462,cubic,open,273,322.543,41.406,0,59,11.766,9.455,49460785,34490
41.513,cubic,open,275,322.225,41.406,0,59,11.864,9.563,49520153,34533
41.563,cubic,open,276,322.968,41.406,0,59,11.879,9.564,49580969,34576
41.613,cubic,open,278,324.214,41.406,0,59,11.919,9.564,49640337,34619
41.663,cubic,open,280,325.569,41.406,0,59,11.955,9.564,49699705,34662
41.713,cubic,open,282,327.32,41.406,0,59,11.976,9.564,49760521,34706
41.763,cubic,open,284,329.017,41.406,0,59,11.999,9.564,49819889,34749
41.813,cubic,open,286,331.04,41.406,0,59,12.009,9.564,49880705,34792
41.863,cubic,open,288,332.76,41.406,0,59,12.031,9.564,49941521,34837
41.913,cubic,open,290,334.778,41.406,0,59,12.041,9.564,49999441,34879
41.963,cubic,open,291,336.795,41.406,0,59,12.011,9.564,50058809,34921
42.013,cubic,open,293,338.99,41.406,0,59,12.015,9.564,50121073,34966
42.064,cubic,open,295,341.2,41.406,0,59,12.019,9.564,50180441,35009
42.114,cubic,open,297,343.442,41.406,0,59,12.021,9.564,50239809,35052
42.164,cubic,open,299,345.609,41.406,0,59,12.026,9.564,50299177,35095
42.214,cubic,open,301,347.872,41.406,0,59,12.028,9.564,50358545,35138
42.264,cubic,open,303,350.121,41.406,0,59,12.03,9.563,50420809,35183
42.314,cubic,open,305,352.1,41.406,0,59,12.041,9.564,50478729,35224
42.364,cubic,open,306,354.455,41.406,0,59,12.0,9.562,50538097,35267
42.414,cubic,open,308,356.692,41.406,0,59,12.003,9.564,50598913,35311
42.465,cubic,open,310,359.209,41.406,0,59,11.996,9.564,50658281,35354
42.515,cubic,open,312,360.86,41.406,0,59,12.019,9.564,50720545,35399
42.565,cubic,open,313,363.059,41.406,0,59,11.984,9.564,50779913,35441
42.615,cubic,open,315,365.179,41.406,0,59,11.991,9.565,50839281,35484
42.665,cubic,open,317,367.707,41.406,0,59,11.984,9.564,50898649,35527
42.715,cubic,open,318,369.526,41.406,0,59,11.962,9.565,50958017,35569
42.765,cubic,open,320,371.418,41.406,0,59,11.976,9.564,51018833,35613
42.816,cubic,open,322,373.793,41.406,0,59,11.975,9.563,51078201,35656
42.866,cubic,open,323,376.089,41.406,0,59,11.939,9.564,51139017,35699
42.916,cubic,open,325,377.644,41.406,0,59,11.963,9.564,51198385,35742
42.966,cubic,open,326,379.888,41.406,0,59,11.929,9.564,51257753,35784
43.016,cubic,open,328,382.013,41.406,0,59,11.935,9.564,51320017,35829
43.066,cubic,open,329,383.702,41.406,0,59,11.919,9.565,51377937,35870
43.117,cubic,open,331,385.837,41.406,0,59,11.925,9.564,51437305,35913
43.167,cubic,open,332,387.5,41.406,0,59,11.91,9.564,51498121,35956
43.217,cubic,open,334,389.452,41.406,0,59,11.922,9.564,51558937,36000
43.267,cubic,open,335,391.211,41.406,0,59,11.903,9.564,51618305,36042
43.317,cubic,open,336,393.333,41.406,0,59,11.875,9.563,51679121,36085
43.367,cubic,open,338,394.779,41.406,0,59,11.901,9.563,51738489,36128
43.417,cubic,open,339,396.607,41.406,0,59,11.882,9.564,51797857,36170
43.468,cubic,open,340,398.318,41.406,0,59,11.866,9.564,51857225,36212
43.518,cubic,open,342,400.094,41.406,0,59,11.882,9.564,51919489,36257
43.568,cubic,open,343,401.918,41.406,0,59,11.863,9.565,51978857,36299
43.618,cubic,open,344,403.167,41.406,0,59,11.861,9.564,52038225,36341
43.668,cubic,open,345,405.168,41.406,0,59,11.836,9.564,52097593,36383
43.718,cubic,open,346,406.818,41.406,0,59,11.823,9.564,52158409,36426
43.768,cubic,open,348,408.313,41.406,0,59,11.847,9.564,52219225,36470
43.819,cubic,open,349,410.007,41.406,0,59,11.832,9.564,52277145,36511
43.869,cubic,open,350,411.777,41.406,0,59,11.815,9.564,52337961,36554
43.919,cubic,open,351,412.986,41.406,0,59,11.814,9.564,52397329,36596
43.969,cubic,open,352,414.313,41.406,0,59,11.81,9.564,52458145,36639
44.019,cubic,open,353,415.95,41.406,0,59,11.797,9.564,52518961,36682
44.069,cubic,open,354,417.414,41.406,0,59,11.789,9.564,52578329,36724
44.119,cubic,open,355,419.006,41.406,0,59,11.777,9.563,52637697,36766
44.170,cubic,open,355,420.119,41.406,0,59,11.746,9.564,52698513,36808
44.220,cubic,open,356,421.36,41.406,0,59,11.745,9.564,52756433,36849
44.270,cubic,open,357,422.753,41.406,0,59,11.739,9.564,52817249,36892
44.320,cubic,open,358,423.964,41.406,0,59,11.738,9.564,52876617,36934
44.370,cubic,open,359,424.981,41.406,0,59,11.743,9.565,52937433,36977
44.420,cubic,open,360,426.381,41.406,0,59,11.737,9.564,52996801,37019
44.470,cubic,open,360,427.485,41.406,0,59,11.706,9.564,53057617,37061
44.521,cubic,open,361,428.671,41.406,0,59,11.706,9.564,53118433,37104
44.571,cubic,open,362,429.743,41.406,0,59,11.71,9.564,53176353,37145
44.621,cubic,open,363,430.796,41.406,0,59,11.713,9.564,53237169,37188
44.671,cubic,open,363,432.062,41.406,0,59,11.679,9.564,53297985,37230
44.721,cubic,open,364,432.578,41.406,0,59,11.697,9.564,53355905,37271
44.771,cubic,open,365,433.657,41.406,0,59,11.7,9.564,53418169,37315
44.821,cubic,open,366,434.834,41.406,0,59,11.7,9.564,53477537,37357
44.872,cubic,open,366,435.932,41.406,0,59,11.671,9.564,53536905,37398
44.922,cubic,open,367,436.836,41.406,0,59,11.678,9.564,53596273,37440
44.972,cubic,open,367,437.312,41.406,0,59,11.666,9.564,53655641,37481
45.022,cubic,open,368,438.466,41.406,0,59,11.667,9.564,53717905,37525
45.072,cubic,open,369,439.557,41.406,0,59,11.669,9.564,53775825,37566
45.122,cubic,open,369,440.189,41.406,0,59,11.653,9.564,53835193,37607
45.172,cubic,open,370,441.061,41.406,0,59,11.661,9.564,53896009,37650
45.222,cubic,open,370,441.982,41.406,0,59,11.637,9.564,53955377,37691
45.273,cubic,open,371,442.736,41.406,0,59,11.648,9.564,54016193,37734
45.323,cubic,open,371,443.324,41.406,0,59,11.633,9.564,54075561,37775
45.373,cubic,recovery,363,443.722,41.406,1,60,12.218,9.543,54095833,37810
45.423,cubic,recovery,350,443.787,41.406,1,60,13.124,9.543,54095833,37838
45.473,cubic,recovery,337,443.795,41.406,2,61,13.97,9.543,54095833,37867
45.523,cubic,recovery,323,443.656,41.406,3,62,14.883,9.543,54095833,37896
45.573,cubic,recovery,311,443.652,41.406,3,62,15.76,9.543,54095833,37925
45.624,cubic,recovery,297,443.643,41.406,4,63,16.638,9.543,54095833,37954
45.674,cubic,recovery,285,443.618,41.406,4,63,17.548,9.543,54095833,37983
45.724,cubic,recovery,271,443.732,41.406,5,64,18.42,9.538,54095833,38011
45.774,cubic,recovery,259,443.638,41.406,5,64,19.333,9.537,54095833,38041
45.824,cubic,recovery,259,431.134,41.406,4,64,18.83,9.204,54202985,38082
45.874,cubic,recovery,259,409.834,41.406,3,64,18.723,8.759,54308689,38123
45.924,cubic,recovery,259,387.753,41.406,2,64,18.606,8.265,54417289,38165
45.974,cubic,recovery,259,365.953,41.406,1,64,18.461,7.818,54524441,38206
46.024,cubic,recovery,259,344.34,41.406,1,64,21.315,7.347,54524441,38248
46.075,cubic,open,259,326.332,41.406,0,64,11.033,6.876,54976217,38290
46.125,cubic,open,260,315.503,41.406,0,64,11.455,6.919,55034137,38331
46.175,cubic,open,260,314.07,41.406,0,64,11.508,7.286,55094953,38373
46.225,cubic,open,261,314.03,41.406,0,64,11.553,7.693,55155769,38416
46.276,cubic,open,262,314.046,41.406,0,64,11.597,8.148,55213689,38457
46.326,cubic,open,263,314.317,41.406,0,64,11.63,8.692,55277401,38502
46.377,cubic,open,264,314.108,41.406,0,64,11.683,9.271,55333873,38542
46.427,cubic,open,266,314.044,41.406,0,64,11.774,9.564,55396137,38587
46.477,cubic,open,267,314.866,41.406,0,64,11.788,9.564,55456953,38630
46.527,cubic,open,268,315.997,41.406,0,64,11.789,9.56,55516321,38672
46.577,cubic,open,269,317.007,41.406,0,64,11.796,9.564,55575689,38714
46.627,cubic,open,270,317.69,41.406,0,64,11.814,9.581,55635057,38756
46.678,cubic,open,272,319.176,41.406,0,64,11.846,9.565,55695873,38800
46.728,cubic,open,273,320.591,41.406,0,64,11.837,9.565,55755241,38842
46.778,cubic,open,274,321.953,41.406,0,64,11.83,9.564,55816057,38885
46.828,cubic,open,275,323.472,41.406,0,64,11.818,9.556,55876873,38928
46.879,cubic,open,277,324.531,41.406,0,64,11.865,9.565,55936241,38970
46.929,cubic,open,278,326.244,41.406,0,64,11.845,9.565,55995609,39013
46.979,cubic,open,279,327.786,41.406,0,64,11.832,9.565,56056425,39056
47.029,cubic,open,280,329.192,41.406,0,64,11.824,9.564,56115793,39098
47.079,cubic,open,281,330.491,41.406,0,64,11.819,9.564,56176609,39141
47.129,cubic,open,282,331.598,41.406,0,64,11.822,9.575,56235977,39183
47.179,cubic,open,283,333.131,41.406,0,64,11.809,9.567,56295345,39225
47.229,cubic,open,284,334.995,41.406,0,64,11.785,9.564,56354713,39267
47.279,cubic,open,285,336.325,41.406,0,64,11.779,9.564,56415529,39310
47.329,cubic,open,286,337.72,41.406,0,64,11.772,9.564,56476345,39353
47.379,cubic,open,287,338.934,41.406,0,64,11.771,9.564,56534265,39394
47.430,cubic,open,288,339.996,41.406,0,64,11.775,9.564,56595081,39437
47.480,cubic,open,289,341.239,41.406,0,64,11.773,9.564,56655897,39480
47.530,cubic,open,290,342.425,41.406,0,64,11.773,9.564,56713817,39521
47.580,cubic,open,291,343.739,41.406,0,64,11.768,9.564,56774633,39564
47.630,cubic,open,291,345.031,41.406,0,64,11.724,9.564,56835449,39606
47.680,cubic,open,292,346.32,41.406,0,64,11.72,9.564,56893369,39647
47.730,cubic,open,293,347.546,41.406,0,64,11.719,9.564,56955633,39691
47.780,cubic,open,294,348.473,41.406,0,64,11.728,9.566,57015001,39733
47.831,cubic,open,295,349.691,41.406,0,64,11.727,9.563,57074369,39775
47.881,cubic,open,296,350.786,41.406,0,64,11.73,9.564,57133737,39817
47.931,cubic,open,296,351.687,41.406,0,64,11.7,9.564,57193105,39858
47.981,cubic,open,297,352.461,41.406,0,64,11.713,9.564,57255369,39902
48.031,cubic,open,298,353.574,41.406,0,64,11.716,9.564,57314737,39944
48.081,cubic,open,299,354.687,41.406,0,64,11.718,9.564,57375553,39987
48.131,cubic,open,299,355.856,41.406,0,64,11.68,9.564,57434921,40028
48.182,cubic,open,300,356.808,41.406,0,64,11.688,9.564,57492841,40069
48.232,cubic,open,301,357.701,41.406,0,64,11.697,9.564,57553657,40112
48.282,cubic,open,301,358.565,41.406,0,64,11.669,9.564,57613025,40153
48.332,cubic,open,302,359.701,41.406,0,64,11.671,9.564,57673841,40196
48.382,cubic,open,303,360.518,41.406,0,64,11.683,9.564,57734657,40239
48.432,cubic,open,303,360.978,41.406,0,64,11.668,9.564,57792577,40279
48.483,cubic,open,304,362.233,41.406,0,64,11.666,9.564,57853393,40322
48.533,cubic,open,304,363.288,41.406,0,64,11.632,9.564,57914209,40364
48.583,cubic,open,305,363.668,41.406,0,64,11.658,9.563,57975025,40407
48.633,cubic,open,305,364.54,41.406,0,64,11.63,9.564,58032945,40447
48.683,cubic,open,306,365.651,41.406,0,64,11.633,9.564,58092313,40489
48.733,cubic,open,306,365.9,41.406,0,64,11.625,9.564,58154577,40532
48.783,cubic,open,307,367.031,41.406,0,64,11.627,9.564,58213945,40574
48.834,cubic,open,307,367.188,41.406,0,64,11.622,9.564,58273313,40615
48.884,cubic,open,308,368.338,41.406,0,64,11.624,9.564,58334129,40658
48.934,cubic,open,308,368.401,41.406,0,64,11.622,9.564,58393497,40699
48.984,cubic,open,308,369.447,41.406,0,64,11.589,9.564,58454313,40741
49.034,cubic,open,309,370.059,41.406,0,64,11.607,9.564,58513681,40783
49.084,cubic,open,309,370.636,41.406,0,64,11.589,9.565,58574497,40825
49.135,cubic,open,310,371.302,41.406,0,64,11.606,9.565,58632417,40866
49.185,cubic,open,310,371.974,41.406,0,64,11.585,9.563,58691785,40907
49.235,cubic,open,310,371.911,41.406,0,64,11.587,9.564,58752601,40949
49.285,cubic,open,311,373.127,41.406,0,64,11.586,9.564,58813417,40992
49.335,cubic,open,311,373.276,41.406,0,64,11.582,9.565,58872785,41033
49.385,cubic,open,311,373.871,41.406,0,64,11.563,9.565,58933601,41075
49.436,cubic,open,311,374.339,41.406,0,64,11.549,9.564,58994417,41117
49.486,cubic,open,312,374.375,41.406,0,64,11.585,9.564,59053785,41159
49.536,cubic,open,312,375.549,41.406,0,64,11.549,9.564,59113153,41200
49.586,cubic,open,312,375.673,41.406,0,64,11.545,9.564,59172521,41241
49.636,cubic,open,313,376.14,41.406,0,64,11.567,9.565,59233337,41284
49.686,cubic,open,313,376.692,41.406,0,64,11.55,9.563,59292705,41325
49.736,cubic,open,313,376.796,41.406,0,64,11.547,9.564,59353521,41367
49.787,cubic,open,313,376.995,41.406,0,64,11.541,9.564,59411441,41407
49.837,cubic,open,314,377.659,41.406,0,64,11.558,9.564,59473705,41451
49.887,cubic,open,314,377.99,41.406,0,64,11.548,9.564,59533073,41492
49.937,cubic,open,314,378.096,41.406,0,64,11.544,9.564,59593889,41534
49.987,cubic,open,314,377.941,41.406,0,64,11.549,9.564,59653257,41575
50.037,cubic,open,314,378.978,41.406,0,64,11.517,9.564,59712625,41616
50.088,cubic,open,314,379.305,41.406,0,64,11.507,9.561,59773441,41658
50.138,cubic,open,314,379.225,41.406,0,64,11.51,9.564,59831361,41698
50.188,cubic,open,314,379.281,41.406,0,64,11.508,9.564,59892177,41740
50.238,cubic,open,315,380.291,41.406,0,64,11.514,9.565,59951545,41782
50.288,cubic,open,315,380.415,41.406,0,64,11.51,9.566,60012361,41824
50.338,cubic,open,315,380.509,41.406,0,64,11.508,9.564,60071729,41865
50.388,cubic,open,315,380.47,41.406,0,64,11.509,9.565,60132545,41907
50.439,cubic,open,315,380.42,41.406,0,64,11.51,9.564,60191913,41948
50.489,cubic,open,315,380.542,41.406,0,64,11.507,9.564,60252729,41990
50.539,cubic,open,315,380.49,41.406,0,64,11.508,9.564,60310649,42030
50.589,cubic,open,315,380.363,41.406,0,64,11.512,9.564,60372913,42073
50.639,cubic,open,315,381.53,41.406,0,64,11.477,9.564,60430833,42113
50.689,cubic,open,315,381.641,41.406,0,64,11.473,9.564,60493097,42156
50.739,cubic,open,315,381.651,41.406,0,64,11.473,9.565,60552465,42197
50.789,cubic,open,315,381.71,41.406,0,64,11.471,9.569,60611833,42238
50.840,cubic,open,315,381.633,41.406,0,64,11.474,9.564,60672649,42280
50.890,cubic,open,315,381.605,41.406,0,64,11.475,9.564,60732017,42321
50.940,cubic,open,315,381.73,41.406,0,64,11.471,9.564,60792833,42363
50.990,cubic,open,315,381.551,41.406,0,64,11.476,9.564,60852201,42404
51.040,cubic,open,315,381.616,41.406,0,64,11.474,9.564,60911569,42445
51.090,cubic,open,315,381.701,41.406,0,64,11.472,9.564,60970937,42486
51.140,cubic,open,315,381.586,41.406,0,64,11.475,9.564,61031753,42528
51.191,cubic,open,315,381.733,41.406,0,64,11.471,9.564,61092569,42570
51.241,cubic,open,315,381.717,41.406,0,64,11.471,9.564,61150489,42610
51.291,cubic,open,315,381.648,41.406,0,64,11.473,9.564,61209857,42651
51.341,cubic,open,315,381.674,41.406,0,64,11.472,9.564,61270673,42693
51.391,cubic,open,315,381.687,41.406,0,64,11.472,9.564,61331489,42735
51.441,cubic,open,315,381.646,41.406,0,64,11.473,9.564,61392305,42777
51.491,cubic,open,315,381.687,41.406,0,64,11.472,9.564,61451673,42818
51.542,cubic,open,315,381.813,41.406,0,64,11.468,9.534,61512489,42860
51.592,cubic,open,315,381.609,41.406,0,64,11.474,9.564,61571857,42901
51.642,cubic,open,315,381.732,41.406,0,64,11.471,9.564,61629777,42941
51.692,cubic,open,315,381.667,41.406,0,64,11.473,9.564,61690593,42983
51.742,cubic,open,315,381.584,41.406,0,64,11.475,9.564,61749961,43024
51.793,cubic,open,315,381.587,41.406,0,64,11.475,9.564,61810777,43066
51.843,cubic,open,315,381.641,41.406,0,64,11.473,9.564,61870145,43107
51.893,cubic,open,315,381.648,41.406,0,64,11.473,9.564,61932409,43150
51.943,cubic,open,315,381.714,41.406,0,64,11.471,9.564,61991777,43191
51.993,cubic,open,315,381.673,41.406,0,64,11.473,9.564,62049697,43231
52.044,cubic,open,315,381.6,41.406,0,64,11.475,9.564,62111961,43274
52.094,cubic,open,315,381.736,41.406,0,64,11.471,9.564,62169881,43314
52.144,cubic,open,315,381.557,41.406,0,64,11.476,9.564,62232145,43357
52.194,cubic,open,315,381.616,41.406,0,64,11.474,9.564,62291513,43398
52.244,cubic,open,315,381.688,41.406,0,64,11.472,9.564,62350881,43439
52.294,cubic,open,315,381.583,41.406,0,64,11.475,9.564,62411697,43481
52.344,cubic,open,315,381.608,41.406,0,64,11.474,9.564,62469617,43521
52.394,cubic,open,315,381.808,41.406,0,64,11.468,9.564,62531881,43564
52.445,cubic,open,315,381.645,41.406,0,64,11.473,9.564,62589801,43604
52.495,cubic,open,315,381.675,41.406,0,64,11.472,9.564,62650617,43646
52.545,cubic,open,316,381.674,41.406,0,64,11.509,9.564,62711433,43689
52.595,cubic,open,316,381.654,41.406,0,64,11.509,9.564,62769353,43729
52.645,cubic,open,316,381.672,41.406,0,64,11.509,9.564,62831617,43772
52.695,cubic,open,316,381.776,41.406,0,64,11.506,9.564,62890985,43813
52.745,cubic,open,316,381.59,41.406,0,64,11.511,9.564,62948905,43853
52.796,cubic,open,316,381.705,41.406,0,64,11.508,9.564,63009721,43895
52.846,cubic,open,316,381.624,41.406,0,64,11.51,9.565,63070537,43937
52.896,cubic,open,316,381.552,41.406,0,64,11.513,9.564,63129905,43978
52.946,cubic,open,317,382.37,41.406,0,64,11.524,9.564,63189273,44020
52.996,cubic,open,317,382.817,41.406,0,64,11.511,9.564,63248641,44061
53.046,cubic,open,317,382.847,41.406,0,64,11.51,9.565,63310905,44104
53.096,cubic,open,317,382.919,41.406,0,64,11.508,9.564,63370273,44145
53.147,cubic,open,317,382.877,41.406,0,64,11.509,9.564,63431089,44187
53.197,cubic,open,317,382.821,41.406,0,64,11.511,9.564,63490457,44228
53.247,cubic,open,317,382.948,41.406,0,64,11.507,9.564,63548377,44268
53.297,cubic,open,317,382.763,41.406,0,64,11.512,9.564,63610641,44311
53.347,cubic,open,318,383.937,41.406,0,64,11.513,9.564,63670009,44353
53.397,cubic,open,318,384.117,41.406,0,64,11.508,9.564,63729377,44394
53.447,cubic,open,318,383.993,41.406,0,64,11.512,9.564,63790193,44436
53.498,cubic,open,318,384.15,41.406,0,64,11.507,9.564,63848113,44476
53.548,cubic,open,319,384.121,41.406,0,64,11.544,9.564,63908929,44519
53.598,cubic,open,319,384.062,41.406,0,64,11.546,9.564,63968297,44560
53.648,cubic,open,319,384.091,41.406,0,64,11.545,9.564,64029113,44602
53.698,cubic,open,319,384.414,41.406,0,64,11.535,9.564,64088481,44643
53.748,cubic,open,320,385.245,41.406,0,64,11.547,9.564,64149297,44686
53.799,cubic,open,320,385.375,41.406,0,64,11.543,9.564,64208665,44727
53.849,cubic,open,320,385.191,41.406,0,64,11.548,9.564,64268033,44768
53.899,cubic,open,321,385.665,41.406,0,64,11.57,9.564,64330297,44812
53.949,cubic,open,321,386.61,41.406,0,64,11.542,9.564,64388217,44852
53.999,cubic,open,321,386.552,41.406,0,64,11.543,9.564,64449033,44894
54.049,cubic,open,322,386.444,41.406,0,64,11.583,9.564,64508401,44936
54.099,cubic,open,322,387.184,41.406,0,64,11.561,9.564,64569217,44978
54.150,cubic,open,322,387.754,41.406,0,64,11.544,9.564,64628585,45019
54.200,cubic,open,323,387.8,41.406,0,64,11.578,9.564,64687953,45061
54.250,cubic,open,323,387.782,41.406,0,64,11.579,9.564,64748769,45103
54.300,cubic,open,324,388.529,41.406,0,64,11.592,9.564,64809585,45146
54.350,cubic,open,324,388.94,41.406,0,64,11.58,9.564,64867505,45186
54.401,cubic,open,325,389.025,41.406,0,64,11.613,9.564,64929769,45230
54.451,cubic,open,325,389.894,41.406,0,64,11.587,9.564,64989137,45271
54.501,cubic,open,326,390.122,41.406,0,64,11.616,9.564,65049953,45314
54.551,cubic,open,326,390.55,41.406,0,64,11.603,9.564,65107873,45354
54.601,cubic,open,327,391.341,41.406,0,64,11.615,9.564,65167241,45396
54.651,cubic,open,327,391.429,41.406,0,64,11.613,9.564,65229505,45439
54.701,cubic,open,328,392.228,41.406,0,64,11.624,9.564,65287425,45480
54.752,cubic,open,328,392.528,41.406,0,64,11.616,9.564,65348241,45522
54.802,cubic,open,329,393.73,41.406,0,64,11.615,9.564,65407609,45564
54.852,cubic,open,330,393.639,41.406,0,64,11.653,9.564,65468425,45607
54.902,cubic,open,330,394.801,41.406,0,64,11.619,9.564,65529241,45649
54.952,cubic,open,331,395.005,41.406,0,64,11.648,9.564,65588609,45691
55.002,cubic,open,332,395.983,41.406,0,64,11.655,9.564,65649425,45734
55.052,cubic,open,332,396.233,41.406,0,64,11.647,9.564,65708793,45775
55.103,cubic,open,333,397.31,41.406,0,64,11.651,9.564,65768161,45817
55.153,cubic,open,334,397.534,41.406,0,64,11.679,9.564,65828977,45860
55.203,cubic,open,335,398.767,41.406,0,64,11.678,9.564,65886897,45901
55.253,cubic,open,335,399.392,41.406,0,64,11.66,9.564,65949161,45944
55.303,cubic,open,336,399.893,41.406,0,64,11.68,9.564,66008529,45986
55.353,cubic,open,337,401.008,41.406,0,64,11.682,9.564,66067897,46028
55.404,cubic,open,338,401.49,41.406,0,64,11.703,9.564,66127265,46070
55.454,cubic,open,339,402.322,41.406,0,64,11.713,9.564,66186633,46112
55.504,cubic,open,340,403.355,41.406,0,64,11.717,9.564,66247449,46155
55.554,cubic,open,341,404.358,41.406,0,64,11.723,9.564,66306817,46197
55.604,cubic,open,342,405.337,41.406,0,64,11.729,9.564,66369081,46241
55.654,cubic,open,343,405.805,41.406,0,64,11.749,9.564,66428449,46283
55.704,cubic,open,344,406.972,41.406,0,64,11.75,9.564,66486369,46324
55.755,cubic,open,345,407.948,41.406,0,64,11.756,9.564,66548633,46368
55.805,cubic,open,346,409.113,41.406,0,64,11.756,9.564,66608001,46410
55.855,cubic,open,347,409.79,41.406,0,64,11.771,9.564,66667369,46452
55.905,cubic,open,348,410.83,41.406,0,64,11.775,9.564,66726737,46494
55.955,cubic,open,349,411.941,41.406,0,64,11.777,9.564,66787553,46537
56.005,cubic,open,350,413.133,41.406,0,64,11.777,9.564,66848369,46580
56.055,cubic,open,351,414.116,41.406,0,64,11.782,9.564,66907737,46622
56.106,cubic,open,353,415.449,41.406,0,64,11.811,9.564,66968553,46666
56.156,cubic,open,354,416.647,41.406,0,64,11.811,9.564,67027921,46708
56.206,cubic,open,355,417.848,41.406,0,64,11.81,9.565,67085841,46749
56.256,cubic,open,356,418.919,41.406,0,64,11.813,9.564,67146657,46792
56.306,cubic,open,358,420.486,41.406,0,64,11.835,9.565,67207473,46836
56.356,cubic,open,359,421.557,41.406,0,64,11.838,9.564,67268289,46879
56.406,cubic,open,360,423.09,41.406,0,64,11.828,9.566,67326209,46920
56.457,cubic,open,362,424.564,41.406,0,64,11.852,9.564,67387025,46964
56.507,cubic,open,363,426.011,41.406,0,64,11.845,9.564,67446393,47006
56.557,cubic,open,365,427.403,41.406,0,64,11.871,9.564,67507209,47050
56.607,cubic,open,366,428.812,41.406,0,64,11.865,9.564,67566577,47092
56.657,cubic,open,367,430.109,41.406,0,64,11.861,9.563,67625945,47134
56.707,cubic,open,369,431.761,41.406,0,64,11.88,9.564,67686761,47178
56.757,cubic,open,370,433.359,41.406,0,64,11.868,9.564,67747577,47221
56.808,cubic,open,372,434.584,41.406,0,64,11.899,9.564,67805497,47263
56.858,cubic,open,374,436.567,41.406,0,64,11.909,9.564,67867761,47308
56.908,cubic,open,375,438.075,41.406,0,64,11.899,9.564,67925681,47349
56.958,cubic,open,377,439.544,41.406,0,64,11.923,9.564,67985049,47392
57.008,cubic,open,378,441.615,41.406,0,64,11.898,9.564,68045865,47435
57.058,cubic,open,380,443.308,41.406,0,64,11.916,9.565,68106681,47479
57.108,cubic,recovery,369,443.66,41.406,2,66,12.564,9.563,68119713,47511
57.159,cubic,recovery,356,443.746,41.406,3,67,13.408,9.543,68119713,47540
57.209,cubic,recovery,342,443.678,41.406,5,69,14.287,9.542,68119713,47570
57.259,cubic,recovery,328,443.653,41.406,6,70,15.165,9.543,68119713,47598
57.309,cubic,recovery,314,443.658,41.406,8,72,15.979,9.543,68119713,47627
57.359,cubic,recovery,300,443.646,41.406,9,73,16.889,9.543,68119713,47656
57.409,cubic,recovery,286,443.817,41.406,11,75,17.696,9.543,68119713,47685
57.459,cubic,recovery,271,443.695,41.406,13,77,18.578,9.543,68119713,47714
57.510,cubic,recovery,266,443.758,41.406,14,78,19.672,9.538,68119713,47751
57.560,cubic,recovery,266,429.048,41.406,12,78,19.796,9.177,68203697,47792
57.610,cubic,recovery,266,406.61,41.406,9,78,19.35,8.682,68331121,47835
57.660,cubic,recovery,266,385.896,41.406,7,78,19.92,8.262,68407865,47875
57.710,cubic,recovery,266,364.737,41.406,5,78,20.657,7.77,68483161,47916
57.760,cubic,recovery,266,343.028,41.406,3,78,21.478,7.321,68561353,47958
57.810,cubic,recovery,266,322.612,41.406,1,78,22.234,6.909,68640993,47999
57.860,cubic,open,266,323.071,41.406,0,78,11.445,7.103,69065257,48041
57.911,cubic,open,267,322.503,41.406,0,78,11.508,7.479,69124625,48083
57.961,cubic,open,269,322.667,41.406,0,78,11.589,7.876,69185441,48127
58.011,cubic,open,270,322.507,41.406,0,78,11.638,8.341,69246257,48170
58.061,cubic,open,271,322.536,41.406,0,78,11.68,8.834,69304177,48211
58.111,cubic,open,273,322.683,41.406,0,78,11.761,9.423,69364993,48255
58.161,cubic,open,274,322.273,41.406,0,78,11.819,9.564,69424361,48297
58.211,cubic,open,276,322.796,41.406,0,78,11.886,9.563,69483729,48340
58.261,cubic,open,278,324.122,41.406,0,78,11.923,9.564,69544545,48384
58.312,cubic,open,280,325.508,41.406,0,78,11.957,9.564,69603913,48427
58.362,cubic,open,282,326.86,41.406,0,78,11.993,9.564,69663281,48469
58.412,cubic,open,284,328.91,41.406,0,78,12.003,9.564,69724097,48514
58.462,cubic,open,285,330.452,41.406,0,78,11.989,9.564,69783465,48556
58.512,cubic,open,287,332.619,41.406,0,78,11.994,9.564,69845729,48601
58.562,cubic,open,289,334.322,41.406,0,78,12.016,9.564,69903649,48643
58.612,cubic,open,291,336.429,41.406,0,78,12.024,9.564,69964465,48687
58.663,cubic,open,293,338.6,41.406,0,78,12.029,9.564,70023833,48730
58.713,cubic,open,295,340.692,41.406,0,78,12.036,9.564,70084649,48774
58.763,cubic,open,297,343.143,41.406,0,78,12.032,9.564,70144017,48817
58.813,cubic,open,299,345.252,41.406,0,78,12.039,9.564,70204833,48861
58.863,cubic,open,301,347.392,41.406,0,78,12.044,9.564,70264201,48904
58.913,cubic,open,303,349.723,41.406,0,78,12.044,9.563,70325017,48948
58.963,cubic,open,304,351.834,41.406,0,78,12.011,9.564,70382937,48989
59.013,cubic,open,306,354.047,41.406,0,78,12.014,9.564,70442305,49032
59.064,cubic,open,308,356.374,41.406,0,78,12.014,9.564,70503121,49076
59.114,cubic,open,310,358.737,41.406,0,78,12.012,9.564,70563937,49120
59.164,cubic,open,312,360.706,41.406,0,78,12.024,9.564,70624753,49164
59.214,cubic,open,313,363.165,41.406,0,78,11.981,9.564,70684121,49206
59.264,cubic,open,315,365.059,41.406,0,78,11.995,9.564,70742041,49248
59.314,cubic,open,317,367.267,41.406,0,78,11.998,9.564,70804305,49293
59.365,cubic,open,318,369.177,41.406,0,78,11.974,9.564,70863673,49335
59.415,cubic,open,320,371.582,41.406,0,78,11.971,9.564,70923041,49378
59.465,cubic,open,321,373.334,41.406,0,78,11.952,9.564,70983857,49421
59.515,cubic,open,323,375.296,41.406,0,78,11.964,9.563,71043225,49464
59.565,cubic,open,325,377.787,41.406,0,78,11.958,9.564,71102593,49507
59.615,cubic,open,326,379.843,41.406,0,78,11.93,9.564,71163409,49550
59.665,cubic,open,328,381.448,41.406,0,78,11.953,9.564,71224225,49594
59.715,cubic,open,329,383.6,41.406,0,78,11.922,9.564,71282145,49635
59.766,cubic,open,331,385.588,41.406,0,78,11.933,9.564,71341513,49678
59.816,cubic,open,332,387.36,41.406,0,78,11.914,9.563,71403777,49722
59.866,cubic,open,333,389.215,41.406,0,78,11.893,9.563,71463145,49764
59.916,cubic,open,335,391.069,41.406,0,78,11.908,9.564,71523961,49808
59.966,cubic,open,336,392.95,41.406,0,78,11.886,9.564,71581881,49849
60.016,cubic,open,338,394.761,41.406,0,78,11.902,9.563,71642697,49893
60.066,cubic,open,339,396.577,41.406,0,78,11.883,9.563,71702065,49935
60.117,cubic,open,340,398.332,41.406,0,78,11.865,9.563,71761433,49977
60.167,cubic,open,341,399.839,41.406,0,78,11.855,9.564,71823697,50021
60.217,cubic,open,343,401.523,41.406,0,78,11.875,9.564,71881617,50063
60.267,cubic,open,344,403.142,41.406,0,78,11.861,9.564,71942433,50106
60.317,cubic,open,345,405.111,41.406,0,78,11.838,9.563,72001801,50148
60.367,cubic,open,346,406.745,41.406,0,78,11.825,9.563,72062617,50191
60.417,cubic,open,347,408.061,41.406,0,78,11.821,9.563,72120537,50232
60.468,cubic,open,348,409.951,41.406,0,78,11.8,9.564,72182801,50276
60.518,cubic,open,349,411.484,41.406,0,78,11.79,9.564,72240721,50317
60.568,cubic,open,351,412.817,41.406,0,78,11.819,9.565,72301537,50361
60.618,cubic,open,352,414.046,41.406,0,78,11.818,9.565,72362353,50404
60.668,cubic,open,352,415.421,41.406,0,78,11.779,9.564,72421721,50445
60.718,cubic,open,353,416.967,41.406,0,78,11.768,9.564,72481089,50487
60.768,cubic,open,354,418.689,41.406,0,78,11.753,9.564,72541905,50530
60.818,cubic,open,355,419.996,41.406,0,78,11.75,9.565,72602721,50573
60.869,cubic,open,356,421.356,41.406,0,78,11.745,9.564,72662089,50615
