cc,limit,loss_pct,goodput_mbps,mean_rtt_ms,retrans,segs_out,retrans_pct,gain_1.25,gain_0.75,gain_1.0,longest_gain1_s
cubic,300,0,9.564,347.4,23,16740,0.14,,,,
cubic,300,0.1,8.874,47.5,19,15487,0.12,,,,
cubic,300,0.5,3.918,43.6,38,6841,0.56,,,,
cubic,300,1,2.754,43.9,51,4892,1.04,,,,
cubic,300,2,1.769,46.0,68,3336,2.04,,,,
cubic,300,5,0.931,49.2,90,1724,5.22,,,,
cubic,300,10,0.511,50.2,108,992,10.89,,,,
cubic,300,15,0.408,47.8,141,880,16.02,,,,
cubic,300,20,0.341,48.0,130,747,17.40,,,,
cubic,300,25,0.247,45.4,150,604,24.83,,,,
cubic,300,30,0.192,43.6,133,463,28.73,,,,
reno,300,0,9.564,285.3,0,17209,0.00,,,,
reno,300,0.1,8.188,52.6,19,14873,0.13,,,,
reno,300,0.5,4.823,43.2,37,8410,0.44,,,,
reno,300,1,2.962,44.1,55,5166,1.06,,,,
reno,300,2,2.260,44.6,75,3978,1.89,,,,
reno,300,5,1.033,46.7,119,1963,6.06,,,,
reno,300,10,0.649,47.9,140,1302,10.75,,,,
reno,300,15,0.467,46.6,148,966,15.32,,,,
reno,300,20,0.304,45.7,146,691,21.13,,,,
reno,300,25,0.228,46.7,147,564,26.06,,,,
reno,300,30,0.171,43.4,161,477,33.75,,,,
