t_s,wall_s,class,bytes,packets,drops,overlimits,backlog,qlen,lended,borrowed,tokens,ctokens
0.000,1790928562.558,1:10,0,0,0,0,0,0,0,0,40000,20000
0.000,1790928562.558,1:1,0,0,0,0,0,0,0,0,20000,20000
0.000,1790928562.558,1:20,0,0,0,0,0,0,0,0,40000,20000
0.252,1790928562.810,1:10,139428,94,0,89,51476,34,51,43,-36759,-18909
0.252,1790928562.810,1:1,139556,96,0,46,0,0,43,0,-18909,-18909
0.252,1790928562.810,1:20,128,2,0,0,0,0,2,0,37850,18925
0.503,1790928563.061,1:10,454340,302,86,297,72672,48,155,147,-36752,-18902
0.503,1790928563.061,1:1,454558,305,0,150,0,0,147,0,-20027,-20027
0.503,1790928563.061,1:20,218,3,0,0,0,0,3,0,37750,18875
0.755,1790928563.313,1:10,767738,509,88,504,25738,17,258,251,-16707,-17782
0.755,1790928563.313,1:1,767956,512,0,254,0,0,251,0,-18907,-18907
0.755,1790928563.313,1:20,218,3,0,0,0,0,3,0,37750,18875
1.006,1790928563.564,1:10,1082650,717,88,712,19682,13,362,355,-16712,-17787
1.006,1790928563.564,1:1,1082868,720,0,358,0,0,355,0,-18912,-18912
1.006,1790928563.564,1:20,218,3,0,0,0,0,3,0,37750,18875
1.258,1790928563.816,1:10,1396048,924,88,919,27252,18,466,458,-36763,-18913
1.258,1790928563.816,1:1,1396426,929,0,461,0,0,458,0,-22038,-22038
1.258,1790928563.816,1:20,378,5,0,0,0,0,5,0,36234,18234
1.509,1790928564.067,1:10,1710960,1132,88,1127,31794,21,570,562,-36762,-18912
1.509,1790928564.067,1:1,1711338,1137,0,565,0,0,562,0,-22037,-22037
1.509,1790928564.067,1:20,378,5,0,0,0,0,5,0,36234,18234
1.761,1790928564.319,1:10,2025872,1340,88,1335,37850,25,674,666,-36757,-18907
1.761,1790928564.319,1:1,2026340,1346,0,669,0,0,666,0,-23157,-23157
1.761,1790928564.319,1:20,468,6,0,0,0,0,6,0,37750,18875
2.012,1790928564.570,1:10,2340784,1548,88,1543,42392,28,778,770,-36756,-18906
2.012,1790928564.570,1:1,2341252,1554,0,773,0,0,770,0,-23156,-23156
2.012,1790928564.570,1:20,468,6,0,0,0,0,6,0,37750,18875
2.264,1790928564.822,1:10,2654182,1755,88,1750,48448,32,881,874,-13587,-14662
2.264,1790928564.822,1:1,2654650,1761,0,877,0,0,874,0,-18912,-18912
2.264,1790928564.822,1:20,468,6,0,0,0,0,6,0,37750,18875
2.515,1790928565.073,1:10,2969094,1963,88,1958,51476,34,985,978,-13578,-14653
2.515,1790928565.073,1:1,2969562,1969,0,981,0,0,978,0,-18903,-18903
2.515,1790928565.073,1:20,468,6,0,0,0,0,6,0,37750,18875
2.767,1790928565.325,1:10,3282492,2170,88,2165,59046,39,1089,1081,-36763,-18913
2.767,1790928565.325,1:1,3282960,2176,0,1084,0,0,1081,0,-23163,-23163
2.767,1790928565.325,1:20,468,6,0,0,0,0,6,0,37750,18875
3.018,1790928565.576,1:10,3597404,2378,88,2373,62074,41,1193,1185,-36757,-18907
3.018,1790928565.576,1:1,3597872,2384,0,1188,0,0,1185,0,-23157,-23157
3.018,1790928565.576,1:20,468,6,0,0,0,0,6,0,37750,18875
3.270,1790928565.828,1:10,3912316,2586,88,2581,65102,43,1297,1289,-36759,-18909
3.270,1790928565.828,1:1,3912784,2592,0,1292,0,0,1289,0,-23159,-23159
3.270,1790928565.828,1:20,468,6,0,0,0,0,6,0,37750,18875
3.522,1790928566.079,1:10,4227228,2794,88,2789,68130,45,1401,1393,-36755,-18905
3.522,1790928566.079,1:1,4227696,2800,0,1396,0,0,1393,0,-23155,-23155
3.522,1790928566.079,1:20,468,6,0,0,0,0,6,0,37750,18875
3.773,1790928566.331,1:10,4540626,3001,88,2996,74186,49,1504,1497,-13586,-14661
3.773,1790928566.331,1:1,4541094,3007,0,1500,0,0,1497,0,-18911,-18911
3.773,1790928566.331,1:20,468,6,0,0,0,0,6,0,37750,18875
4.024,1790928566.582,1:10,4855538,3209,90,3204,39364,26,1608,1601,-13578,-14653
4.024,1790928566.582,1:1,4856006,3215,0,1604,0,0,1601,0,-18903,-18903
4.024,1790928566.582,1:20,468,6,0,0,0,0,6,0,37750,18875
4.276,1790928566.834,1:10,5168936,3416,90,3411,18168,12,1712,1704,-36760,-18910
4.276,1790928566.834,1:1,5169404,3422,0,1707,0,0,1704,0,-23160,-23160
4.276,1790928566.834,1:20,468,6,0,0,0,0,6,0,37750,18875
4.528,1790928567.086,1:10,5483848,3624,90,3619,24224,16,1816,1808,-36753,-18903
4.528,1790928567.086,1:1,5484316,3630,0,1811,0,0,1808,0,-23153,-23153
4.528,1790928567.086,1:20,468,6,0,0,0,0,6,0,37750,18875
4.779,1790928567.337,1:10,5798760,3832,90,3827,30280,20,1920,1912,-36758,-18908
4.779,1790928567.337,1:1,5799228,3838,0,1915,0,0,1912,0,-23158,-23158
4.779,1790928567.337,1:20,468,6,0,0,0,0,6,0,37750,18875
5.031,1790928567.589,1:10,6113672,4040,90,4035,33308,22,2024,2016,-36758,-18908
5.031,1790928567.589,1:1,6114210,4047,0,2019,0,0,2016,0,-24033,-24033
5.031,1790928567.589,1:20,538,7,0,0,0,0,7,0,38250,19125
5.282,1790928567.840,1:10,6427070,4247,90,4242,39364,26,2127,2120,-12179,-13254
5.282,1790928567.840,1:1,6427650,4255,0,2123,0,0,2120,0,-18904,-18904
5.282,1790928567.840,1:20,580,8,0,0,0,0,8,0,38950,19475
5.534,1790928568.092,1:10,6741982,4455,90,4450,45420,30,2231,2224,-12185,-13260
5.534,1790928568.092,1:1,6742562,4463,0,2227,0,0,2224,0,-18910,-18910
5.534,1790928568.092,1:20,580,8,0,0,0,0,8,0,38950,19475
5.785,1790928568.343,1:10,7055380,4662,90,4657,52990,35,2335,2327,-36755,-18905
5.785,1790928568.343,1:1,7055960,4670,0,2330,0,0,2327,0,-24555,-24555
5.785,1790928568.343,1:20,580,8,0,0,0,0,8,0,38950,19475
6.037,1790928568.595,1:10,7370292,4870,90,4865,54504,36,2439,2431,-36761,-18911
6.037,1790928568.595,1:1,7370872,4878,0,2434,0,0,2431,0,-24561,-24561
6.037,1790928568.595,1:20,580,8,0,0,0,0,8,0,38950,19475
6.288,1790928568.846,1:10,7685204,5078,90,5073,60560,40,2543,2535,-36759,-18909
6.288,1790928568.846,1:1,7685784,5086,0,2538,0,0,2535,0,-24559,-24559
6.288,1790928568.846,1:20,580,8,0,0,0,0,8,0,38950,19475
6.540,1790928569.098,1:10,8000116,5286,90,5281,65102,43,2647,2639,-36760,-18910
6.540,1790928569.098,1:1,8000696,5294,0,2642,0,0,2639,0,-24560,-24560
6.540,1790928569.098,1:20,580,8,0,0,0,0,8,0,38950,19475
6.792,1790928569.350,1:10,8315028,5494,90,5489,66616,44,2751,2743,-36754,-18904
6.792,1790928569.350,1:1,8315608,5502,0,2746,0,0,2743,0,-24554,-24554
6.792,1790928569.350,1:20,580,8,0,0,0,0,8,0,38950,19475
7.043,1790928569.601,1:10,8628426,5701,90,5696,71158,47,2854,2847,-12189,-13264
7.043,1790928569.601,1:1,8629006,5709,0,2850,0,0,2847,0,-18914,-18914
7.043,1790928569.601,1:20,580,8,0,0,0,0,8,0,38950,19475
7.295,1790928569.853,1:10,8941824,5908,92,5903,75700,50,2958,2950,-36756,-18906
7.295,1790928569.853,1:1,8942404,5916,0,2953,0,0,2950,0,-24556,-24556
7.295,1790928569.853,1:20,580,8,0,0,0,0,8,0,38950,19475
7.546,1790928570.104,1:10,9256736,6116,92,6111,16654,11,3062,3054,-36763,-18913
7.546,1790928570.104,1:1,9257316,6124,0,3057,0,0,3054,0,-24563,-24563
7.546,1790928570.104,1:20,580,8,0,0,0,0,8,0,38950,19475
7.798,1790928570.356,1:10,9571648,6324,92,6319,22710,15,3166,3158,-36760,-18910
7.798,1790928570.356,1:1,9572228,6332,0,3161,0,0,3158,0,-24560,-24560
7.798,1790928570.356,1:20,580,8,0,0,0,0,8,0,38950,19475
8.049,1790928570.607,1:10,9886560,6532,92,6527,25738,17,3270,3262,-36755,-18905
8.049,1790928570.607,1:1,9887140,6540,0,3265,0,0,3262,0,-24555,-24555
8.049,1790928570.607,1:20,580,8,0,0,0,0,8,0,38950,19475
8.301,1790928570.859,1:10,10199958,6739,92,6734,33308,22,3373,3366,-12181,-13256
8.301,1790928570.859,1:1,10200538,6747,0,3369,0,0,3366,0,-18906,-18906
8.301,1790928570.859,1:20,580,8,0,0,0,0,8,0,38950,19475
8.552,1790928571.110,1:10,10514870,6947,92,6942,39364,26,3477,3470,-12174,-13249
8.552,1790928571.110,1:1,10515450,6955,0,3473,0,0,3470,0,-18899,-18899
8.552,1790928571.110,1:20,580,8,0,0,0,0,8,0,38950,19475
8.804,1790928571.362,1:10,10829782,7155,92,7150,45420,30,3581,3574,-12181,-13256
8.804,1790928571.362,1:1,10830362,7163,0,3577,0,0,3574,0,-18906,-18906
8.804,1790928571.362,1:20,580,8,0,0,0,0,8,0,38950,19475
9.056,1790928571.614,1:10,11143180,7362,92,7357,51476,34,3685,3677,-36757,-18907
9.056,1790928571.614,1:1,11143760,7370,0,3680,0,0,3677,0,-24557,-24557
9.056,1790928571.614,1:20,580,8,0,0,0,0,8,0,38950,19475
9.307,1790928571.865,1:10,11458092,7570,92,7565,54504,36,3789,3781,-36765,-18915
9.307,1790928571.865,1:1,11458672,7578,0,3784,0,0,3781,0,-24565,-24565
9.307,1790928571.865,1:20,580,8,0,0,0,0,8,0,38950,19475
9.559,1790928572.117,1:10,11773004,7778,92,7773,59046,39,3893,3885,-36761,-18911
9.559,1790928572.117,1:1,11773584,7786,0,3888,0,0,3885,0,-24561,-24561
9.559,1790928572.117,1:20,580,8,0,0,0,0,8,0,38950,19475
9.810,1790928572.368,1:10,12087916,7986,92,7981,62074,41,3997,3989,-36759,-18909
9.810,1790928572.368,1:1,12088496,7994,0,3992,0,0,3989,0,-24559,-24559
9.810,1790928572.368,1:20,580,8,0,0,0,0,8,0,38950,19475
10.062,1790928572.620,1:10,12401314,8193,92,8188,68130,45,4100,4093,-11260,-12335
10.062,1790928572.620,1:1,12401968,8202,0,4096,0,0,4093,0,-18910,-18910
10.062,1790928572.620,1:20,654,9,0,0,0,0,9,0,38150,19075
10.313,1790928572.871,1:10,12570882,8305,105,8200,49962,33,4204,4101,-37832,1075
10.313,1790928572.871,1:1,12718460,8412,0,4104,0,0,4101,0,-44210,-44210
10.313,1790928572.871,1:20,147578,107,24,4,74186,49,107,0,-37829,1075
10.565,1790928573.123,1:10,12728338,8409,105,8200,33308,22,4308,4101,-37831,1075
10.565,1790928573.123,1:1,13033372,8620,0,4104,0,0,4101,0,-44203,-44203
10.565,1790928573.123,1:20,305034,211,52,4,49962,33,211,0,-37822,1075
10.816,1790928573.374,1:10,12885794,8513,105,8200,37850,25,4412,4101,-37825,1075
10.816,1790928573.374,1:1,13346770,8827,0,4104,0,0,4101,0,-46300,-46300
10.816,1790928573.374,1:20,460976,314,53,4,56018,37,314,0,-37829,1075
11.068,1790928573.626,1:10,13043250,8617,105,8200,39364,26,4516,4101,-37838,1075
11.068,1790928573.626,1:1,13661682,9035,0,4104,0,0,4101,0,-46313,-46313
11.068,1790928573.626,1:20,618432,418,53,4,25738,17,418,0,-37834,1075
11.319,1790928573.877,1:10,13200706,8721,105,8200,43906,29,4620,4101,-37821,1075
11.319,1790928573.877,1:1,13976594,9243,0,4104,0,0,4101,0,-46296,-46296
11.319,1790928573.877,1:20,775888,522,53,4,31794,21,522,0,-37832,1075
11.571,1790928574.129,1:10,13358162,8825,105,8200,48448,32,4724,4101,-37833,1075
11.571,1790928574.129,1:1,14291506,9451,0,4104,0,0,4101,0,-46308,-46308
11.571,1790928574.129,1:20,933344,626,53,4,33308,22,626,0,-37828,1075
11.823,1790928574.380,1:10,13514104,8928,105,8200,51476,34,4827,4101,-37833,1075
11.823,1790928574.380,1:1,14604904,9658,0,4104,0,0,4101,0,-44217,-44217
11.823,1790928574.380,1:20,1090800,730,53,4,39364,26,730,0,-37836,1075
12.074,1790928574.632,1:10,13671560,9032,105,8200,56018,37,4931,4101,-37833,1075
12.074,1790928574.632,1:1,14919886,9867,0,4104,0,0,4101,0,-43335,-43335
12.074,1790928574.632,1:20,1248326,835,53,4,40878,27,835,0,-37830,1075
12.326,1790928574.884,1:10,13829016,9136,105,8200,57532,38,5035,4101,-37831,1075
12.326,1790928574.884,1:1,15234798,10075,0,4104,0,0,4101,0,-43332,-43332
12.326,1790928574.884,1:20,1405782,939,53,4,45420,30,939,0,-37826,1075
12.577,1790928575.135,1:10,13986472,9240,105,8200,59046,39,5139,4101,-37827,1075
12.577,1790928575.135,1:1,15548196,10282,0,4104,0,0,4101,0,-47177,-47177
12.577,1790928575.135,1:20,1561724,1042,53,4,48448,32,1042,0,-37821,1075
12.829,1790928575.387,1:10,14143928,9344,105,8200,60560,40,5243,4101,-37829,1075
12.829,1790928575.387,1:1,15863108,10490,0,4104,0,0,4101,0,-47179,-47179
12.829,1790928575.387,1:20,1719180,1146,53,4,52990,35,1146,0,-37834,1075
13.080,1790928575.638,1:10,14301384,9448,105,8200,65102,43,5347,4101,-37838,1075
13.080,1790928575.638,1:1,16178020,10698,0,4104,0,0,4101,0,-47188,-47188
13.080,1790928575.638,1:20,1876636,1250,53,4,54504,36,1250,0,-37830,1075
13.332,1790928575.890,1:10,14457326,9551,105,8200,69644,46,5450,4101,-37832,1075
13.332,1790928575.890,1:1,16491418,10905,0,4104,0,0,4101,0,-43337,-43337
13.332,1790928575.890,1:20,2034092,1354,53,4,56018,37,1354,0,-37831,1075
13.583,1790928576.141,1:10,14614782,9655,105,8200,71158,47,5554,4101,-37835,1075
13.583,1790928576.141,1:1,16806330,11113,0,4104,0,0,4101,0,-43341,-43341
13.583,1790928576.141,1:20,2191548,1458,53,4,60560,40,1458,0,-37836,1075
13.835,1790928576.393,1:10,14772238,9759,105,8200,72672,48,5658,4101,-37828,1075
13.835,1790928576.393,1:1,17121242,11321,0,4104,0,0,4101,0,-43343,-43343
13.835,1790928576.393,1:20,2349004,1562,53,4,62074,41,1562,0,-37837,1075
14.086,1790928576.644,1:10,14929694,9863,106,8200,72672,48,5762,4101,-37833,1075
14.086,1790928576.644,1:1,17434640,11528,0,4104,0,0,4101,0,-47183,-47183
14.086,1790928576.644,1:20,2504946,1665,53,4,68130,45,1665,0,-37828,1075
14.338,1790928576.896,1:10,15087150,9967,107,8200,36336,24,5866,4101,-37831,1075
14.338,1790928576.896,1:1,17749552,11736,0,4104,0,0,4101,0,-47181,-47181
14.338,1790928576.896,1:20,2662402,1769,53,4,68130,45,1769,0,-37826,1075
14.589,1790928577.147,1:10,15244606,10071,107,8200,27252,18,5970,4101,-37835,1075
14.589,1790928577.147,1:1,18064464,11944,0,4104,0,0,4101,0,-47185,-47185
14.589,1790928577.147,1:20,2819858,1873,53,4,69644,46,1873,0,-37833,1075
14.841,1790928577.399,1:10,15400548,10174,107,8200,33308,22,6073,4101,-37824,1075
14.841,1790928577.399,1:1,18377862,12151,0,4104,0,0,4101,0,-43339,-43339
14.841,1790928577.399,1:20,2977314,1977,53,4,74186,49,1977,0,-37833,1075
15.092,1790928577.650,1:10,15558004,10278,107,8200,36336,24,6177,4101,-37828,1075
15.092,1790928577.650,1:1,18692774,12359,0,4104,0,0,4101,0,-43336,-43336
15.092,1790928577.650,1:20,3134770,2081,54,4,74186,49,2081,0,-37830,1075
15.344,1790928577.903,1:10,15715460,10382,107,8200,40878,27,6281,4101,-37830,1075
15.344,1790928577.903,1:1,19007686,12567,0,4104,0,0,4101,0,-43335,-43335
15.344,1790928577.903,1:20,3292226,2185,54,4,22710,15,2185,0,-37829,1075
15.596,1790928578.154,1:10,15872916,10486,107,8200,42392,28,6385,4101,-37830,1075
15.596,1790928578.154,1:1,19322598,12775,0,4104,0,0,4101,0,-43331,-43331
15.596,1790928578.154,1:20,3449682,2289,54,4,27252,18,2289,0,-37825,1075
15.848,1790928578.406,1:10,16030372,10590,107,8200,46934,31,6489,4101,-37826,1075
15.848,1790928578.406,1:1,19637510,12983,0,4104,0,0,4101,0,-43339,-43339
15.848,1790928578.406,1:20,3607138,2393,54,4,31794,21,2393,0,-37833,1075
16.100,1790928578.658,1:10,16187828,10694,107,8200,48448,32,6593,4101,-37838,1075
16.100,1790928578.658,1:1,19950908,13190,0,4104,0,0,4101,0,-47188,-47188
16.100,1790928578.658,1:20,3763080,2496,54,4,36336,24,2496,0,-37836,1075
16.351,1790928578.910,1:10,16345284,10798,107,8200,52990,35,6697,4101,-37818,1075
16.351,1790928578.910,1:1,20267334,13399,0,4104,0,0,4101,0,-43326,-43326
16.351,1790928578.910,1:20,3922050,2601,54,4,40878,27,2601,0,-37820,1075
16.603,1790928579.162,1:10,16502740,10902,107,8200,57532,38,6801,4101,-37836,1075
16.603,1790928579.162,1:1,20580732,13606,0,4104,0,0,4101,0,-47186,-47186
16.603,1790928579.162,1:20,4077992,2704,54,4,43906,29,2704,0,-37830,1075
16.855,1790928579.413,1:10,16660196,11006,107,8200,59046,39,6905,4101,-37837,1075
16.855,1790928579.413,1:1,20895644,13814,0,4104,0,0,4101,0,-47187,-47187
16.855,1790928579.413,1:20,4235448,2808,54,4,46934,31,2808,0,-37833,1075
17.107,1790928579.665,1:10,16817652,11110,107,8200,60560,40,7009,4101,-37831,1075
17.107,1790928579.665,1:1,21210556,14022,0,4104,0,0,4101,0,-47181,-47181
17.107,1790928579.665,1:20,4392904,2912,54,4,51476,34,2912,0,-37832,1075
17.358,1790928579.916,1:10,16975108,11214,107,8200,62074,41,7113,4101,-37830,1075
17.358,1790928579.916,1:1,21525468,14230,0,4104,0,0,4101,0,-47180,-47180
17.358,1790928579.916,1:20,4550360,3016,54,4,52990,35,3016,0,-37838,1075
17.610,1790928580.168,1:10,17131050,11317,107,8200,68130,45,7216,4101,-37837,1075
17.610,1790928580.168,1:1,21838866,14437,0,4104,0,0,4101,0,-43279,-43279
17.610,1790928580.168,1:20,4707816,3120,54,4,54504,36,3120,0,-37774,1075
17.861,1790928580.419,1:10,17288506,11421,107,8200,69644,46,7320,4101,-37829,1075
17.861,1790928580.419,1:1,22153778,14645,0,4104,0,0,4101,0,-43333,-43333
17.861,1790928580.419,1:20,4865272,3224,54,4,57532,38,3224,0,-37828,1075
18.113,1790928580.671,1:10,17445962,11525,107,8200,72672,48,7424,4101,-37835,1075
18.113,1790928580.671,1:1,22467176,14852,0,4104,0,0,4101,0,-47185,-47185
18.113,1790928580.671,1:20,5021214,3327,54,4,63588,42,3327,0,-37837,1075
18.364,1790928580.923,1:10,17603418,11629,107,8200,74186,49,7528,4101,-37838,1075
18.364,1790928580.923,1:1,22782088,15060,0,4104,0,0,4101,0,-47188,-47188
18.364,1790928580.923,1:20,5178670,3431,54,4,65102,43,3431,0,-37829,1075
18.616,1790928581.174,1:10,17760874,11733,109,8200,74186,49,7632,4101,-37828,1075
18.616,1790928581.174,1:1,23097000,15268,0,4104,0,0,4101,0,-47178,-47178
18.616,1790928581.174,1:20,5336126,3535,54,4,69644,46,3535,0,-37824,1075
18.868,1790928581.426,1:10,17918330,11837,109,8200,24224,16,7736,4101,-37835,1075
18.868,1790928581.426,1:1,23411912,15476,0,4104,0,0,4101,0,-47185,-47185
18.868,1790928581.426,1:20,5493582,3639,54,4,71158,47,3639,0,-37832,1075
19.119,1790928581.677,1:10,18075786,11941,109,8200,30280,20,7840,4101,-37836,1075
19.119,1790928581.677,1:1,23726824,15684,0,4104,0,0,4101,0,-47186,-47186
19.119,1790928581.677,1:20,5651038,3743,54,4,72672,48,3743,0,-37839,1075
19.371,1790928581.929,1:10,18231728,12044,109,8200,33308,22,7943,4101,-37826,1075
19.371,1790928581.929,1:1,24040222,15891,0,4104,0,0,4101,0,-43333,-43333
19.371,1790928581.929,1:20,5808494,3847,54,4,72672,48,3847,0,-37827,1075
19.622,1790928582.180,1:10,18389184,12148,109,8200,37850,25,8047,4101,-37827,1075
19.622,1790928582.180,1:1,24355134,16099,0,4104,0,0,4101,0,-43340,-43340
19.622,1790928582.180,1:20,5965950,3951,55,4,54504,36,3951,0,-37834,1075
19.874,1790928582.432,1:10,18546640,12252,109,8200,42392,28,8151,4101,-37827,1075
19.874,1790928582.432,1:1,24668532,16306,0,4104,0,0,4101,0,-47177,-47177
19.874,1790928582.432,1:20,6121892,4054,55,4,25738,17,4054,0,-37831,1075
20.125,1790928582.683,1:10,18704096,12356,109,8200,45420,30,8255,4101,-37833,1075
20.125,1790928582.683,1:1,24983444,16514,0,4104,0,0,4101,0,-47183,-47183
20.125,1790928582.683,1:20,6279348,4158,55,4,31794,21,4158,0,-37830,1075
20.377,1790928582.935,1:10,18861552,12460,109,8200,46934,31,8359,4101,-37828,1075
20.377,1790928582.935,1:1,25298356,16722,0,4104,0,0,4101,0,-47178,-47178
20.377,1790928582.935,1:20,6436804,4262,55,4,36336,24,4262,0,-37817,1075
20.629,1790928583.187,1:10,19019008,12564,109,8200,51476,34,8463,4101,-37824,1075
20.629,1790928583.187,1:1,25613268,16930,0,4104,0,0,4101,0,-47174,-47174
20.629,1790928583.187,1:20,6594260,4366,55,4,40878,27,4366,0,-37829,1075
20.880,1790928583.438,1:10,19176464,12668,109,8200,52990,35,8567,4101,-37837,1075
20.880,1790928583.438,1:1,25928180,17138,0,4104,0,0,4101,0,-47187,-47187
20.880,1790928583.438,1:20,6751716,4470,55,4,42392,28,4470,0,-37804,1075
21.132,1790928583.690,1:10,19332406,12771,109,8200,59046,39,8670,4101,-37820,1075
21.132,1790928583.690,1:1,26241578,17345,0,4104,0,0,4101,0,-43336,-43336
21.132,1790928583.690,1:20,6909172,4574,55,4,45420,30,4574,0,-37831,1075
21.384,1790928583.942,1:10,19489862,12875,109,8200,60560,40,8774,4101,-37830,1075
21.384,1790928583.942,1:1,26556490,17553,0,4104,0,0,4101,0,-43341,-43341
21.384,1790928583.942,1:20,7066628,4678,55,4,46934,31,4678,0,-37835,1075
21.635,1790928584.193,1:10,19647318,12979,109,8200,63588,42,8878,4101,-37837,1075
21.635,1790928584.193,1:1,26871402,17761,0,4104,0,0,4101,0,-43337,-43337
21.635,1790928584.193,1:20,7224084,4782,55,4,51476,34,4782,0,-37831,1075
21.887,1790928584.445,1:10,19804774,13083,109,8200,65102,43,8982,4101,-37839,1075
21.887,1790928584.445,1:1,27186314,17969,0,4104,0,0,4101,0,-43335,-43335
21.887,1790928584.445,1:20,7381540,4886,55,4,52990,35,4886,0,-37829,1075
22.139,1790928584.697,1:10,19962230,13187,109,8200,66616,44,9086,4101,-37837,1075
22.139,1790928584.697,1:1,27499712,18176,0,4104,0,0,4101,0,-47187,-47187
22.139,1790928584.697,1:20,7537482,4989,55,4,57532,38,4989,0,-37835,1075
22.390,1790928584.948,1:10,20119686,13291,109,8200,71158,47,9190,4101,-37835,1075
22.390,1790928584.948,1:1,27814624,18384,0,4104,0,0,4101,0,-47185,-47185
22.390,1790928584.948,1:20,7694938,5093,55,4,62074,41,5093,0,-37829,1075
22.642,1790928585.200,1:10,20277142,13395,109,8200,72672,48,9294,4101,-37837,1075
22.642,1790928585.200,1:1,28129536,18592,0,4104,0,0,4101,0,-47187,-47187
22.642,1790928585.200,1:20,7852394,5197,55,4,63588,42,5197,0,-37829,1075
22.893,1790928585.451,1:10,20434598,13499,110,8200,72672,48,9398,4101,-37828,1075
22.893,1790928585.451,1:1,28444448,18800,0,4104,0,0,4101,0,-47178,-47178
22.893,1790928585.451,1:20,8009850,5301,55,4,65102,43,5301,0,-37831,1075
23.145,1790928585.703,1:10,20590540,13602,111,8200,34822,23,9501,4101,-37836,1075
23.145,1790928585.703,1:1,28757846,19007,0,4104,0,0,4101,0,-43339,-43339
23.145,1790928585.703,1:20,8167306,5405,55,4,68130,45,5405,0,-37833,1075
23.396,1790928585.954,1:10,20747996,13706,111,8200,27252,18,9605,4101,-37834,1075
23.396,1790928585.954,1:1,29072758,19215,0,4104,0,0,4101,0,-43332,-43332
23.396,1790928585.954,1:20,8324762,5509,55,4,69644,46,5509,0,-37826,1075
23.648,1790928586.206,1:10,20905452,13810,111,8200,30280,20,9709,4101,-37830,1075
23.648,1790928586.206,1:1,29386156,19422,0,4104,0,0,4101,0,-47180,-47180
23.648,1790928586.206,1:20,8480704,5612,55,4,75700,50,5612,0,-37832,1075
23.899,1790928586.457,1:10,21062908,13914,111,8200,34822,23,9813,4101,-37837,1075
23.899,1790928586.457,1:1,29701068,19630,0,4104,0,0,4101,0,-47187,-47187
23.899,1790928586.457,1:20,8638160,5716,56,4,75700,50,5716,0,-37826,1075
24.151,1790928586.709,1:10,21220364,14018,111,8200,37850,25,9917,4101,-37824,1075
24.151,1790928586.709,1:1,30015980,19838,0,4104,0,0,4101,0,-47174,-47174
24.151,1790928586.709,1:20,8795616,5820,56,4,24224,16,5820,0,-37820,1075
24.402,1790928586.960,1:10,21376306,14121,111,8200,42392,28,10020,4101,-37826,1075
24.402,1790928586.960,1:1,30329378,20045,0,4104,0,0,4101,0,-43332,-43332
24.402,1790928586.960,1:20,8953072,5924,56,4,28766,19,5924,0,-37826,1075
24.654,1790928587.212,1:10,21533762,14225,111,8200,46934,31,10124,4101,-37830,1075
24.654,1790928587.212,1:1,30644290,20253,0,4104,0,0,4101,0,-43178,-43178
24.654,1790928587.212,1:20,9110528,6028,56,4,33308,22,6028,0,-37673,1075
24.906,1790928587.464,1:10,21691218,14329,111,8200,51476,34,10228,4101,-37831,1075
24.906,1790928587.464,1:1,30959202,20461,0,4104,0,0,4101,0,-43338,-43338
24.906,1790928587.464,1:20,9267984,6132,56,4,36336,24,6132,0,-37833,1075
25.157,1790928587.715,1:10,21848674,14433,111,8200,52990,35,10332,4101,-37829,1075
25.157,1790928587.715,1:1,31272600,20668,0,4104,0,0,4101,0,-47179,-47179
25.157,1790928587.715,1:20,9423926,6235,56,4,40878,27,6235,0,-37830,1075
25.409,1790928587.967,1:10,22006130,14537,111,8200,54504,36,10436,4101,-37837,1075
25.409,1790928587.967,1:1,31587512,20876,0,4104,0,0,4101,0,-47187,-47187
25.409,1790928587.967,1:20,9581382,6339,56,4,45420,30,6339,0,-37833,1075
25.660,1790928588.218,1:10,22163586,14641,111,8200,59046,39,10540,4101,-37830,1075
25.660,1790928588.218,1:1,31902424,21084,0,4104,0,0,4101,0,-47180,-47180
25.660,1790928588.218,1:20,9738838,6443,56,4,48518,33,6443,0,-37830,1075
25.912,1790928588.470,1:10,22321042,14745,111,8200,60560,40,10644,4101,-37832,1075
25.912,1790928588.470,1:1,32217406,21293,0,4104,0,0,4101,0,-48057,-48057
25.912,1790928588.470,1:20,9896364,6548,56,4,49962,33,6548,0,-37841,1075
26.163,1790928588.721,1:10,22476984,14848,111,8200,65102,43,10747,4101,-37832,1075
26.163,1790928588.721,1:1,32530804,21500,0,4104,0,0,4101,0,-42465,-42465
26.163,1790928588.721,1:20,10053820,6652,56,4,51476,34,6652,0,-37834,1075
26.415,1790928588.973,1:10,22634440,14952,111,8200,68130,45,10851,4101,-37835,1075
26.415,1790928588.973,1:1,32845716,21708,0,4104,0,0,4101,0,-42463,-42463
26.415,1790928588.973,1:20,10211276,6756,56,4,56018,37,6756,0,-37832,1075
26.666,1790928589.224,1:10,22791896,15056,111,8200,69644,46,10955,4101,-37830,1075
26.666,1790928589.224,1:1,33159114,21915,0,4104,0,0,4101,0,-48055,-48055
26.666,1790928589.224,1:20,10367218,6859,56,4,60560,40,6859,0,-37827,1075
26.918,1790928589.476,1:10,22949352,15160,111,8200,69644,46,11059,4101,-37837,1075
26.918,1790928589.476,1:1,33474026,22123,0,4104,0,0,4101,0,-48062,-48062
26.918,1790928589.476,1:20,10524674,6963,56,4,62074,41,6963,0,-37834,1075
27.169,1790928589.727,1:10,23106808,15264,111,8200,74186,49,11163,4101,-37835,1075
27.169,1790928589.727,1:1,33788938,22331,0,4104,0,0,4101,0,-48060,-48060
27.169,1790928589.727,1:20,10682130,7067,56,4,63588,42,7067,0,-37829,1075
27.421,1790928589.979,1:10,23264264,15368,113,8200,74186,49,11267,4101,-37834,1075
27.421,1790928589.979,1:1,34103850,22539,0,4104,0,0,4101,0,-48059,-48059
27.421,1790928589.979,1:20,10839586,7171,56,4,68130,45,7171,0,-37829,1075
27.672,1790928590.230,1:10,23420206,15471,113,8200,25738,17,11370,4101,-37828,1075
27.672,1790928590.230,1:1,34417248,22746,0,4104,0,0,4101,0,-42464,-42464
27.672,1790928590.230,1:20,10997042,7275,56,4,69644,46,7275,0,-37833,1075
27.924,1790928590.482,1:10,23577662,15575,113,8200,31794,21,11474,4101,-37835,1075
27.924,1790928590.482,1:1,34732160,22954,0,4104,0,0,4101,0,-42305,-42305
27.924,1790928590.482,1:20,11154498,7379,56,4,71158,47,7379,0,-37674,1075
28.175,1790928590.733,1:10,23735118,15679,113,8200,33308,22,11578,4101,-37835,1075
28.175,1790928590.733,1:1,35045558,23161,0,4104,0,0,4101,0,-48060,-48060
28.175,1790928590.733,1:20,11310440,7482,56,4,75700,50,7482,0,-37833,1075
28.427,1790928590.985,1:10,23892574,15783,113,8200,37850,25,11682,4101,-37836,1075
28.427,1790928590.985,1:1,35360470,23369,0,4104,0,0,4101,0,-48061,-48061
28.427,1790928590.985,1:20,11467896,7586,58,4,56018,37,7586,0,-37828,1075
28.679,1790928591.237,1:10,24050030,15887,113,8200,39364,26,11786,4101,-37678,1075
28.679,1790928591.237,1:1,35675382,23577,0,4104,0,0,4101,0,-47903,-47903
28.679,1790928591.237,1:20,11625352,7690,58,4,25738,17,7690,0,-37842,1075
28.930,1790928591.488,1:10,24207486,15991,113,8200,45420,30,11890,4101,-37829,1075
28.930,1790928591.488,1:1,35990294,23785,0,4104,0,0,4101,0,-48054,-48054
28.930,1790928591.488,1:20,11782808,7794,58,4,28766,19,7794,0,-37836,1075
29.182,1790928591.740,1:10,24363428,16094,113,8200,48448,32,11993,4101,-37828,1075
29.182,1790928591.740,1:1,36303692,23992,0,4104,0,0,4101,0,-42469,-42469
29.182,1790928591.740,1:20,11940264,7898,58,4,33308,22,7898,0,-37838,1075
29.433,1790928591.991,1:10,24520884,16198,113,8200,52990,35,12097,4101,-37835,1075
29.433,1790928591.991,1:1,36618604,24200,0,4104,0,0,4101,0,-42465,-42465
29.433,1790928591.991,1:20,12097720,8002,58,4,39364,26,8002,0,-37834,1075
29.685,1790928592.243,1:10,24678340,16302,113,8200,54504,36,12201,4101,-37834,1075
29.685,1790928592.243,1:1,36932002,24407,0,4104,0,0,4101,0,-48059,-48059
29.685,1790928592.243,1:20,12253662,8105,58,4,42392,28,8105,0,-37832,1075
29.936,1790928592.494,1:10,24835796,16406,113,8200,56018,37,12305,4101,-37832,1075
29.936,1790928592.494,1:1,37246914,24615,0,4104,0,0,4101,0,-48057,-48057
29.936,1790928592.494,1:20,12411118,8209,58,4,46934,31,8209,0,-37829,1075
30.188,1790928592.746,1:10,24993252,16510,113,8200,59046,39,12409,4101,-37838,1075
30.188,1790928592.746,1:1,37561826,24823,0,4104,0,0,4101,0,-48063,-48063
30.188,1790928592.746,1:20,12568574,8313,58,4,48448,32,8313,0,-37836,1075
30.439,1790928592.997,1:10,25150708,16614,113,8200,60560,40,12513,4101,-37708,1075
30.439,1790928592.997,1:1,37876738,25031,0,4104,0,0,4101,0,-47933,-47933
30.439,1790928592.997,1:20,12726030,8417,58,4,49962,33,8417,0,-37824,1075
30.691,1790928593.249,1:10,25308164,16718,113,8200,65102,43,12617,4101,-37831,1075
30.691,1790928593.249,1:1,38191650,25239,0,4104,0,0,4101,0,-48056,-48056
30.691,1790928593.249,1:20,12883486,8521,58,4,54504,36,8521,0,-37829,1075
30.943,1790928593.501,1:10,25465620,16822,113,8200,68130,45,12721,4101,-37829,1075
30.943,1790928593.501,1:1,38506562,25447,0,4104,0,0,4101,0,-48054,-48054
30.943,1790928593.501,1:20,13040942,8625,58,4,56018,37,8625,0,-37796,1075
31.195,1790928593.752,1:10,25621562,16925,113,8200,71158,47,12824,4101,-37826,1075
31.195,1790928593.752,1:1,38819960,25654,0,4104,0,0,4101,0,-42464,-42464
31.195,1790928593.752,1:20,13198398,8729,58,4,60560,40,8729,0,-37833,1075
31.446,1790928594.004,1:10,25779018,17029,113,8200,74186,49,12928,4101,-37831,1075
31.446,1790928594.004,1:1,39134872,25862,0,4104,0,0,4101,0,-42460,-42460
31.446,1790928594.004,1:20,13355854,8833,58,4,62074,41,8833,0,-37829,1075
31.698,1790928594.256,1:10,26015202,17185,113,8252,51476,34,13032,4153,-37833,-8089
31.698,1790928594.256,1:1,39446670,26069,0,4156,0,0,4153,0,-28058,-28058
31.698,1790928594.256,1:20,13431468,8884,58,4,0,0,8884,0,38350,19175
31.949,1790928594.507,1:10,26330114,17393,113,8356,56018,37,13136,4257,-37829,-8202
31.949,1790928594.507,1:1,39761582,26277,0,4260,0,0,4257,0,-28054,-28054
31.949,1790928594.507,1:20,13431468,8884,58,4,0,0,8884,0,38350,19175
32.201,1790928594.759,1:10,26645026,17601,113,8460,59046,39,13240,4361,-37834,-8207
32.201,1790928594.759,1:1,40076494,26485,0,4364,0,0,4361,0,-28059,-28059
32.201,1790928594.759,1:20,13431468,8884,58,4,0,0,8884,0,38350,19175
32.452,1790928595.010,1:10,26959938,17809,113,8564,62074,41,13344,4465,-37834,-8238
32.452,1790928595.010,1:1,40391406,26693,0,4468,0,0,4465,0,-28059,-28059
32.452,1790928595.010,1:20,13431468,8884,58,4,0,0,8884,0,38350,19175
32.704,1790928595.262,1:10,27274850,18017,113,8668,66616,44,13448,4569,-37836,-8239
32.704,1790928595.262,1:1,40706318,26901,0,4572,0,0,4569,0,-28061,-28061
32.704,1790928595.262,1:20,13431468,8884,58,4,0,0,8884,0,38350,19175
32.956,1790928595.514,1:10,27588248,18224,113,8771,71158,47,13551,4673,-9748,923
32.956,1790928595.514,1:1,41019716,27108,0,4676,0,0,4673,0,-18898,-18898
32.956,1790928595.514,1:20,13431468,8884,58,4,0,0,8884,0,38350,19175
33.207,1790928595.765,1:10,27903160,18432,115,8875,62074,41,13655,4777,-9750,922
33.207,1790928595.765,1:1,41334628,27316,0,4780,0,0,4777,0,-18900,-18900
33.207,1790928595.765,1:20,13431468,8884,58,4,0,0,8884,0,38350,19175
33.459,1790928596.017,1:10,28216558,18639,115,8979,16654,11,13759,4880,-37836,-8239
33.459,1790928596.017,1:1,41648026,27523,0,4883,0,0,4880,0,-28061,-28061
33.459,1790928596.017,1:20,13431468,8884,58,4,0,0,8884,0,38350,19175
33.710,1790928596.268,1:10,28531470,18847,115,9083,22710,15,13863,4984,-37828,-8231
33.710,1790928596.268,1:1,41962938,27731,0,4987,0,0,4984,0,-28053,-28053
33.710,1790928596.268,1:20,13431468,8884,58,4,0,0,8884,0,38350,19175
33.962,1790928596.520,1:10,28846382,19055,115,9187,30280,20,13967,5088,-37832,-8236
33.962,1790928596.520,1:1,42277850,27939,0,5091,0,0,5088,0,-28057,-28057
33.962,1790928596.520,1:20,13431468,8884,58,4,0,0,8884,0,38350,19175
34.213,1790928596.771,1:10,29161294,19263,115,9291,31794,21,14071,5192,-37827,-8230
34.213,1790928596.771,1:1,42592762,28147,0,5195,0,0,5192,0,-28052,-28052
34.213,1790928596.771,1:20,13431468,8884,58,4,0,0,8884,0,38350,19175
34.465,1790928597.023,1:10,29474692,19470,115,9394,40878,27,14174,5296,-9752,919
34.465,1790928597.023,1:1,42906160,28354,0,5299,0,0,5296,0,-18902,-18902
34.465,1790928597.023,1:20,13431468,8884,58,4,0,0,8884,0,38350,19175
34.716,1790928597.275,1:10,29789604,19678,115,9498,45420,30,14278,5400,-9745,926
34.716,1790928597.275,1:1,43221072,28562,0,5403,0,0,5400,0,-18895,-18895
34.716,1790928597.275,1:20,13431468,8884,58,4,0,0,8884,0,38350,19175
34.968,1790928597.526,1:10,30103002,19885,115,9602,51476,34,14382,5503,-37833,-8236
34.968,1790928597.526,1:1,43534470,28769,0,5506,0,0,5503,0,-28058,-28058
34.968,1790928597.526,1:20,13431468,8884,58,4,0,0,8884,0,38350,19175
35.220,1790928597.778,1:10,30417914,20093,115,9706,54504,36,14486,5607,-37841,-8245
35.220,1790928597.778,1:1,43849382,28977,0,5610,0,0,5607,0,-28066,-28066
35.220,1790928597.778,1:20,13431468,8884,58,4,0,0,8884,0,38350,19175
35.471,1790928598.029,1:10,30732826,20301,115,9810,59046,39,14590,5711,-37827,-8231
35.471,1790928598.029,1:1,44164294,29185,0,5714,0,0,5711,0,-28052,-28052
35.471,1790928598.029,1:20,13431468,8884,58,4,0,0,8884,0,38350,19175
35.723,1790928598.281,1:10,31047738,20509,115,9914,60560,40,14694,5815,-37834,-8238
35.723,1790928598.281,1:1,44479206,29393,0,5818,0,0,5815,0,-28059,-28059
35.723,1790928598.281,1:20,13431468,8884,58,4,0,0,8884,0,38350,19175
35.974,1790928598.532,1:10,31361136,20716,115,10017,68130,45,14797,5919,-9753,918
35.974,1790928598.532,1:1,44792604,29600,0,5922,0,0,5919,0,-18903,-18903
35.974,1790928598.532,1:20,13431468,8884,58,4,0,0,8884,0,38350,19175
36.226,1790928598.784,1:10,31676048,20924,115,10121,71158,47,14901,6023,-9756,915
36.226,1790928598.784,1:1,45107516,29808,0,6026,0,0,6023,0,-18906,-18906
36.226,1790928598.784,1:20,13431468,8884,58,4,0,0,8884,0,38350,19175
36.477,1790928599.035,1:10,31989446,21131,116,10225,75700,50,15005,6126,-37833,-8236
36.477,1790928599.035,1:1,45420914,30015,0,6129,0,0,6126,0,-28058,-28058
36.477,1790928599.035,1:20,13431468,8884,58,4,0,0,8884,0,38350,19175
36.729,1790928599.287,1:10,32304358,21339,116,10329,15140,10,15109,6230,-37829,-8233
36.729,1790928599.287,1:1,45735826,30223,0,6233,0,0,6230,0,-28054,-28054
36.729,1790928599.287,1:20,13431468,8884,58,4,0,0,8884,0,38350,19175
36.981,1790928599.539,1:10,32619270,21547,116,10433,21196,14,15213,6334,-37834,-8618
36.981,1790928599.539,1:1,46050780,30432,0,6337,0,0,6334,0,-28584,-28584
36.981,1790928599.539,1:20,13431510,8885,58,4,0,0,8885,0,38950,19475
37.232,1790928599.790,1:10,32934182,21755,116,10537,27252,18,15317,6438,-37823,-8749
37.232,1790928599.790,1:1,46365692,30640,0,6441,0,0,6438,0,-28573,-28573
37.232,1790928599.790,1:20,13431510,8885,58,4,0,0,8885,0,38950,19475
37.484,1790928600.042,1:10,33249094,21963,116,10641,30280,20,15421,6542,-37831,-8756
37.484,1790928600.042,1:1,46680604,30848,0,6545,0,0,6542,0,-28581,-28581
37.484,1790928600.042,1:20,13431510,8885,58,4,0,0,8885,0,38950,19475
37.735,1790928600.293,1:10,33562492,22170,116,10744,37850,25,15524,6646,-9199,951
37.735,1790928600.293,1:1,46994002,31055,0,6649,0,0,6646,0,-18874,-18874
37.735,1790928600.293,1:20,13431510,8885,58,4,0,0,8885,0,38950,19475
37.986,1790928600.544,1:10,33875890,22377,116,10848,46934,31,15628,6749,-37833,-8759
37.986,1790928600.544,1:1,47307400,31262,0,6752,0,0,6749,0,-28583,-28583
37.986,1790928600.544,1:20,13431510,8885,58,4,0,0,8885,0,38950,19475
38.238,1790928600.796,1:10,34190802,22585,116,10952,49962,33,15732,6853,-37830,-8755
38.238,1790928600.796,1:1,47622312,31470,0,6856,0,0,6853,0,-28580,-28580
38.238,1790928600.796,1:20,13431510,8885,58,4,0,0,8885,0,38950,19475
38.490,1790928601.048,1:10,34505714,22793,116,11056,52990,35,15836,6957,-37830,-8824
38.490,1790928601.048,1:1,47937224,31678,0,6960,0,0,6957,0,-28580,-28580
38.490,1790928601.048,1:20,13431510,8885,58,4,0,0,8885,0,38950,19475
38.741,1790928601.300,1:10,34820626,23001,116,11160,59046,39,15940,7061,-37825,-8819
38.741,1790928601.300,1:1,48252136,31886,0,7064,0,0,7061,0,-28575,-28575
38.741,1790928601.300,1:20,13431510,8885,58,4,0,0,8885,0,38950,19475
38.993,1790928601.551,1:10,35135538,23209,116,11264,60560,40,16044,7165,-37830,-8825
38.993,1790928601.551,1:1,48567048,32094,0,7168,0,0,7165,0,-28580,-28580
38.993,1790928601.551,1:20,13431510,8885,58,4,0,0,8885,0,38950,19475
39.245,1790928601.803,1:10,35450450,23417,116,11368,65102,43,16148,7269,-37833,-8827
39.245,1790928601.803,1:1,48881960,32302,0,7272,0,0,7269,0,-28583,-28583
39.245,1790928601.803,1:20,13431510,8885,58,4,0,0,8885,0,38950,19475
39.496,1790928602.054,1:10,35763848,23624,116,11471,71158,47,16251,7373,-9228,852
39.496,1790928602.054,1:1,49195358,32509,0,7376,0,0,7373,0,-18903,-18903
39.496,1790928602.054,1:20,13431510,8885,58,4,0,0,8885,0,38950,19475
39.748,1790928602.306,1:10,36078760,23832,116,11575,74186,49,16355,7477,-9226,854
39.748,1790928602.306,1:1,49510270,32717,0,7480,0,0,7477,0,-18901,-18901
39.748,1790928602.306,1:20,13431510,8885,58,4,0,0,8885,0,38950,19475
39.999,1790928602.557,1:10,36392158,24039,118,11679,12112,8,16459,7580,-37831,-8825
39.999,1790928602.557,1:1,49823668,32924,0,7583,0,0,7580,0,-28581,-28581
39.999,1790928602.557,1:20,13431510,8885,58,4,0,0,8885,0,38950,19475
