t_s,eq-a.csv,eq-b.csv
0.50,8.769,0.0
1.50,9.534,0.0
2.50,9.545,0.0
3.50,9.232,0.0
4.50,9.951,0.0
5.50,9.545,0.0
6.50,9.568,0.0
7.50,9.534,0.0
8.50,9.557,0.0
9.50,9.522,0.0
10.50,4.981,4.668
11.50,4.773,4.784
12.50,4.761,4.773
13.50,4.773,4.796
14.50,4.819,4.784
15.50,4.784,4.784
16.50,4.784,4.784
17.50,4.773,4.784
18.50,4.784,4.738
19.50,4.761,4.773
20.50,4.796,4.796
21.50,4.773,4.773
22.50,4.402,4.796
23.50,5.19,4.124
24.50,4.784,5.468
25.50,4.761,4.773
26.50,4.773,4.784
27.50,4.761,4.773
28.50,4.784,4.761
29.50,4.819,4.831
30.50,4.796,0.753
31.50,7.101,0.0
32.50,9.545,0.0
33.50,9.557,0.0
34.50,9.557,0.0
35.50,9.557,0.0
36.50,9.545,0.0
37.50,9.568,0.0
38.50,9.568,0.0
39.50,9.545,0.0
