t_s,spare31q-a.csv,spare31q-b.csv
0.50,8.7,0.0
1.50,9.568,0.0
2.50,9.638,0.0
3.50,9.545,0.0
4.50,9.557,0.0
5.50,5.78,3.753
6.50,5.734,3.823
7.50,5.734,3.823
8.50,5.734,3.834
9.50,5.734,3.834
10.50,5.78,3.834
11.50,5.722,3.823
12.50,5.746,3.823
13.50,5.711,3.823
14.50,5.746,3.834
15.50,5.769,3.811
16.50,5.734,3.811
17.50,5.746,3.834
18.50,5.746,3.834
19.50,5.722,3.811
20.50,5.746,3.834
21.50,5.722,3.823
22.50,5.734,3.823
23.50,5.722,3.834
24.50,5.722,3.8
25.50,5.746,2.213
26.50,5.943,0.0
27.50,9.534,0.0
28.50,9.58,0.0
29.50,9.557,0.0
