t_s,spare31-a.csv,spare31-b.csv
0.50,8.769,0.0
1.50,9.568,0.0
2.50,9.557,0.0
3.50,9.557,0.0
4.50,9.568,0.023
5.50,7.252,1.425
6.50,7.17,3.253
7.50,7.17,2.398
8.50,7.159,2.386
9.50,7.17,2.398
10.50,7.159,2.386
11.50,7.182,2.386
12.50,7.159,2.398
13.50,7.17,2.375
14.50,7.159,2.398
15.50,7.17,2.409
16.50,7.17,2.386
17.50,7.205,2.363
18.50,7.182,2.398
19.50,7.159,2.398
20.50,7.17,2.386
21.50,7.17,2.409
22.50,7.182,2.386
23.50,7.194,2.375
24.50,7.17,2.398
25.50,7.17,2.386
26.50,7.17,0.313
27.50,7.159,0.0
28.50,7.866,0.0
29.50,9.58,0.0
