t_s,split31-a.csv,split31-b.csv
0.50,8.769,0.0
1.50,9.568,0.0
2.50,9.557,0.0
3.50,9.545,0.0
4.50,9.557,0.023
5.50,7.17,2.12
6.50,7.182,1.83
7.50,7.147,3.186
8.50,7.17,2.421
9.50,7.182,2.386
10.50,7.159,2.398
11.50,7.228,2.363
12.50,7.17,2.398
13.50,7.182,2.386
14.50,7.159,2.398
15.50,7.194,2.386
16.50,7.17,2.409
17.50,7.159,2.386
18.50,7.124,2.386
19.50,7.24,2.398
20.50,7.17,2.386
21.50,7.101,2.398
22.50,7.182,2.386
23.50,7.17,2.375
24.50,7.228,2.398
25.50,7.159,1.518
26.50,7.182,0.0
27.50,7.17,0.0
28.50,9.499,0.0
29.50,9.534,0.0
