t_s,kind,backlog_bytes,backlog_pkts,drops,sent_pkts,sent_bytes,fq_flows,fq_inactive,fq_throttled_now,fq_throttled_events
0.000,fq,0,0,0,4,292,0,0,0,0
0.023,fq,0,0,0,4,292,0,0,0,0
0.045,fq,0,0,0,4,292,0,0,0,0
0.067,fq,0,0,0,4,292,0,0,0,0
0.089,fq,0,0,0,15,15498,0,0,0,0
0.111,fq,0,0,0,15,15498,0,0,0,0
0.133,fq,6056,2,0,21,24582,1,0,1,3
0.156,fq,6056,1,0,31,39722,1,0,1,8
0.179,fq,6056,2,0,39,51834,1,0,1,12
0.201,fq,6056,2,0,49,66974,1,0,1,17
0.223,fq,6056,2,0,59,82114,1,0,1,22
0.246,fq,6056,2,0,69,97254,1,0,1,27
0.268,fq,6056,2,0,79,112394,1,0,1,32
0.290,fq,6056,2,0,87,124506,1,0,1,36
0.312,fq,6056,2,0,97,139646,1,0,1,41
0.335,fq,6056,2,0,107,154786,1,0,1,46
0.357,fq,6056,2,0,117,169926,1,0,1,51
0.379,fq,6056,2,0,127,185066,1,0,1,56
0.401,fq,6056,2,0,135,197178,1,0,1,60
0.424,fq,6056,2,0,145,212318,1,0,1,65
0.446,fq,6056,2,0,155,227458,1,0,1,70
0.468,fq,6056,2,0,165,242598,1,0,1,75
0.490,fq,6056,2,0,175,257738,1,0,1,80
0.513,fq,6056,2,0,183,269850,1,0,1,84
0.534,fq,6056,2,0,193,284990,1,0,1,89
0.556,fq,6056,2,0,203,300130,1,0,1,94
0.578,fq,6056,2,0,211,312242,1,0,1,98
0.599,fq,6056,2,0,221,327382,1,0,1,103
0.622,fq,6056,2,0,231,342522,1,0,1,108
0.644,fq,6056,2,0,241,357662,1,0,1,113
0.666,fq,6056,2,0,249,369774,1,0,1,117
0.687,fq,6056,2,0,259,384914,1,0,1,122
0.709,fq,6056,2,0,269,400054,1,0,1,127
0.732,fq,6056,2,0,279,415194,1,0,1,132
0.754,fq,6056,2,0,289,430334,1,0,1,137
0.777,fq,6056,2,0,297,442446,1,0,1,141
0.799,fq,6056,2,0,307,457586,1,0,1,146
0.820,fq,6056,2,0,317,472726,1,0,1,151
0.842,fq,6056,2,0,325,484838,1,0,1,155
0.863,fq,6056,2,0,337,500138,1,0,1,160
0.886,fq,6056,2,0,347,515278,1,0,1,165
0.908,fq,6056,2,0,357,530418,1,0,1,170
0.930,fq,6056,2,0,365,542530,1,0,1,174
0.952,fq,6056,2,0,375,557670,1,0,1,179
0.974,fq,6056,2,0,385,572810,1,0,1,184
0.996,fq,6056,2,0,395,587950,1,0,1,189
1.018,fq,6056,2,0,405,603090,1,0,1,194
1.041,fq,6056,2,0,415,618230,1,0,1,199
1.064,fq,6056,2,0,423,630342,1,0,1,203
1.086,fq,6056,2,0,433,645482,1,0,1,208
1.108,fq,6056,2,0,443,660622,1,0,1,213
1.131,fq,6056,2,0,453,675762,1,0,1,218
1.154,fq,6056,2,0,463,690902,1,0,1,223
1.176,fq,6056,2,0,471,703014,1,0,1,227
1.197,fq,6056,2,0,481,718154,1,0,1,232
1.219,fq,6056,2,0,491,733294,1,0,1,237
1.241,fq,6056,2,0,499,745406,1,0,1,241
1.262,fq,6056,2,0,509,760546,1,0,1,246
1.283,fq,6056,2,0,519,775686,1,0,1,251
1.305,fq,6056,2,0,527,787798,1,0,1,255
1.326,fq,6056,2,0,537,802938,1,0,1,260
1.348,fq,6056,2,0,547,818078,1,0,1,265
1.369,fq,6056,2,0,557,833218,1,0,1,270
1.393,fq,6056,2,0,565,845330,1,0,1,274
1.414,fq,6056,2,0,575,860470,1,0,1,279
1.435,fq,6056,2,0,585,875610,1,0,1,284
1.458,fq,6056,2,0,593,887722,1,0,1,288
1.480,fq,6056,2,0,603,902862,1,0,1,293
1.501,fq,6056,2,0,613,918002,1,0,1,298
1.523,fq,6056,2,0,621,930114,1,0,1,302
1.545,fq,6056,2,0,631,945254,1,0,1,307
1.567,fq,6056,2,0,642,960484,1,0,1,312
1.589,fq,6056,2,0,652,975624,1,0,1,317
1.611,fq,6056,2,0,660,987736,1,0,1,321
1.632,fq,6056,2,0,670,1002876,1,0,1,326
1.654,fq,6056,2,0,680,1018016,1,0,1,331
1.676,fq,6056,2,0,688,1030128,1,0,1,335
1.698,fq,6056,2,0,698,1045268,1,0,1,340
1.720,fq,6056,2,0,708,1060408,1,0,1,345
1.741,fq,6056,2,0,718,1075548,1,0,1,350
1.763,fq,6056,2,0,726,1087660,1,0,1,354
1.785,fq,6056,2,0,736,1102800,1,0,1,359
1.807,fq,6056,2,0,746,1117940,1,0,1,364
1.829,fq,6056,2,0,754,1130052,1,0,1,368
1.851,fq,6056,2,0,764,1145192,1,0,1,373
1.872,fq,6056,2,0,774,1160332,1,0,1,378
1.894,fq,6056,1,0,784,1175472,1,0,1,383
1.916,fq,6056,2,0,792,1187584,1,0,1,387
1.938,fq,6056,2,0,802,1202724,1,0,1,392
1.959,fq,6056,2,0,812,1217864,1,0,1,397
1.981,fq,6056,2,0,820,1229976,1,0,1,401
2.003,fq,6056,2,0,830,1245116,1,0,1,406
2.024,fq,6056,2,0,840,1260256,1,0,1,411
2.046,fq,6056,2,0,848,1272368,1,0,1,415
2.067,fq,6056,2,0,858,1287508,1,0,1,420
2.089,fq,6056,2,0,866,1299620,1,0,1,424
2.110,fq,6056,2,0,876,1314760,1,0,1,429
2.132,fq,6056,2,0,886,1329900,1,0,1,434
2.153,fq,6056,2,0,894,1342012,1,0,1,438
2.174,fq,6056,2,0,904,1357152,1,0,1,443
2.196,fq,6056,2,0,914,1372292,1,0,1,448
2.217,fq,6056,2,0,922,1384404,1,0,1,452
2.239,fq,6056,2,0,932,1399544,1,0,1,457
2.260,fq,6056,2,0,940,1411656,1,0,1,461
2.282,fq,6056,2,0,950,1426796,1,0,1,466
2.303,fq,6056,2,0,960,1441936,1,0,1,471
2.325,fq,6056,2,0,968,1454048,1,0,1,475
2.346,fq,6056,2,0,978,1469188,1,0,1,480
2.368,fq,6056,2,0,988,1484328,1,0,1,485
2.392,fq,6056,2,0,998,1499468,1,0,1,490
2.413,fq,6056,2,0,1008,1514608,1,0,1,495
2.435,fq,6056,2,0,1016,1526720,1,0,1,499
2.457,fq,6056,2,0,1026,1541860,1,0,1,504
2.478,fq,6056,2,0,1036,1557000,1,0,1,509
2.500,fq,6056,2,0,1044,1569112,1,0,1,513
2.521,fq,6056,2,0,1054,1584252,1,0,1,518
2.543,fq,6056,2,0,1062,1596364,1,0,1,522
2.564,fq,6056,2,0,1072,1611504,1,0,1,527
2.586,fq,6056,2,0,1082,1626644,1,0,1,532
2.607,fq,6056,2,0,1090,1638756,1,0,1,536
2.629,fq,6056,2,0,1100,1653896,1,0,1,541
2.651,fq,6056,2,0,1110,1669036,1,0,1,546
2.673,fq,6056,2,0,1120,1684176,1,0,1,551
2.695,fq,6056,2,0,1128,1696288,1,0,1,555
2.717,fq,6056,2,0,1138,1711428,1,0,1,560
2.739,fq,6056,2,0,1148,1726568,1,0,1,565
2.762,fq,6056,2,0,1158,1741708,1,0,1,570
2.784,fq,6056,2,0,1166,1753820,1,0,1,574
2.805,fq,6056,2,0,1176,1768960,1,0,1,579
2.827,fq,6056,2,0,1186,1784100,1,0,1,584
2.849,fq,6056,2,0,1196,1799240,1,0,1,589
2.871,fq,6056,2,0,1204,1811352,1,0,1,593
2.893,fq,6056,2,0,1214,1826492,1,0,1,598
2.915,fq,6056,2,0,1224,1841632,1,0,1,603
2.937,fq,6056,2,0,1234,1856772,1,0,1,608
2.959,fq,6056,2,0,1242,1868884,1,0,1,612
2.980,fq,6056,2,0,1252,1884024,1,0,1,617
3.002,fq,6056,2,0,1262,1899164,1,0,1,622
3.025,fq,6056,2,0,1272,1914304,1,0,1,627
3.047,fq,6056,2,0,1280,1926416,1,0,1,631
3.069,fq,6056,2,0,1290,1941556,1,0,1,636
3.091,fq,6056,2,0,1300,1956696,1,0,1,641
3.112,fq,6056,2,0,1308,1968808,1,0,1,645
3.134,fq,6056,2,0,1318,1983948,1,0,1,650
3.156,fq,6056,2,0,1328,1999088,1,0,1,655
3.177,fq,6056,2,0,1338,2014228,1,0,1,660
3.200,fq,6056,2,0,1346,2026340,1,0,1,664
3.222,fq,6056,2,0,1356,2041480,1,0,1,669
3.244,fq,6056,2,0,1366,2056620,1,0,1,674
3.266,fq,6056,2,0,1374,2068732,1,0,1,678
3.287,fq,6056,2,0,1384,2083872,1,0,1,683
3.309,fq,6056,2,0,1394,2099012,1,0,1,688
3.330,fq,6056,2,0,1402,2111124,1,0,1,692
3.352,fq,6056,2,0,1412,2126264,1,0,1,697
3.373,fq,6056,2,0,1422,2141404,1,0,1,702
3.395,fq,6056,2,0,1430,2153516,1,0,1,706
3.416,fq,6056,2,0,1440,2168656,1,0,1,711
3.438,fq,6056,2,0,1450,2183796,1,0,1,716
3.459,fq,6056,2,0,1458,2195908,1,0,1,720
3.481,fq,6056,2,0,1468,2211048,1,0,1,725
3.503,fq,6056,2,0,1478,2226188,1,0,1,730
3.524,fq,6056,2,0,1486,2238300,1,0,1,734
3.546,fq,6056,2,0,1496,2253440,1,0,1,739
3.568,fq,6056,2,0,1506,2268580,1,0,1,744
3.590,fq,6056,2,0,1514,2280692,1,0,1,748
3.611,fq,6056,2,0,1524,2295832,1,0,1,753
3.634,fq,6056,2,0,1534,2310972,1,0,1,758
3.656,fq,6056,2,0,1544,2326112,1,0,1,763
3.677,fq,6056,2,0,1552,2338224,1,0,1,767
3.699,fq,6056,2,0,1562,2353364,1,0,1,772
3.720,fq,6056,2,0,1572,2368504,1,0,1,777
3.742,fq,6056,2,0,1580,2380616,1,0,1,781
3.764,fq,6056,2,0,1590,2395756,1,0,1,786
3.786,fq,6056,2,0,1600,2410896,1,0,1,791
3.807,fq,6056,2,0,1608,2423008,1,0,1,795
3.829,fq,6056,2,0,1618,2438148,1,0,1,800
3.851,fq,6056,2,0,1628,2453288,1,0,1,805
3.872,fq,6056,2,0,1636,2465400,1,0,1,809
3.894,fq,6056,2,0,1646,2480540,1,0,1,814
3.915,fq,6056,2,0,1656,2495680,1,0,1,819
3.937,fq,6056,2,0,1664,2507792,1,0,1,823
3.958,fq,6056,2,0,1674,2522932,1,0,1,828
3.980,fq,6056,2,0,1684,2538072,1,0,1,833
4.002,fq,6056,2,0,1692,2550184,1,0,1,837
4.023,fq,6056,2,0,1702,2565324,1,0,1,842
4.045,fq,6056,2,0,1712,2580464,1,0,1,847
4.066,fq,6056,2,0,1720,2592576,1,0,1,851
4.088,fq,6056,2,0,1730,2607716,1,0,1,856
4.109,fq,6056,2,0,1740,2622856,1,0,1,861
4.133,fq,6056,2,0,1750,2637996,1,0,1,866
4.154,fq,6056,2,0,1758,2650108,1,0,1,870
4.176,fq,6056,2,0,1768,2665248,1,0,1,875
4.197,fq,6056,2,0,1776,2677360,1,0,1,879
4.219,fq,6056,2,0,1786,2692500,1,0,1,884
4.240,fq,6056,2,0,1796,2707640,1,0,1,889
4.261,fq,6056,2,0,1804,2719752,1,0,1,893
4.283,fq,6056,2,0,1814,2734892,1,0,1,898
4.304,fq,6056,2,0,1824,2750032,1,0,1,903
4.326,fq,6056,2,0,1832,2762144,1,0,1,907
4.348,fq,6056,2,0,1842,2777284,1,0,1,912
4.370,fq,6056,2,0,1852,2792424,1,0,1,917
4.393,fq,6056,2,0,1862,2807564,1,0,1,922
4.415,fq,6056,2,0,1872,2822704,1,0,1,927
4.438,fq,6056,2,0,1880,2834816,1,0,1,931
4.460,fq,6056,2,0,1890,2849956,1,0,1,936
4.481,fq,6056,2,0,1900,2865096,1,0,1,941
4.503,fq,6056,2,0,1908,2877208,1,0,1,945
4.524,fq,6056,2,0,1919,2892418,1,0,1,950
4.546,fq,6056,2,0,1929,2907558,1,0,1,955
4.567,fq,6056,2,0,1937,2919670,1,0,1,959
4.589,fq,6056,2,0,1947,2934810,1,0,1,964
4.610,fq,6056,2,0,1957,2949950,1,0,1,969
4.632,fq,6056,2,0,1965,2962062,1,0,1,973
4.653,fq,6056,2,0,1975,2977202,1,0,1,978
4.675,fq,6056,2,0,1985,2992342,1,0,1,983
4.696,fq,6056,2,0,1993,3004454,1,0,1,987
4.718,fq,6056,2,0,2003,3019594,1,0,1,992
4.739,fq,6056,2,0,2011,3031706,1,0,1,996
4.761,fq,6056,2,0,2021,3046846,1,0,1,1001
4.782,fq,6056,2,0,2031,3061986,1,0,1,1006
4.804,fq,6056,2,0,2039,3074098,1,0,1,1010
4.825,fq,6056,2,0,2049,3089238,1,0,1,1015
4.847,fq,6056,2,0,2059,3104378,1,0,1,1020
4.869,fq,6056,2,0,2069,3119518,1,0,1,1025
4.891,fq,6056,2,0,2077,3131630,1,0,1,1029
4.913,fq,6056,2,0,2087,3146770,1,0,1,1034
4.935,fq,6056,2,0,2097,3161910,1,0,1,1039
4.956,fq,6056,2,0,2107,3177050,1,0,1,1044
4.979,fq,6056,2,0,2115,3189162,1,0,1,1048
5.000,fq,6056,2,0,2125,3204302,1,0,1,1053
5.022,fq,6056,2,0,2133,3216414,1,0,1,1057
5.043,fq,6056,2,0,2143,3231554,1,0,1,1062
5.064,fq,6056,2,0,2153,3246694,1,0,1,1067
5.086,fq,6056,2,0,2161,3258806,1,0,1,1071
5.108,fq,6056,2,0,2171,3273946,1,0,1,1076
5.130,fq,6056,2,0,2181,3289086,1,0,1,1081
5.151,fq,6056,2,0,2191,3304226,1,0,1,1086
5.174,fq,6056,2,0,2199,3316338,1,0,1,1090
5.196,fq,6056,2,0,2209,3331478,1,0,1,1095
5.218,fq,6056,2,0,2219,3346618,1,0,1,1100
5.239,fq,6056,2,0,2227,3358730,1,0,1,1104
5.261,fq,6056,2,0,2237,3373870,1,0,1,1109
5.282,fq,6056,2,0,2248,3389052,1,0,1,1114
5.303,fq,6056,2,0,2256,3401164,1,0,1,1118
5.325,fq,6056,2,0,2266,3416304,1,0,1,1123
5.346,fq,6056,2,0,2276,3431444,1,0,1,1128
5.369,fq,6056,2,0,2284,3443556,1,0,1,1132
5.391,fq,6056,2,0,2294,3458696,1,0,1,1137
5.413,fq,6056,2,0,2304,3473836,1,0,1,1142
5.436,fq,6056,2,0,2314,3488976,1,0,1,1147
5.458,fq,6056,2,0,2324,3504116,1,0,1,1152
5.480,fq,6056,2,0,2332,3516228,1,0,1,1156
5.502,fq,6056,2,0,2342,3531368,1,0,1,1161
5.524,fq,6056,2,0,2352,3546508,1,0,1,1166
5.546,fq,6056,2,0,2362,3561648,1,0,1,1171
5.567,fq,6056,2,0,2370,3573760,1,0,1,1175
5.589,fq,6056,2,0,2380,3588900,1,0,1,1180
5.611,fq,6056,2,0,2390,3604040,1,0,1,1185
5.633,fq,6056,2,0,2398,3616152,1,0,1,1189
5.655,fq,6056,2,0,2408,3631292,1,0,1,1194
5.677,fq,6056,2,0,2418,3646432,1,0,1,1199
5.699,fq,6056,2,0,2428,3661572,1,0,1,1204
5.720,fq,6056,2,0,2436,3673684,1,0,1,1208
5.742,fq,6056,2,0,2446,3688824,1,0,1,1213
5.764,fq,6056,2,0,2456,3703964,1,0,1,1218
5.785,fq,6056,2,0,2464,3716076,1,0,1,1222
5.807,fq,6056,2,0,2474,3731216,1,0,1,1227
5.829,fq,6056,2,0,2484,3746356,1,0,1,1232
5.850,fq,6056,2,0,2492,3758468,1,0,1,1236
5.872,fq,6056,2,0,2502,3773608,1,0,1,1241
5.893,fq,6056,2,0,2512,3788748,1,0,1,1246
5.915,fq,6056,2,0,2520,3800860,1,0,1,1250
5.936,fq,6056,2,0,2530,3816000,1,0,1,1255
5.958,fq,6056,2,0,2540,3831140,1,0,1,1260
5.980,fq,6056,2,0,2548,3843252,1,0,1,1264
6.003,fq,6056,2,0,2558,3858392,1,0,1,1269
6.025,fq,6056,2,0,2568,3873532,1,0,1,1274
6.047,fq,6056,2,0,2578,3888672,1,0,1,1279
6.069,fq,6056,2,0,2588,3903812,1,0,1,1284
6.091,fq,6056,2,0,2596,3915924,1,0,1,1288
6.113,fq,6056,2,0,2606,3931064,1,0,1,1293
6.135,fq,6056,2,0,2616,3946204,1,0,1,1298
6.157,fq,6056,2,0,2626,3961344,1,0,1,1303
6.180,fq,6056,2,0,2634,3973456,1,0,1,1307
6.202,fq,6056,2,0,2644,3988596,1,0,1,1312
6.223,fq,6056,2,0,2654,4003736,1,0,1,1317
6.246,fq,6056,2,0,2664,4018876,1,0,1,1322
6.268,fq,6056,2,0,2672,4030988,1,0,1,1326
6.290,fq,6056,2,0,2682,4046128,1,0,1,1331
6.312,fq,6056,2,0,2692,4061268,1,0,1,1336
6.334,fq,6056,2,0,2702,4076408,1,0,1,1341
6.356,fq,6056,2,0,2712,4091548,1,0,1,1346
6.378,fq,6056,2,0,2720,4103660,1,0,1,1350
6.400,fq,6056,2,0,2730,4118800,1,0,1,1355
6.423,fq,6056,2,0,2740,4133940,1,0,1,1360
6.444,fq,6056,2,0,2748,4146052,1,0,1,1364
6.466,fq,6056,2,0,2758,4161192,1,0,1,1369
6.488,fq,6056,2,0,2768,4176332,1,0,1,1374
6.509,fq,6056,2,0,2778,4191472,1,0,1,1379
6.532,fq,6056,2,0,2786,4203584,1,0,1,1383
6.554,fq,6056,2,0,2796,4218724,1,0,1,1388
6.576,fq,6056,2,0,2806,4233864,1,0,1,1393
6.598,fq,6056,2,0,2816,4249004,1,0,1,1398
6.620,fq,6056,2,0,2824,4261116,1,0,1,1402
6.642,fq,6056,2,0,2834,4276256,1,0,1,1407
6.664,fq,6056,2,0,2844,4291396,1,0,1,1412
6.686,fq,6056,2,0,2854,4306536,1,0,1,1417
6.707,fq,6056,2,0,2862,4318648,1,0,1,1421
6.729,fq,6056,2,0,2872,4333788,1,0,1,1426
6.750,fq,6056,2,0,2880,4345900,1,0,1,1430
6.771,fq,6056,2,0,2890,4361040,1,0,1,1435
6.793,fq,6056,2,0,2900,4376180,1,0,1,1440
6.815,fq,6056,2,0,2908,4388292,1,0,1,1444
6.836,fq,6056,2,0,2918,4403432,1,0,1,1449
6.857,fq,6056,2,0,2928,4418572,1,0,1,1454
6.879,fq,6056,2,0,2936,4430684,1,0,1,1458
6.900,fq,6056,2,0,2946,4445824,1,0,1,1463
6.922,fq,6056,2,0,2956,4460964,1,0,1,1468
6.944,fq,6056,2,0,2964,4473076,1,0,1,1472
6.965,fq,6056,2,0,2974,4488216,1,0,1,1477
6.987,fq,6056,2,0,2984,4503356,1,0,1,1482
7.008,fq,6056,2,0,2992,4515468,1,0,1,1486
7.030,fq,6056,2,0,3002,4530608,1,0,1,1491
7.051,fq,6056,2,0,3010,4542720,1,0,1,1495
7.072,fq,6056,2,0,3020,4557860,1,0,1,1500
7.094,fq,6056,2,0,3030,4573000,1,0,1,1505
7.115,fq,6056,2,0,3038,4585112,1,0,1,1509
7.137,fq,6056,2,0,3048,4600252,1,0,1,1514
7.158,fq,6056,2,0,3058,4615392,1,0,1,1519
7.180,fq,6056,2,0,3066,4627504,1,0,1,1523
7.201,fq,6056,2,0,3076,4642644,1,0,1,1528
7.222,fq,6056,2,0,3084,4654756,1,0,1,1532
7.244,fq,6056,2,0,3094,4669896,1,0,1,1537
7.265,fq,6056,2,0,3104,4685036,1,0,1,1542
7.287,fq,6056,2,0,3112,4697148,1,0,1,1546
7.309,fq,6056,2,0,3122,4712288,1,0,1,1551
7.330,fq,6056,2,0,3132,4727428,1,0,1,1556
7.352,fq,6056,2,0,3140,4739540,1,0,1,1560
7.374,fq,6056,2,0,3150,4754680,1,0,1,1565
7.396,fq,6056,2,0,3160,4769820,1,0,1,1570
7.417,fq,6056,2,0,3170,4784960,1,0,1,1575
7.439,fq,6056,2,0,3178,4797072,1,0,1,1579
7.461,fq,6056,2,0,3188,4812212,1,0,1,1584
7.482,fq,6056,2,0,3198,4827352,1,0,1,1589
7.504,fq,6056,2,0,3206,4839464,1,0,1,1593
7.527,fq,6056,2,0,3216,4854604,1,0,1,1598
7.549,fq,6056,2,0,3226,4869744,1,0,1,1603
7.571,fq,6056,2,0,3236,4884884,1,0,1,1608
7.592,fq,6056,2,0,3244,4896996,1,0,1,1612
7.615,fq,6056,2,0,3254,4912136,1,0,1,1617
7.637,fq,6056,2,0,3264,4927276,1,0,1,1622
7.659,fq,6056,2,0,3274,4942416,1,0,1,1627
7.681,fq,6056,2,0,3282,4954528,1,0,1,1631
7.702,fq,6056,2,0,3292,4969668,1,0,1,1636
7.725,fq,6056,2,0,3302,4984808,1,0,1,1641
7.747,fq,6056,2,0,3312,4999948,1,0,1,1646
7.769,fq,6056,2,0,3320,5012060,1,0,1,1650
7.791,fq,6056,2,0,3330,5027200,1,0,1,1655
7.812,fq,6056,2,0,3340,5042340,1,0,1,1660
7.834,fq,6056,2,0,3348,5054452,1,0,1,1664
7.855,fq,6056,2,0,3358,5069592,1,0,1,1669
7.877,fq,6056,2,0,3368,5084732,1,0,1,1674
7.899,fq,6056,2,0,3376,5096844,1,0,1,1678
7.921,fq,6056,2,0,3386,5111984,1,0,1,1683
7.942,fq,6056,2,0,3396,5127124,1,0,1,1688
7.964,fq,6056,2,0,3404,5139236,1,0,1,1692
7.985,fq,6056,2,0,3414,5154376,1,0,1,1697
8.007,fq,6056,2,0,3424,5169516,1,0,1,1702
8.029,fq,6056,2,0,3432,5181628,1,0,1,1706
8.050,fq,6056,2,0,3442,5196768,1,0,1,1711
8.071,fq,6056,2,0,3452,5211908,1,0,1,1716
8.093,fq,6056,2,0,3460,5224020,1,0,1,1720
8.114,fq,6056,2,0,3470,5239160,1,0,1,1725
8.136,fq,6056,2,0,3478,5251272,1,0,1,1729
8.157,fq,6056,2,0,3488,5266412,1,0,1,1734
8.179,fq,6056,2,0,3498,5281552,1,0,1,1739
8.200,fq,6056,2,0,3506,5293664,1,0,1,1743
8.222,fq,6056,2,0,3516,5308804,1,0,1,1748
8.243,fq,6056,2,0,3526,5323944,1,0,1,1753
8.265,fq,6056,2,0,3534,5336056,1,0,1,1757
8.287,fq,6056,2,0,3544,5351196,1,0,1,1762
8.308,fq,6056,2,0,3554,5366336,1,0,1,1767
8.330,fq,6056,2,0,3562,5378448,1,0,1,1771
8.351,fq,6056,2,0,3572,5393588,1,0,1,1776
8.373,fq,6056,2,0,3582,5408728,1,0,1,1781
8.395,fq,6056,2,0,3590,5420840,1,0,1,1785
8.416,fq,6056,2,0,3600,5435980,1,0,1,1790
8.438,fq,6056,2,0,3610,5451120,1,0,1,1795
8.460,fq,6056,2,0,3620,5466260,1,0,1,1800
8.482,fq,6056,2,0,3628,5478372,1,0,1,1804
8.504,fq,6056,2,0,3638,5493512,1,0,1,1809
8.525,fq,6056,2,0,3646,5505624,1,0,1,1813
8.546,fq,6056,2,0,3656,5520764,1,0,1,1818
8.568,fq,6056,2,0,3666,5535904,1,0,1,1823
8.589,fq,6056,2,0,3674,5548016,1,0,1,1827
8.611,fq,6056,2,0,3684,5563156,1,0,1,1832
8.633,fq,6056,2,0,3694,5578296,1,0,1,1837
8.655,fq,6056,2,0,3704,5593436,1,0,1,1842
8.678,fq,6056,2,0,3714,5608576,1,0,1,1847
8.700,fq,6056,2,0,3722,5620688,1,0,1,1851
8.722,fq,6056,2,0,3732,5635828,1,0,1,1856
8.744,fq,6056,2,0,3742,5650968,1,0,1,1861
8.766,fq,6056,2,0,3752,5666108,1,0,1,1866
8.789,fq,6056,2,0,3762,5681248,1,0,1,1871
8.811,fq,6056,2,0,3770,5693360,1,0,1,1875
8.833,fq,6056,2,0,3780,5708500,1,0,1,1880
8.855,fq,6056,2,0,3790,5723640,1,0,1,1885
8.877,fq,6056,2,0,3800,5738780,1,0,1,1890
8.899,fq,6056,2,0,3808,5750892,1,0,1,1894
8.921,fq,6056,2,0,3818,5766032,1,0,1,1899
8.943,fq,6056,2,0,3828,5781172,1,0,1,1904
8.965,fq,6056,2,0,3838,5796312,1,0,1,1909
8.987,fq,6056,2,0,3846,5808424,1,0,1,1913
9.009,fq,6056,2,0,3856,5823564,1,0,1,1918
9.032,fq,6056,2,0,3866,5838704,1,0,1,1923
9.054,fq,6056,2,0,3876,5853844,1,0,1,1928
9.076,fq,6056,2,0,3886,5868984,1,0,1,1933
9.098,fq,6056,2,0,3894,5881096,1,0,1,1937
9.121,fq,6056,2,0,3904,5896236,1,0,1,1942
9.143,fq,6056,2,0,3914,5911376,1,0,1,1947
9.166,fq,6056,2,0,3924,5926516,1,0,1,1952
9.188,fq,6056,2,0,3934,5941656,1,0,1,1957
9.210,fq,6056,2,0,3942,5953768,1,0,1,1961
9.232,fq,6056,2,0,3952,5968908,1,0,1,1966
9.254,fq,6056,2,0,3962,5984048,1,0,1,1971
9.276,fq,6056,2,0,3972,5999188,1,0,1,1976
9.298,fq,6056,2,0,3982,6014328,1,0,1,1981
9.321,fq,6056,2,0,3990,6026440,1,0,1,1985
9.343,fq,6056,2,0,4000,6041580,1,0,1,1990
9.365,fq,6056,2,0,4010,6056720,1,0,1,1995
9.387,fq,6056,2,0,4020,6071860,1,0,1,2000
9.409,fq,6056,2,0,4028,6083972,1,0,1,2004
9.431,fq,6056,2,0,4038,6099112,1,0,1,2009
9.453,fq,6056,2,0,4048,6114252,1,0,1,2014
9.474,fq,6056,2,0,4056,6126364,1,0,1,2018
9.496,fq,6056,2,0,4066,6141504,1,0,1,2023
9.518,fq,6056,2,0,4076,6156644,1,0,1,2028
9.539,fq,6056,2,0,4084,6168756,1,0,1,2032
9.561,fq,6056,2,0,4094,6183896,1,0,1,2037
9.583,fq,6056,2,0,4104,6199036,1,0,1,2042
9.605,fq,6056,2,0,4114,6214176,1,0,1,2047
9.627,fq,6056,2,0,4122,6226288,1,0,1,2051
9.649,fq,6056,2,0,4132,6241428,1,0,1,2056
9.670,fq,6056,2,0,4142,6256568,1,0,1,2061
9.692,fq,6056,2,0,4150,6268680,1,0,1,2065
9.714,fq,6056,2,0,4160,6283820,1,0,1,2070
9.736,fq,6056,2,0,4170,6298960,1,0,1,2075
9.757,fq,6056,2,0,4180,6314100,1,0,1,2080
9.780,fq,6056,2,0,4188,6326212,1,0,1,2084
9.802,fq,6056,2,0,4198,6341352,1,0,1,2089
9.824,fq,6056,2,0,4208,6356492,1,0,1,2094
9.845,fq,6056,2,0,4216,6368604,1,0,1,2098
9.867,fq,6056,2,0,4226,6383744,1,0,1,2103
9.888,fq,6056,2,0,4236,6398884,1,0,1,2108
9.910,fq,6056,2,0,4244,6410996,1,0,1,2112
9.931,fq,6056,2,0,4254,6426136,1,0,1,2117
9.953,fq,6056,2,0,4264,6441276,1,0,1,2122
9.975,fq,6056,2,0,4272,6453388,1,0,1,2126
9.996,fq,6056,2,0,4282,6468528,1,0,1,2131
10.017,fq,6056,2,0,4292,6483668,1,0,1,2136
10.039,fq,6056,2,0,4300,6495780,1,0,1,2140
10.060,fq,6056,2,0,4310,6510920,1,0,1,2145
10.082,fq,6056,2,0,4320,6526060,1,0,1,2150
10.103,fq,6056,2,0,4328,6538172,1,0,1,2154
10.125,fq,6056,2,0,4338,6553312,1,0,1,2159
10.147,fq,6056,2,0,4346,6565424,1,0,1,2163
10.168,fq,6056,2,0,4356,6580564,1,0,1,2168
10.190,fq,6056,2,0,4366,6595704,1,0,1,2173
10.211,fq,6056,2,0,4374,6607816,1,0,1,2177
10.232,fq,6056,2,0,4384,6622956,1,0,1,2182
10.254,fq,6056,2,0,4394,6638096,1,0,1,2187
10.275,fq,6056,2,0,4402,6650208,1,0,1,2191
10.298,fq,6056,2,0,4412,6665348,1,0,1,2196
10.320,fq,6056,2,0,4422,6680488,1,0,1,2201
10.341,fq,6056,2,0,4432,6695628,1,0,1,2206
10.363,fq,6056,2,0,4440,6707740,1,0,1,2210
10.386,fq,6056,2,0,4450,6722880,1,0,1,2215
10.408,fq,6056,2,0,4460,6738020,1,0,1,2220
10.429,fq,6056,2,0,4468,6750132,1,0,1,2224
10.451,fq,6056,2,0,4478,6765272,1,0,1,2229
10.472,fq,6056,2,0,4488,6780412,1,0,1,2234
10.494,fq,6056,2,0,4496,6792524,1,0,1,2238
