run,first_n,peak,trough,agg_mean,agg_cv,rtos,gp_2s,gp_all,late_mean,late_half,jain,jain_win,retrans,epochs,late_epochs,first_t,peak_t
none-1,6,158,58,95.685,0.164,0,7.552,8.199,3.932,62.712,0.978,0.894,551,73,59,0.183,0.305
none-2,6,159,65,94.282,0.155,0,7.655,8.277,3.705,54.098,0.986,0.916,528,74,61,0.183,0.305
none-3,6,155,65,93.381,0.173,0,7.611,8.176,3.931,58.621,0.98,0.917,534,74,58,0.183,0.305
none-4,6,160,66,95.299,0.171,0,7.73,8.256,3.833,60.0,0.989,0.925,534,75,60,0.183,0.305
none-5,6,155,67,95.549,0.159,0,7.772,8.311,3.965,63.158,0.982,0.922,544,70,57,0.183,0.305
fq-1,8,186,67,96.897,0.134,0,7.722,8.428,4.22,72.0,0.989,0.903,538,61,50,0.244,0.234
fq-2,8,188,67,97.192,0.13,0,7.774,8.389,4.306,77.551,0.993,0.899,548,60,49,0.244,0.233
fq-3,8,188,62,98.047,0.125,0,7.642,8.401,4.26,78.0,0.985,0.892,559,62,50,0.244,0.234
fq-4,8,188,71,96.621,0.14,0,7.908,8.393,4.367,67.347,0.991,0.91,561,62,49,0.243,0.233
fq-5,8,190,69,96.519,0.131,0,7.797,8.417,4.135,71.154,0.99,0.904,534,64,52,0.244,0.234
timer-1,8,188,74,95.434,0.147,0,7.862,8.34,4.674,76.087,0.989,0.914,513,59,46,0.244,0.234
timer-2,8,187,80,96.667,0.14,0,7.873,8.389,4.24,68.0,0.988,0.925,531,61,50,0.244,0.234
timer-3,8,188,64,96.29,0.141,0,7.78,8.339,4.727,81.818,0.992,0.945,514,56,44,0.244,0.234
timer-4,8,188,79,96.221,0.143,0,8.04,8.391,4.24,64.0,0.988,0.925,516,63,50,0.243,0.233
timer-5,8,191,60,97.285,0.133,0,7.732,8.422,4.275,72.549,0.989,0.866,535,62,51,0.244,0.234
fq100-1,8,283,71,95.931,0.137,0,7.797,8.231,4.902,85.366,0.98,0.92,637,53,41,0.285,0.285
fq100-2,8,272,65,96.065,0.138,0,7.642,8.193,4.727,79.545,0.98,0.898,643,54,44,0.285,0.285
fq100-3,8,277,76,96.033,0.137,0,7.749,8.232,4.976,88.095,0.996,0.93,629,53,42,0.285,0.285
fq100-4,8,280,62,95.735,0.145,0,7.569,8.17,4.884,81.395,0.993,0.919,643,52,43,0.285,0.285
fq100-5,8,284,76,96.025,0.136,0,7.774,8.22,4.75,81.818,0.995,0.924,642,56,44,0.295,0.285
none-nosack-1,6,178,109,96.29,0.141,5,6.811,8.247,3.044,44.118,0.988,0.886,555,82,68,0.183,0.305
none-nosack-2,6,175,108,94.938,0.154,1,6.646,8.162,3.644,49.153,0.997,0.931,552,70,59,0.183,0.305
none-nosack-3,6,175,108,94.433,0.163,1,6.742,8.181,3.484,48.387,0.991,0.922,518,77,62,0.183,0.305
none-nosack-4,6,175,105,95.702,0.163,9,6.606,8.128,2.766,27.273,0.979,0.909,574,91,77,0.183,0.304
none-nosack-5,6,178,109,95.905,0.158,8,6.971,8.202,2.612,30.0,0.98,0.92,559,95,80,0.183,0.305
fq-nosack-1,8,190,75,96.068,0.134,0,7.177,8.26,4.348,76.087,0.978,0.905,496,55,46,0.244,0.244
fq-nosack-2,8,187,68,96.908,0.131,0,7.21,8.287,3.923,65.385,0.974,0.862,483,61,52,0.244,0.234
fq-nosack-3,8,193,72,97.15,0.135,0,7.028,8.289,3.923,67.308,0.987,0.903,521,61,52,0.244,0.244
fq-nosack-4,8,186,80,96.25,0.134,0,7.275,8.272,4.587,76.087,0.986,0.906,480,55,46,0.244,0.233
fq-nosack-5,8,187,67,97.188,0.132,0,7.261,8.3,4.167,75.0,0.989,0.901,491,57,48,0.244,0.234
