t_s,agg_cwnd,flows_in_recovery
0.000,8,0
0.011,8,0
0.021,8,0
0.031,8,0
0.041,9,0
0.051,16,0
0.061,16,0
0.071,16,0
0.082,17,0
0.092,32,0
0.102,32,0
0.112,32,0
0.122,33,0
0.132,55,0
0.142,64,0
0.153,64,0
0.163,66,0
0.173,87,0
0.183,102,1
0.193,97,3
0.204,99,3
0.214,121,3
0.224,132,4
0.234,109,6
0.244,111,6
0.254,133,6
0.265,145,7
0.275,127,7
0.285,129,4
0.295,149,4
0.305,158,5
0.315,142,5
0.325,140,4
0.336,137,4
0.346,111,4
0.356,111,4
0.366,111,2
0.376,107,3
0.386,109,3
0.397,109,3
0.407,102,4
0.417,95,3
0.427,87,4
0.437,77,4
0.448,65,4
0.458,67,3
0.468,70,1
0.478,71,1
0.488,71,1
0.498,74,0
0.509,76,0
0.519,76,0
0.529,76,0
0.539,78,0
0.549,81,0
0.559,83,0
0.570,83,0
0.580,84,0
0.590,87,0
0.600,91,0
0.610,91,0
0.620,92,0
0.631,95,0
0.641,98,0
0.651,99,0
0.661,100,0
0.671,102,0
0.682,104,0
0.692,107,0
0.702,107,0
0.712,108,0
0.722,110,0
0.732,112,0
0.743,115,0
0.753,115,1
0.763,116,1
0.773,112,2
0.783,111,3
0.794,98,5
0.804,89,5
0.814,83,6
0.824,73,5
0.834,68,3
0.844,68,2
0.855,69,1
0.865,71,1
0.875,73,0
0.885,74,0
0.895,76,0
0.905,77,0
0.915,80,0
0.926,81,0
0.936,83,0
0.946,85,0
0.956,87,0
0.966,88,0
0.976,90,0
0.987,92,0
0.997,95,0
1.007,96,0
1.017,97,0
1.027,100,0
1.037,103,0
1.047,104,0
1.058,105,0
1.068,106,0
1.078,108,0
1.088,111,0
1.098,112,0
1.108,113,0
1.119,115,0
1.129,114,1
1.139,110,3
1.149,100,3
1.159,101,3
1.169,102,4
1.179,88,6
1.190,85,5
1.200,75,5
1.210,62,5
1.220,58,2
1.230,59,2
1.240,61,1
1.251,62,0
1.261,66,0
1.271,67,0
1.281,68,0
1.291,69,0
1.301,71,0
1.311,72,0
1.321,74,0
1.332,75,0
1.342,77,0
1.352,80,0
1.362,82,0
1.372,83,0
1.382,85,0
1.392,88,0
1.402,90,0
1.413,90,0
1.423,93,0
1.433,95,0
1.443,97,0
1.453,98,0
1.463,100,0
1.473,102,0
1.483,104,0
1.494,106,0
1.504,107,0
1.514,109,0
1.524,111,0
1.534,112,0
1.544,109,1
1.554,108,1
1.564,110,1
1.575,112,1
1.585,114,1
1.595,108,2
1.605,109,2
1.615,108,2
1.625,103,2
1.635,90,3
1.645,92,3
1.656,91,4
1.666,78,5
1.676,78,4
1.686,80,2
1.696,80,1
1.706,82,0
1.716,85,0
1.727,88,0
1.737,88,0
1.747,89,0
1.757,90,0
1.767,94,0
1.777,94,0
1.788,97,0
1.798,97,0
1.808,98,0
1.818,99,0
1.828,101,0
1.838,104,0
1.848,105,0
1.858,107,0
1.868,107,0
1.879,110,0
1.889,113,0
1.899,113,0
1.909,115,0
1.919,115,0
1.929,115,1
1.939,111,3
1.949,108,3
1.959,110,4
1.970,98,4
1.980,91,3
1.990,89,3
2.000,80,4
2.010,79,3
2.020,80,1
2.030,83,1
2.040,84,0
2.051,85,0
2.061,87,0
2.071,88,0
2.081,89,0
2.091,90,0
2.101,92,0
2.111,95,0
2.121,97,0
2.131,98,0
2.142,99,0
2.152,103,0
2.162,104,0
2.172,105,0
2.182,107,0
2.192,108,0
2.202,110,0
2.212,112,0
2.222,113,0
2.233,115,0
2.243,116,0
2.253,118,0
2.263,113,1
2.273,102,2
2.283,96,3
2.293,91,5
2.304,83,7
2.314,77,6
2.324,72,5
2.334,65,3
2.344,66,2
2.354,67,0
2.364,68,0
2.375,70,0
2.385,72,0
2.395,75,0
2.405,76,0
2.415,78,0
2.425,80,0
2.436,83,0
2.446,83,0
2.456,86,0
2.466,87,0
2.476,89,0
2.486,90,0
2.497,93,0
2.507,95,0
2.517,96,0
2.527,98,0
2.537,100,0
2.548,102,0
2.558,103,0
2.568,106,0
2.578,107,0
2.588,109,0
2.598,110,0
2.608,112,0
2.618,114,0
2.629,115,0
2.639,116,0
2.649,115,1
2.659,116,1
2.669,107,2
2.679,99,4
2.689,93,4
2.700,94,4
2.710,94,4
2.720,93,3
2.730,92,3
2.740,83,3
2.750,76,3
2.761,77,2
2.771,79,2
2.781,80,0
2.791,83,0
2.801,84,0
2.811,85,0
2.821,87,0
2.832,88,0
2.842,89,0
2.852,90,0
2.862,94,0
2.872,96,0
2.882,97,0
2.892,98,0
2.903,101,0
2.913,104,0
2.923,104,0
2.933,106,0
2.943,108,0
2.953,110,0
2.964,112,0
2.974,113,0
2.984,114,0
2.994,115,0
3.004,114,1
3.014,109,2
3.025,100,4
3.035,95,5
3.045,95,5
3.055,86,5
3.065,87,3
3.075,88,1
3.086,88,1
3.096,89,0
3.106,92,0
3.116,95,0
3.126,95,0
3.136,97,0
3.147,99,0
3.157,101,0
3.167,103,0
3.177,104,0
3.187,105,0
3.197,106,0
3.208,108,0
3.218,109,0
3.228,112,0
3.238,113,0
3.248,114,0
3.258,116,0
3.268,110,1
3.279,112,2
3.289,110,3
3.299,104,4
3.309,97,5
3.319,94,4
3.329,90,3
3.339,84,3
3.349,74,4
3.359,76,4
3.370,78,4
3.380,78,3
3.390,78,1
3.400,80,0
3.410,81,0
3.420,83,0
3.430,85,0
3.440,87,0
3.451,88,0
3.461,91,0
3.471,93,0
3.481,95,0
3.491,96,0
3.501,99,0
3.511,100,0
3.522,102,0
3.532,104,0
3.542,105,0
3.552,107,0
3.562,109,0
3.572,111,0
3.583,112,0
3.593,113,0
3.603,115,0
3.613,115,2
3.623,113,3
3.633,114,3
3.644,112,3
3.654,107,3
3.664,94,5
3.674,82,6
3.685,69,7
3.695,60,8
3.705,61,4
3.715,61,2
3.725,61,1
3.735,63,0
3.745,65,0
3.756,67,0
3.766,67,0
3.776,68,0
3.786,71,0
3.796,73,0
3.807,73,0
3.817,76,0
3.827,78,0
3.837,81,0
3.847,81,0
3.857,84,0
3.868,86,0
3.878,87,0
3.888,88,0
3.898,91,0
3.909,92,0
3.919,95,0
3.929,96,0
3.939,99,0
3.949,99,0
3.959,102,0
3.969,104,0
3.980,105,0
3.990,107,0
4.000,109,0
4.010,111,0
4.020,112,0
4.030,113,0
4.041,115,0
4.051,117,0
4.061,111,2
4.071,100,3
4.081,102,3
4.091,102,4
4.101,92,6
4.112,90,4
4.122,82,4
4.132,78,3
4.142,78,2
4.152,81,1
4.162,82,0
4.173,84,0
4.183,85,0
4.193,87,0
4.203,88,0
4.213,90,0
4.223,92,0
4.233,93,0
4.244,95,0
4.254,97,0
4.264,98,0
4.274,101,0
4.284,103,0
4.294,104,0
4.305,106,0
4.315,107,0
4.325,109,0
4.335,111,0
4.345,112,0
4.355,114,0
4.365,111,1
4.376,109,2
4.386,110,3
4.396,108,5
4.406,102,6
4.416,92,5
4.426,89,3
4.436,80,2
4.446,74,1
4.457,73,0
4.467,75,0
4.477,77,0
4.487,78,0
4.497,81,0
4.508,82,0
4.518,82,0
4.528,83,0
4.538,86,0
4.548,87,0
4.558,89,0
4.568,90,0
4.579,92,0
4.589,95,0
4.599,97,0
4.609,97,0
4.619,99,0
4.629,102,0
4.639,104,0
4.649,105,0
4.659,106,0
4.670,109,0
4.680,111,0
4.690,112,0
4.700,113,0
4.710,114,0
4.720,112,1
4.730,112,1
4.741,110,2
4.751,108,3
4.761,106,4
4.771,102,4
4.781,99,4
4.791,96,3
4.802,96,3
4.812,96,2
4.822,97,0
4.832,98,0
4.842,94,1
4.852,91,1
4.862,93,1
4.873,94,1
4.883,97,0
4.893,99,0
4.903,100,0
4.913,102,0
4.923,103,0
4.933,105,0
4.943,106,0
4.954,108,0
4.964,109,0
4.974,110,0
4.984,112,0
4.994,113,0
5.004,115,0
5.014,116,1
5.025,115,2
5.035,112,3
5.045,106,4
5.055,97,5
5.065,89,6
5.075,74,6
5.086,71,6
5.096,66,4
5.106,66,2
5.116,67,2
5.126,68,1
5.136,70,1
5.146,72,0
5.157,73,0
5.167,75,0
5.177,76,0
5.187,78,0
5.197,78,0
5.207,80,0
5.218,81,0
5.228,84,0
5.238,85,0
5.248,86,0
5.258,89,0
5.269,91,0
5.279,93,0
5.289,94,0
5.299,96,0
5.309,98,0
5.319,101,0
5.329,101,0
5.340,104,0
5.350,105,0
5.360,107,0
5.370,109,0
5.380,110,0
5.390,112,0
5.401,113,0
5.411,112,1
5.421,109,3
5.431,110,3
5.441,109,4
5.451,102,5
5.461,100,5
5.471,91,6
5.481,89,6
5.492,86,6
5.502,78,4
5.512,78,0
5.522,79,0
5.532,81,0
5.542,83,0
5.552,86,0
5.562,87,0
5.572,88,0
5.583,90,0
5.593,92,0
5.603,94,0
5.613,95,0
5.623,96,0
5.633,99,0
5.644,100,0
5.654,101,0
5.664,103,0
5.674,105,0
5.684,107,0
5.695,109,0
5.705,110,0
5.715,112,0
5.725,114,0
5.735,116,0
5.745,116,1
5.756,105,2
5.766,107,2
5.776,108,2
5.786,103,4
5.796,95,6
5.807,86,7
5.817,81,7
5.827,71,6
5.837,66,4
5.847,68,1
5.857,69,0
5.867,70,0
5.877,73,0
5.888,74,0
5.898,75,0
5.908,76,0
5.918,77,0
5.928,81,0
5.938,83,0
5.948,84,0
5.958,84,0
5.969,87,0
5.979,89,0
5.989,91,0
5.999,92,0
6.009,94,0
6.019,97,0
6.029,98,0
6.039,100,0
6.049,101,0
6.060,103,0
6.070,105,0
6.080,107,0
6.090,108,0
6.100,110,0
6.110,112,0
6.120,113,0
6.130,115,0
6.140,116,0
6.151,117,1
6.161,118,1
6.171,116,1
6.181,107,4
6.191,97,6
6.201,87,7
6.212,75,7
6.222,74,5
6.232,73,4
6.242,71,1
6.252,71,1
6.262,73,1
6.273,74,0
6.283,77,0
6.293,78,0
6.303,79,0
6.313,82,0
6.323,84,0
6.333,84,0
6.344,84,0
6.354,87,0
6.364,89,0
6.374,91,0
6.384,91,0
6.394,94,0
6.405,96,0
6.415,97,0
6.425,98,0
6.435,99,0
6.445,102,0
6.455,103,0
6.466,106,0
6.476,107,0
6.486,109,0
6.496,110,0
6.506,112,0
6.516,114,0
6.526,115,0
6.537,116,0
6.547,118,0
6.557,107,4
6.567,104,5
6.577,97,7
6.588,92,7
6.598,83,7
6.608,77,3
6.618,69,3
6.628,60,2
6.639,61,2
6.649,65,1
6.659,65,1
6.669,66,0
6.679,66,0
6.690,70,0
6.700,70,0
6.710,73,0
6.720,74,0
6.730,74,0
6.740,75,0
6.751,78,0
6.761,80,0
6.771,82,0
6.781,83,0
6.791,85,0
6.801,88,0
6.812,90,0
6.822,91,0
6.832,93,0
6.842,95,0
6.852,98,0
6.862,99,0
6.873,100,0
6.883,103,0
6.893,105,0
6.903,106,0
6.913,107,0
6.923,109,0
6.933,111,0
6.943,113,0
6.954,109,1
6.964,110,1
6.974,111,2
6.984,111,3
6.994,110,4
7.004,106,5
7.014,107,5
7.024,97,4
7.034,87,4
7.045,80,3
7.055,81,1
7.065,81,1
7.075,82,0
7.085,85,0
7.095,87,0
7.105,88,0
7.115,90,0
7.125,91,0
7.136,94,0
7.146,96,0
7.156,96,0
7.166,98,0
7.176,100,0
7.186,102,0
7.196,103,0
7.206,104,0
7.216,105,0
7.227,106,0
7.237,108,0
7.247,110,0
7.257,112,0
7.267,114,0
7.277,115,0
7.287,116,0
7.297,111,2
7.308,111,2
7.318,107,3
7.328,107,4
7.341,101,5
7.351,100,5
7.361,92,4
7.372,86,4
7.382,83,3
7.392,83,2
7.402,81,1
7.412,82,0
7.422,84,0
7.433,85,0
7.443,86,0
7.453,87,0
7.463,88,0
7.473,90,0
7.483,94,0
7.494,95,0
7.504,96,0
7.514,97,0
7.524,101,0
7.534,102,0
7.544,103,0
7.554,105,0
7.565,107,0
7.575,110,0
7.585,111,0
7.595,111,0
7.605,113,0
7.615,115,0
7.625,118,0
7.636,114,1
7.646,109,3
7.656,97,4
7.666,100,4
7.676,92,5
7.686,84,5
7.697,79,5
7.707,68,6
7.717,66,4
7.727,67,3
7.737,68,1
7.747,69,0
7.758,71,0
7.768,71,0
7.778,73,0
7.788,75,0
7.798,76,0
7.809,79,0
7.819,80,0
7.829,82,0
7.839,83,0
7.849,85,0
7.859,87,0
7.869,89,0
7.880,91,0
7.890,93,0
7.900,95,0
7.910,97,0
7.920,98,0
7.930,100,0
7.941,103,0
7.951,103,0
7.961,106,0
7.971,107,0
7.981,109,0
7.991,111,0
8.002,112,0
8.012,114,0
8.022,116,0
8.032,115,1
8.042,110,2
8.052,109,3
8.063,103,4
8.073,89,6
8.083,82,6
8.093,76,4
8.103,71,3
8.114,66,1
8.124,69,0
8.134,71,0
8.144,73,0
8.154,74,0
8.164,75,0
8.175,76,0
8.185,77,0
8.195,79,0
8.205,80,0
8.215,82,0
8.225,84,0
8.236,86,0
8.246,87,0
8.256,89,0
8.266,91,0
8.276,93,0
8.286,95,0
8.297,97,0
8.307,98,0
8.317,101,0
8.327,102,0
8.337,104,0
8.347,105,0
8.358,108,0
8.368,110,0
8.378,111,0
8.388,113,0
8.398,113,0
8.408,116,0
8.419,117,1
8.429,112,3
8.439,104,4
8.449,104,4
8.459,101,6
8.469,91,6
8.480,86,4
8.490,81,5
8.500,70,4
8.510,66,1
8.520,69,1
8.531,69,0
8.541,71,0
8.551,74,0
8.561,76,0
8.571,77,0
8.582,78,0
8.592,80,0
8.602,83,0
8.612,85,0
8.622,86,0
8.633,87,0
8.643,90,0
8.653,92,0
8.663,93,0
8.673,95,0
8.684,97,0
8.694,100,0
8.704,101,0
8.714,103,0
8.724,104,0
8.734,106,0
8.744,108,0
8.755,109,0
8.765,111,0
8.775,112,0
8.785,114,0
8.795,116,0
8.806,118,0
8.816,119,0
8.826,120,0
8.836,119,1
8.846,111,2
8.857,103,4
8.867,101,5
8.877,93,5
8.887,89,5
8.897,81,5
8.907,75,5
8.918,75,4
8.928,75,2
8.938,78,0
8.948,80,0
8.958,81,0
8.968,81,0
8.979,83,0
8.989,85,0
8.999,86,0
9.009,88,0
9.019,90,0
9.029,92,0
9.040,93,0
9.050,96,0
9.060,97,0
9.070,99,0
9.080,101,0
9.090,103,0
9.101,104,0
9.111,106,0
9.121,108,0
9.131,109,0
9.141,112,0
9.151,112,0
9.161,114,0
9.172,117,0
9.182,117,0
9.192,115,1
9.202,111,2
9.212,109,4
9.222,108,5
9.233,107,6
9.243,96,6
9.253,88,6
9.263,77,5
9.273,78,3
9.283,73,2
9.294,74,0
9.304,75,0
9.314,78,0
9.324,79,0
9.334,82,0
9.344,83,0
9.355,84,0
9.365,87,0
9.375,89,0
9.385,90,0
9.395,91,0
9.405,91,0
9.416,94,0
9.426,98,0
9.436,99,0
9.446,99,0
9.456,102,0
9.467,105,0
9.477,106,0
9.487,107,0
9.497,108,0
9.507,110,0
9.517,114,0
9.527,114,0
9.537,115,0
9.548,116,0
9.558,108,2
9.568,102,3
9.578,99,5
9.588,99,5
9.598,98,5
9.609,98,3
9.619,91,2
9.629,92,1
9.639,92,1
9.649,93,0
9.659,97,0
9.669,98,0
9.679,99,0
9.690,101,0
9.700,104,0
9.710,105,0
9.720,107,0
9.730,108,0
9.740,108,0
9.750,110,0
9.760,110,0
9.771,112,0
9.781,112,1
9.791,111,2
9.802,112,3
9.812,113,3
9.822,114,3
9.832,104,3
9.842,92,4
9.852,84,3
9.862,83,4
9.872,71,5
9.883,72,4
9.893,70,3
9.903,62,2
9.913,60,1
9.923,63,0
9.933,66,0
9.943,66,0
9.953,68,0
9.964,71,0
9.974,71,0
9.984,72,0
9.994,73,0
10.004,75,0
10.014,78,0
10.024,79,0
10.034,80,0
10.044,82,0
10.055,86,0
10.065,87,0
10.075,88,0
10.085,90,0
10.095,93,0
10.105,95,0
10.115,96,0
10.125,98,0
10.136,100,0
10.146,102,0
10.156,103,0
10.166,105,0
10.176,106,0
10.186,109,0
10.196,110,0
10.207,111,0
10.217,113,0
10.227,115,0
10.237,117,0
10.247,117,1
10.257,117,1
10.267,119,1
10.277,119,2
10.288,111,3
10.298,103,2
10.308,86,5
10.318,77,6
10.328,66,7
10.338,60,7
10.348,60,6
10.359,60,4
10.369,60,1
10.379,62,0
10.389,64,0
10.399,65,0
10.409,67,0
10.419,69,0
10.430,70,0
10.440,72,0
10.450,75,0
10.460,77,0
10.470,77,0
10.480,79,0
10.491,82,0
10.501,84,0
10.511,85,0
10.521,87,0
10.531,89,0
10.541,91,0
10.551,93,0
10.562,94,0
10.572,97,0
10.582,99,0
10.592,101,0
10.602,102,0
10.612,104,0
10.622,106,0
10.633,107,0
10.643,108,0
10.653,109,0
10.663,111,0
10.673,112,1
10.683,113,1
10.694,113,2
10.704,112,3
10.714,113,4
10.724,105,4
10.734,100,5
10.744,95,6
10.755,83,6
10.765,72,5
10.775,74,4
10.786,69,3
10.796,69,1
10.806,70,1
10.816,73,1
10.826,75,0
10.837,76,0
10.847,77,0
10.857,79,0
10.867,81,0
10.877,83,0
10.887,84,0
10.898,87,0
10.908,88,0
10.918,90,0
10.928,92,0
10.938,94,0
10.948,96,0
10.958,98,0
10.969,100,0
10.979,102,0
10.989,103,0
10.999,105,0
11.009,107,0
11.019,109,0
11.030,110,0
11.040,112,0
11.050,113,0
11.060,115,0
11.070,109,1
11.080,110,2
11.090,108,2
11.101,108,2
11.111,105,3
11.121,93,3
11.131,94,3
11.141,92,4
11.151,86,4
11.161,87,1
11.171,89,1
11.181,90,0
11.192,92,0
11.202,95,0
11.212,96,0
11.222,97,0
11.232,97,0
11.242,98,0
11.253,100,0
11.263,103,0
11.273,104,0
11.283,105,0
11.293,107,0
11.303,109,0
11.313,110,0
11.323,112,0
11.334,113,0
11.344,115,0
11.354,116,0
11.364,118,1
11.374,109,4
11.384,108,4
11.394,106,4
11.404,97,5
11.414,85,3
11.425,83,3
11.435,84,3
11.445,85,3
11.455,87,3
11.465,87,1
11.475,88,1
11.485,90,0
11.496,91,0
11.506,94,0
11.516,95,0
11.526,98,0
11.536,98,0
11.546,101,0
11.556,102,0
11.567,104,0
11.577,106,0
11.587,106,0
11.597,109,0
11.607,110,0
11.617,112,0
11.627,114,0
11.637,115,0
11.648,117,0
11.658,114,2
11.668,111,3
11.678,105,5
11.688,101,5
11.698,94,5
11.708,85,5
11.718,71,6
11.729,68,3
11.739,66,3
11.749,67,1
11.759,68,0
11.769,71,0
11.779,73,0
11.789,75,0
11.800,75,0
11.810,77,0
11.820,78,0
11.830,81,0
11.840,82,0
11.850,84,0
11.860,85,0
11.871,87,0
11.881,90,0
11.891,91,0
11.901,92,0
11.911,93,0
11.921,96,0
11.931,97,0
11.942,100,0
11.952,101,0
11.962,103,0
11.972,105,0
11.982,107,0
11.992,109,0
12.002,109,0
12.013,112,0
12.023,113,0
12.033,115,0
12.043,117,0
12.053,107,1
12.063,109,1
12.073,99,3
12.084,100,4
12.094,101,5
12.104,94,6
12.114,86,5
12.124,74,5
12.134,64,5
12.144,61,3
12.155,63,1
12.165,64,1
12.175,64,0
12.185,67,0
12.195,69,0
12.205,69,0
12.215,71,0
12.226,74,0
12.236,76,0
12.246,77,0
12.256,79,0
12.266,80,0
12.276,83,0
12.286,85,0
12.296,87,0
12.306,88,0
12.317,90,0
12.327,92,0
12.337,94,0
12.347,95,0
12.357,98,0
12.367,99,0
12.377,101,0
12.387,103,0
12.398,105,0
12.408,106,0
12.418,108,0
12.428,110,0
12.439,111,0
12.449,113,0
12.459,112,1
12.469,110,2
12.479,112,2
12.489,111,3
12.500,108,3
12.510,105,2
12.520,103,2
12.531,94,3
12.541,91,3
12.551,85,2
12.561,82,3
12.571,79,2
12.582,77,2
12.592,80,1
12.602,80,1
12.612,82,0
12.622,82,0
12.632,84,0
12.642,86,0
12.653,89,0
12.663,90,0
12.673,90,0
12.683,93,0
12.693,95,0
12.703,97,0
12.714,98,0
12.724,100,0
12.734,103,0
12.744,104,0
12.754,106,0
12.764,107,0
12.774,108,0
12.785,110,0
12.795,113,0
12.805,114,0
12.815,115,0
12.825,116,0
12.835,114,1
12.846,114,1
12.856,109,2
12.866,101,4
12.876,93,4
12.886,93,4
12.896,90,3
12.907,91,3
12.917,92,1
12.927,95,0
12.937,95,0
12.947,98,0
12.957,98,0
12.967,100,0
12.978,101,0
12.988,103,0
12.998,104,0
13.008,106,0
13.018,108,0
13.028,108,0
13.038,111,0
13.049,112,0
13.059,114,0
13.069,116,0
13.079,111,2
13.089,114,2
13.099,107,4
13.110,96,5
13.120,93,5
13.130,86,5
13.140,83,5
13.150,80,2
13.160,82,2
13.171,82,0
13.181,83,0
13.191,86,0
13.201,87,0
13.211,90,0
13.221,91,0
13.231,92,0
13.241,94,0
13.252,95,0
13.262,97,0
13.272,99,0
13.282,100,0
13.292,102,0
13.302,104,0
13.312,106,0
13.322,108,0
13.332,109,0
13.343,111,0
13.353,112,0
13.363,114,0
13.373,116,0
13.383,117,0
13.393,114,1
13.403,114,3
13.414,112,4
13.424,104,5
13.434,93,5
13.444,84,5
13.454,82,3
13.464,79,4
13.474,75,3
13.485,75,2
13.495,77,2
13.505,79,1
13.515,79,0
13.525,81,0
13.535,83,0
13.545,85,0
13.556,87,0
13.566,88,0
13.576,89,0
13.586,90,0
13.596,92,0
13.606,94,0
13.617,95,0
13.627,96,0
13.637,100,0
13.647,102,0
13.657,103,0
13.667,103,0
13.678,106,0
13.688,109,0
13.698,110,0
13.708,111,0
13.718,112,0
13.728,115,0
13.739,111,1
13.749,112,1
13.759,109,2
13.769,110,2
13.779,102,4
13.790,95,5
13.800,90,5
13.810,88,4
13.820,90,4
13.830,88,1
13.840,89,1
13.850,90,1
13.861,91,1
13.871,91,0
13.881,92,0
13.891,93,0
13.901,94,0
13.912,98,0
13.922,100,0
13.932,100,0
13.942,101,0
13.952,103,0
13.962,107,0
13.972,108,0
13.983,108,0
13.993,109,0
14.003,111,0
14.013,114,0
14.023,115,0
14.033,105,1
14.043,99,1
14.054,99,2
14.064,101,3
14.074,96,5
14.084,93,5
14.094,84,5
14.104,73,4
14.115,74,2
14.125,74,1
14.135,77,0
14.145,77,0
14.155,80,0
14.165,81,0
14.176,84,0
14.186,84,0
14.196,86,0
14.206,87,0
14.216,89,0
14.226,91,0
14.236,92,0
14.247,94,0
14.257,97,0
14.267,99,0
14.277,100,0
14.287,101,0
14.297,102,0
14.308,104,0
14.318,107,0
14.328,108,0
14.338,109,0
14.348,111,0
14.358,113,0
14.369,114,1
14.379,110,2
14.389,111,2
14.399,108,3
14.409,107,4
14.419,99,4
14.429,87,6
14.440,76,6
14.450,65,6
14.460,59,5
14.470,59,2
14.480,59,2
14.490,62,1
14.500,64,0
14.511,67,0
14.521,67,0
14.531,67,0
14.541,69,0
14.551,73,0
14.562,74,0
14.572,74,0
14.582,75,0
14.592,77,0
14.602,80,0
14.612,82,0
14.623,83,0
14.633,85,0
14.643,86,0
14.653,89,0
14.663,91,0
14.673,93,0
14.684,94,0
14.694,97,0
14.704,99,0
14.714,100,0
14.724,102,0
14.734,104,0
14.745,105,0
14.755,107,0
14.765,109,0
14.775,110,0
14.785,112,0
14.795,114,0
14.806,111,1
14.816,110,1
14.826,106,2
14.836,108,2
14.846,107,4
14.856,99,6
14.866,98,6
14.877,87,5
14.887,77,4
14.897,70,3
14.907,70,1
14.917,73,1
14.928,75,1
14.938,76,0
14.948,77,0
14.958,79,0
14.968,81,0
14.978,84,0
14.989,85,0
14.999,87,0
15.009,88,0
15.019,90,0
15.029,91,0
15.039,92,0
15.050,96,0
15.060,98,0
15.070,99,0
15.081,100,0
15.091,102,0
15.101,105,0
15.111,106,0
15.121,107,0
15.131,108,0
15.142,110,0
15.152,112,0
15.162,114,0
15.172,115,0
15.182,116,0
15.192,112,2
15.202,107,3
15.213,104,5
15.223,91,6
15.233,88,6
15.243,80,5
15.253,75,4
15.263,75,3
15.274,76,1
15.284,77,0
15.294,80,0
15.304,81,0
15.314,82,0
15.324,85,0
15.334,87,0
15.345,88,0
15.355,88,0
15.365,92,0
15.375,94,0
15.385,95,0
15.395,95,0
15.405,98,0
15.416,100,0
15.426,101,0
15.436,102,0
15.446,104,0
15.456,107,0
15.466,109,0
15.476,109,0
15.486,109,0
15.497,112,0
15.507,114,0
15.517,116,0
15.527,116,0
15.537,119,0
15.547,120,0
15.557,122,0
15.568,123,0
15.578,124,0
15.588,126,0
15.598,128,0
15.608,129,0
15.618,130,0
15.628,131,0
15.639,127,1
15.649,127,2
15.659,128,2
15.669,128,3
15.679,119,4
15.689,112,4
15.700,100,4
15.710,96,3
15.720,96,2
15.730,94,1
15.740,95,0
15.750,97,0
15.761,97,0
15.771,98,0
15.781,100,0
15.791,100,0
15.801,102,0
15.811,102,0
15.822,106,0
15.832,106,0
15.842,106,0
15.852,107,0
15.862,110,0
15.872,110,0
15.883,110,0
15.893,112,0
15.903,114,0
15.913,115,0
15.923,115,0
15.933,117,0
15.943,119,0
15.954,120,0
15.964,120,0
15.974,121,0
15.984,122,0
15.995,124,0
16.005,124,0
16.015,125,0
16.025,126,0
16.035,128,0
16.046,128,0
16.056,129,0
16.066,130,0
16.076,131,0
16.086,131,0
16.096,132,0
16.106,134,0
16.117,135,0
16.127,135,0
16.137,136,0
16.147,137,0
16.157,138,0
16.167,138,0
16.178,139,0
16.188,140,0
16.198,140,0
16.208,140,0
16.219,141,0
16.229,141,0
