t_s,flow,paced,ca_state,cwnd,ssthresh,rtt_ms,unacked,lost,retrans,total_retrans,pacing_mbps,bytes_acked,backoff,done
0.000,0,0,open,1,,80.865,1,0,0,0,1.037,1,0,0
0.010,0,0,open,1,,80.865,1,0,0,0,1.037,1,0,0
0.021,0,0,open,1,,80.865,1,0,0,0,1.037,1,0,0
0.031,0,0,open,1,,80.865,1,0,0,0,1.037,1,0,0
0.041,0,0,open,2,,75.853,2,0,0,0,0.221,525,0,0
0.051,0,0,open,2,,75.853,2,0,0,0,0.221,525,0,0
0.061,0,0,open,2,,75.853,2,0,0,0,0.221,525,0,0
0.071,0,0,open,2,,75.853,2,0,0,0,0.221,525,0,0
0.082,0,0,open,4,,67.756,4,0,0,0,0.495,1573,0,0
0.093,0,0,open,4,,67.756,4,0,0,0,0.495,1573,0,0
0.103,0,0,open,4,,67.756,4,0,0,0,0.495,1573,0,0
0.113,0,0,open,4,,67.756,4,0,0,0,0.495,1573,0,0
0.123,0,0,open,4,,67.756,4,0,0,0,0.495,1573,0,0
0.134,0,0,open,8,,57.025,8,0,0,0,1.176,3669,0,0
0.144,0,0,open,8,,57.025,8,0,0,0,1.176,3669,0,0
0.154,0,0,open,8,,57.025,8,0,0,0,1.176,3669,0,0
0.164,0,0,open,9,,54.974,9,0,0,0,1.373,4193,0,0
0.174,0,0,open,12,,50.558,12,0,0,0,1.99,5765,0,0
0.185,0,0,open,16,,46.579,14,0,0,0,2.88,7861,0,0
0.195,0,0,open,16,,46.579,16,0,0,0,2.88,7861,0,0
0.205,0,0,open,17,,45.825,17,0,0,0,3.11,8385,0,0
0.215,0,0,open,22,,44.253,22,0,0,0,4.168,11005,0,0
0.225,0,0,open,26,,43.498,26,0,0,0,5.011,13101,0,0
0.235,0,0,open,32,,42.675,32,0,0,0,6.287,16245,0,0
0.245,0,0,open,32,,42.675,32,0,0,0,6.287,16245,0,0
0.255,0,0,open,42,,41.865,42,0,0,0,8.411,21485,0,0
0.265,0,0,open,52,,41.452,52,0,0,0,10.517,26725,0,0
0.276,0,0,open,64,,41.251,64,0,0,0,13.008,33013,0,0
0.286,0,0,open,64,,41.251,64,0,0,0,13.008,33013,0,0
0.296,0,0,open,82,,41.068,81,0,0,0,16.74,42445,0,0
0.306,0,0,open,100,,41.223,100,0,0,0,20.338,51877,0,0
0.316,0,0,open,122,,41.739,122,0,0,0,24.506,63405,0,0
0.326,0,0,open,127,,42.161,122,0,0,0,25.255,66025,0,0
0.336,0,0,open,147,,43.37,143,0,0,0,28.417,76505,0,0
0.346,0,0,open,169,,47.22,169,0,0,0,30.006,88033,0,0
0.356,0,0,recovery,154,86,49.258,172,10,7,7,17.565,90129,0,0
0.366,0,0,recovery,122,86,49.874,172,31,18,18,17.348,90129,0,0
0.376,0,0,recovery,107,86,46.83,172,35,29,29,18.476,90129,0,0
0.387,0,0,recovery,92,86,48.399,174,39,38,38,18.085,90129,0,0
0.397,0,0,recovery,86,86,49.452,188,60,60,60,18.819,90129,0,0
0.407,0,0,recovery,86,86,43.223,167,48,48,66,19.319,112661,0,0
0.417,0,0,recovery,86,86,41.247,157,37,37,66,19.025,123665,0,0
0.427,0,0,recovery,86,86,40.727,116,30,30,66,14.204,149401,0,0
0.437,0,0,recovery,86,86,42.781,104,15,15,66,12.111,165121,0,0
0.447,0,0,recovery,86,86,47.625,106,5,5,66,11.091,175077,0,0
0.457,0,0,recovery,86,86,49.03,119,8,8,74,12.004,179269,0,0
0.467,0,0,recovery,86,86,43.073,137,8,8,74,15.883,179269,0,0
0.477,0,0,recovery,86,86,40.754,154,8,8,74,18.885,179269,0,0
0.487,0,0,recovery,86,86,40.922,175,8,8,74,21.389,179269,0,0
0.497,0,0,recovery,80,43,42.128,80,0,0,74,9.553,236909,0,0
0.507,0,0,recovery,70,43,44.191,70,0,0,74,7.968,247913,0,0
0.517,0,0,recovery,59,43,42.793,59,0,0,74,6.936,258917,0,0
0.527,0,0,recovery,48,43,41.495,48,0,0,74,5.819,270445,0,0
0.537,0,0,open,43,43,41.334,43,0,0,74,5.233,278829,0,0
0.547,0,0,open,43,43,41.382,43,0,0,74,5.227,284069,0,0
0.558,0,0,open,43,43,41.404,43,0,0,74,5.224,289309,0,0
0.568,0,0,open,43,43,41.416,43,0,0,74,5.223,294549,0,0
0.578,0,0,open,44,43,41.348,44,0,0,74,5.353,300313,0,0
0.588,0,0,open,44,43,41.135,44,0,0,74,5.381,306601,0,0
0.598,0,0,open,44,43,41.051,44,0,0,74,5.392,311841,0,0
0.608,0,0,open,44,43,41.008,44,0,0,74,5.397,317081,0,0
0.618,0,0,open,45,43,41.015,45,0,0,74,5.519,323369,0,0
0.628,0,0,open,45,43,40.989,45,0,0,74,5.523,328609,0,0
0.638,0,0,open,45,43,40.976,45,0,0,74,5.524,333849,0,0
0.648,0,0,open,45,43,40.969,45,0,0,74,5.525,340137,0,0
0.658,0,0,open,46,43,40.999,46,0,0,74,5.644,345901,0,0
0.668,0,0,open,46,43,40.981,46,0,0,74,5.646,352189,0,0
0.679,0,0,open,46,43,40.974,46,0,0,74,5.647,357429,0,0
0.689,0,0,open,46,43,40.968,46,0,0,74,5.648,362669,0,0
0.699,0,0,open,47,43,40.999,47,0,0,74,5.767,369481,0,0
0.709,0,0,open,47,43,41.0,47,0,0,74,5.766,376293,0,0
0.719,0,0,open,47,43,40.984,47,0,0,74,5.769,381533,0,0
0.729,0,0,open,47,43,40.975,47,0,0,74,5.77,386773,0,0
0.739,0,0,open,48,43,41.003,47,0,0,74,5.889,393061,0,0
0.749,0,0,open,48,43,41.025,48,0,0,74,5.886,399873,0,0
0.759,0,0,open,48,43,41.002,48,0,0,74,5.889,405113,0,0
0.769,0,0,open,48,43,40.983,48,0,0,74,5.892,411401,0,0
0.779,0,0,open,48,43,40.976,48,0,0,74,5.893,416641,0,0
0.790,0,0,open,49,43,41.038,49,0,0,74,6.006,425025,0,0
0.800,0,0,open,49,43,41.011,49,0,0,74,6.01,430265,0,0
0.810,0,0,open,49,43,40.984,49,0,0,74,6.014,436553,0,0
0.820,0,0,open,49,43,40.971,49,0,0,74,6.016,441793,0,0
0.830,0,0,open,50,43,41.027,50,0,0,74,6.131,449653,0,0
0.840,0,0,open,50,43,40.993,50,0,0,74,6.136,455941,0,0
0.850,0,0,open,50,43,41.003,50,0,0,74,6.134,461181,0,0
0.860,0,0,open,50,43,40.983,50,0,0,74,6.137,466421,0,0
0.870,0,0,open,51,43,41.0,51,0,0,74,6.257,475329,0,0
0.880,0,0,open,51,43,40.993,51,0,0,74,6.258,482141,0,0
0.890,0,0,open,51,43,40.98,51,0,0,74,6.26,487381,0,0
0.901,0,0,open,51,43,40.972,51,0,0,74,6.262,492621,0,0
0.911,0,0,open,52,43,40.984,52,0,0,74,6.382,500481,0,0
0.921,0,0,open,52,43,41.0,52,0,0,74,6.38,507817,0,0
0.931,0,0,open,52,43,40.979,52,0,0,74,6.383,514105,0,0
0.941,0,0,open,52,43,40.971,52,0,0,74,6.384,518297,0,0
0.951,0,0,open,53,43,40.968,53,0,0,74,6.508,526681,0,0
0.961,0,0,open,53,43,40.994,53,0,0,74,6.504,535065,0,0
0.971,0,0,open,53,43,40.977,53,0,0,74,6.506,540305,0,0
0.981,0,0,open,53,43,40.968,53,0,0,74,6.508,545545,0,0
0.991,0,0,open,54,43,40.98,54,0,0,74,6.628,554453,0,0
1.001,0,0,open,54,43,41.008,54,0,0,74,6.624,561789,0,0
1.011,0,0,open,54,43,40.982,54,0,0,74,6.628,568077,0,0
1.021,0,0,open,54,43,40.973,54,0,0,74,6.63,573317,0,0
1.032,0,0,open,55,43,40.969,55,0,0,74,6.753,581701,0,0
1.042,0,0,open,55,43,40.991,55,0,0,74,6.75,589561,0,0
1.052,0,0,open,55,43,40.995,55,0,0,74,6.749,595325,0,0
1.062,0,0,open,55,43,40.976,55,0,0,74,6.752,601613,0,0
1.072,0,0,open,56,43,40.985,56,0,0,74,6.873,609473,0,0
1.082,0,0,open,56,43,40.973,56,0,0,74,6.875,617857,0,0
1.092,0,0,open,56,43,40.986,56,0,0,74,6.873,624145,0,0
1.102,0,0,open,56,43,40.972,56,0,0,74,6.875,629385,0,0
1.112,0,0,open,57,43,40.962,56,0,0,74,7.0,637769,0,0
1.122,0,0,open,57,43,40.965,57,0,0,74,6.999,646153,0,0
1.132,0,0,open,57,43,41.005,57,0,0,74,6.993,653489,0,0
1.142,0,0,open,57,43,40.981,57,0,0,74,6.997,658729,0,0
1.152,0,0,open,57,43,40.966,57,0,0,74,6.999,666065,0,0
1.163,0,0,open,58,43,40.972,58,0,0,74,7.121,674973,0,0
1.173,0,0,open,58,43,41.076,58,0,0,74,7.103,682309,0,0
1.183,0,0,open,58,43,41.01,58,0,0,74,7.114,688597,0,0
1.193,0,0,open,58,43,40.981,58,0,0,74,7.119,694885,0,0
1.203,0,0,open,59,43,40.987,59,0,0,74,7.241,704317,0,0
1.213,0,0,open,59,43,41.046,58,0,0,74,7.231,712177,0,0
1.223,0,0,open,59,43,41.081,59,0,0,74,7.225,718989,0,0
1.233,0,0,open,59,43,41.016,59,0,0,74,7.236,725277,0,0
1.243,0,0,open,60,43,41.002,60,0,0,74,7.361,735233,0,0
1.253,0,0,open,60,43,40.98,60,0,0,74,7.365,742569,0,0
1.264,0,0,open,60,43,40.996,60,0,0,74,7.362,748857,0,0
1.274,0,0,open,60,43,40.975,60,0,0,74,7.366,755145,0,0
1.284,0,0,open,61,43,40.986,61,0,0,74,7.487,765625,0,0
1.294,0,0,open,61,43,40.973,61,0,0,74,7.489,774009,0,0
1.304,0,0,open,61,43,40.965,61,0,0,74,7.491,780297,0,0
1.314,0,0,open,61,43,40.96,61,0,0,74,7.491,786585,0,0
1.324,0,0,open,62,43,40.98,62,0,0,74,7.611,796541,0,0
1.334,0,0,open,62,43,40.974,62,0,0,74,7.612,805973,0,0
1.344,0,0,open,62,43,40.964,62,0,0,74,7.614,812261,0,0
1.354,0,0,open,62,43,40.959,62,0,0,74,7.614,817501,0,0
1.365,0,0,open,63,43,40.977,63,0,0,74,7.734,827981,0,0
1.375,0,0,open,63,43,40.977,63,0,0,74,7.734,837413,0,0
1.385,0,0,open,63,43,40.966,63,0,0,74,7.736,843701,0,0
1.395,0,0,open,63,43,40.961,63,0,0,74,7.737,849989,0,0
1.405,0,0,open,64,43,40.964,64,0,0,74,7.859,860469,0,0
1.415,0,0,open,64,43,40.978,64,0,0,74,7.856,869377,0,0
1.425,0,0,open,64,43,40.967,64,0,0,74,7.859,876713,0,0
1.435,0,0,open,64,43,40.962,64,0,0,74,7.859,883001,0,0
1.445,0,0,open,65,43,40.963,64,0,0,74,7.982,892433,0,0
1.456,0,0,open,65,43,40.983,65,0,0,74,7.978,902913,0,0
1.466,0,0,open,65,43,40.974,65,0,0,74,7.98,910249,0,0
1.476,0,0,open,65,43,40.971,65,0,0,74,7.98,915489,0,0
1.486,0,0,open,66,43,40.961,65,0,0,74,8.105,925969,0,0
1.496,0,0,open,66,43,40.983,66,0,0,74,8.101,935925,0,0
1.506,0,0,open,66,43,40.968,66,0,0,74,8.104,944309,0,0
1.516,0,0,open,66,43,40.963,66,0,0,74,8.105,949549,0,0
1.526,0,0,open,66,43,40.959,66,0,0,74,8.106,958981,0,0
1.536,0,0,open,67,43,40.981,67,0,0,74,8.224,969985,0,0
1.547,0,0,open,67,43,40.972,67,0,0,74,8.226,977845,0,0
1.557,0,0,open,67,43,40.964,67,0,0,74,8.228,984133,0,0
1.567,0,0,open,67,43,40.959,67,0,0,74,8.229,993565,0,0
1.577,0,0,open,68,43,40.978,68,0,0,74,8.347,1003521,0,0
1.587,0,0,open,68,43,40.971,68,0,0,74,8.349,1012953,0,0
1.597,0,0,open,68,43,40.966,68,0,0,74,8.35,1018193,0,0
1.607,0,0,open,68,43,40.961,68,0,0,74,8.351,1027625,0,0
1.617,0,0,open,69,43,40.978,69,0,0,74,8.47,1038629,0,0
1.627,0,0,open,69,43,40.973,69,0,0,74,8.471,1048585,0,0
1.637,0,0,open,69,43,40.965,69,0,0,74,8.473,1053825,0,0
1.648,0,0,open,69,43,40.959,69,0,0,74,8.474,1062209,0,0
1.658,0,0,open,70,43,40.957,70,0,0,74,8.597,1073737,0,0
1.668,0,0,open,70,43,40.985,70,0,0,74,8.592,1083693,0,0
1.678,0,0,open,70,43,40.97,70,0,0,74,8.595,1088933,0,0
1.688,0,0,open,70,43,40.96,70,0,0,74,8.597,1098365,0,0
1.698,0,0,open,71,43,41.124,71,0,0,74,8.685,1109369,0,0
1.708,0,0,open,71,43,41.067,71,0,0,74,8.697,1120373,0,0
1.718,0,0,open,71,43,41.014,71,0,0,74,8.708,1125613,0,0
1.728,0,0,open,71,43,40.976,71,0,0,74,8.716,1133997,0,0
1.739,0,0,open,72,43,41.097,71,0,0,74,8.813,1145525,0,0
1.749,0,0,open,72,43,41.176,72,0,0,74,8.796,1156005,0,0
1.759,0,0,open,72,43,41.078,72,0,0,74,8.817,1162817,0,0
1.769,0,0,open,72,43,40.998,72,0,0,74,8.834,1171201,0,0
1.779,0,0,open,73,43,40.968,72,0,0,74,8.964,1181681,0,0
1.789,0,0,open,73,43,41.089,73,0,0,74,8.937,1192685,0,0
1.799,0,0,open,73,43,41.09,73,0,0,74,8.937,1200545,0,0
1.809,0,0,open,73,43,41.008,73,0,0,74,8.955,1207881,0,0
1.819,0,0,open,74,43,40.971,73,0,0,74,9.086,1219409,0,0
1.829,0,0,open,74,43,41.022,73,0,0,74,9.074,1229889,0,0
1.840,0,0,open,74,43,41.12,74,0,0,74,9.053,1238797,0,0
1.850,0,0,open,74,43,41.021,74,0,0,74,9.075,1246133,0,0
1.860,0,0,open,75,43,40.975,74,0,0,74,9.208,1256613,0,0
1.870,0,0,open,75,43,40.968,75,0,0,74,9.209,1268141,0,0
1.880,0,0,open,75,43,41.008,75,0,0,74,9.2,1276525,0,0
1.890,0,0,open,75,43,40.977,75,0,0,74,9.207,1283861,0,0
1.900,0,0,open,76,43,40.961,75,0,0,74,9.333,1295389,0,0
1.910,0,0,open,76,43,41.248,76,0,0,74,9.269,1306393,0,0
1.920,0,0,open,76,43,41.27,76,0,0,74,9.263,1315825,0,0
1.930,0,0,open,76,43,41.079,76,0,0,74,9.307,1323161,0,0
1.941,0,0,open,76,43,40.989,76,0,0,74,9.327,1333641,0,0
1.951,0,0,open,77,43,41.194,76,0,0,74,9.403,1345169,0,0
1.961,0,0,open,77,43,41.308,77,0,0,74,9.377,1355649,0,0
1.971,0,0,open,77,43,41.114,77,0,0,74,9.421,1361937,0,0
1.981,0,0,open,77,43,40.998,77,0,0,74,9.448,1372417,0,0
1.991,0,0,open,78,43,40.97,77,0,0,74,9.577,1383945,0,0
2.001,0,0,open,78,43,41.025,78,0,0,74,9.564,1395473,0,0
2.011,0,0,open,78,43,40.987,78,0,0,74,9.573,1402285,0,0
2.021,0,0,open,78,43,40.968,78,0,0,74,9.577,1412765,0,0
2.032,0,0,open,79,43,40.967,78,0,0,74,9.7,1424293,0,0
2.042,0,0,open,79,43,41.232,79,0,0,74,9.638,1435297,0,0
2.052,0,0,open,79,43,41.177,79,0,0,74,9.651,1442109,0,0
2.062,0,0,open,79,43,41.02,79,0,0,74,9.688,1452589,0,0
2.072,0,0,open,80,43,40.986,79,0,0,74,9.819,1464117,0,0
2.082,0,0,open,80,43,41.17,79,0,0,74,9.775,1475645,0,0
2.092,0,0,open,80,43,41.266,80,0,0,74,9.752,1483505,0,0
2.102,0,0,open,80,43,41.038,80,0,0,74,9.806,1493985,0,0
2.112,0,0,open,81,43,40.988,80,0,0,74,9.941,1504465,0,0
2.123,0,0,open,81,43,40.977,80,0,0,74,9.944,1515993,0,0
2.133,0,0,open,81,43,41.074,81,0,0,74,9.92,1525425,0,0
2.143,0,0,open,81,43,40.991,81,0,0,74,9.94,1534857,0,0
2.153,0,0,open,82,43,40.966,81,0,0,74,10.069,1546385,0,0
2.163,0,0,open,82,43,40.969,81,0,0,74,10.068,1557913,0,0
2.173,0,0,open,82,43,41.095,82,0,0,74,10.037,1566821,0,0
2.183,0,0,open,82,43,40.992,82,0,0,74,10.063,1577301,0,0
2.193,0,0,open,83,43,40.969,82,0,0,74,10.191,1587781,0,0
2.203,0,0,open,83,43,40.964,82,0,0,74,10.192,1599309,0,0
2.213,0,0,open,83,43,41.034,83,0,0,74,10.175,1609265,0,0
2.224,0,0,open,83,43,41.009,83,0,0,74,10.181,1619221,0,0
2.234,0,0,open,84,43,40.975,83,0,0,74,10.312,1630749,0,0
2.244,0,0,open,84,43,40.967,83,0,0,74,10.314,1641229,0,0
2.254,0,0,open,84,43,41.047,84,0,0,74,10.294,1652757,0,0
2.264,0,0,open,84,43,41.012,84,0,0,74,10.303,1662713,0,0
2.274,0,0,open,85,43,40.973,84,0,0,74,10.436,1673193,0,0
2.284,0,0,open,85,43,40.962,84,0,0,74,10.438,1684721,0,0
2.294,0,0,open,85,43,41.053,85,0,0,74,10.415,1695725,0,0
2.304,0,0,open,85,43,41.02,85,0,0,74,10.424,1705681,0,0
2.315,0,0,open,86,43,40.977,85,0,0,74,10.557,1717209,0,0
2.325,0,0,open,86,43,40.969,85,0,0,74,10.56,1727689,0,0
2.335,0,0,open,86,43,41.073,85,0,0,74,10.533,1739217,0,0
2.345,0,0,open,86,43,41.08,86,0,0,74,10.531,1749173,0,0
2.355,0,0,open,86,43,40.986,86,0,0,74,10.555,1760701,0,0
2.365,0,0,open,87,43,40.968,86,0,0,74,10.683,1772229,0,0
2.375,0,0,open,87,43,40.965,87,0,0,74,10.683,1782709,0,0
2.385,0,0,open,87,43,41.104,87,0,0,74,10.647,1794237,0,0
2.395,0,0,open,87,43,40.996,87,0,0,74,10.675,1804717,0,0
2.405,0,0,open,88,43,40.969,87,0,0,74,10.805,1816245,0,0
2.416,0,0,open,88,43,41.252,88,0,0,74,10.731,1827249,0,0
2.426,0,0,open,88,43,41.269,88,0,0,74,10.726,1838777,0,0
2.436,0,0,open,88,43,41.169,88,0,0,74,10.752,1850305,0,0
2.446,0,0,open,89,43,41.092,89,0,0,74,10.895,1861833,0,0
2.456,0,0,open,89,43,41.36,89,0,0,74,10.825,1872313,0,0
2.466,0,0,open,89,43,41.502,89,0,0,74,10.787,1883841,0,0
2.476,0,0,open,89,43,41.525,89,0,0,74,10.781,1895369,0,0
2.487,0,0,open,90,43,41.822,90,0,0,74,10.825,1906373,0,0
2.497,0,0,open,90,43,41.961,90,0,0,74,10.789,1917901,0,0
2.507,0,0,open,90,43,41.987,90,0,0,74,10.783,1928381,0,0
2.517,0,0,open,90,43,41.999,90,0,0,74,10.78,1939909,0,0
2.527,0,0,open,91,43,42.196,90,0,0,74,10.848,1951437,0,0
2.537,0,0,open,91,43,42.403,90,0,0,74,10.795,1961917,0,0
2.547,0,0,open,91,43,42.464,91,0,0,74,10.78,1973445,0,0
2.557,0,0,open,91,43,42.476,91,0,0,74,10.777,1984973,0,0
2.567,0,0,open,92,43,42.479,91,0,0,74,10.895,1995453,0,0
2.577,0,0,open,92,43,42.482,91,0,0,74,10.894,2006981,0,0
2.588,0,0,open,92,43,42.715,92,0,0,74,10.834,2019033,0,0
2.598,0,0,open,92,43,42.89,92,0,0,74,10.79,2029513,0,0
2.608,0,0,open,92,43,42.937,92,0,0,74,10.778,2041041,0,0
2.618,0,0,open,93,43,42.951,92,0,0,74,10.892,2052569,0,0
2.628,0,0,open,93,43,42.95,92,0,0,74,10.892,2063049,0,0
2.638,0,0,open,93,43,43.314,92,0,0,74,10.801,2074577,0,0
2.648,0,0,open,93,43,43.398,92,0,0,74,10.78,2086105,0,0
2.658,0,0,open,94,43,43.416,94,0,0,74,10.891,2096585,0,0
2.668,0,0,open,94,43,43.42,94,0,0,74,10.89,2108113,0,0
2.678,0,0,open,94,43,43.424,94,0,0,74,10.889,2119641,0,0
2.689,0,0,open,94,43,43.425,94,0,0,74,10.889,2130121,0,0
2.699,0,0,open,95,43,43.495,94,0,0,74,10.987,2141649,0,0
2.709,0,0,open,95,43,44.16,94,0,0,74,10.822,2153177,0,0
2.719,0,0,open,95,43,44.312,94,0,0,74,10.784,2163657,0,0
2.729,0,0,open,95,43,44.354,94,0,0,74,10.774,2175185,0,0
2.739,0,0,open,95,43,44.362,94,0,0,74,10.772,2186713,0,0
2.749,0,0,open,96,43,44.364,96,0,0,74,10.885,2198241,0,0
2.759,0,0,open,96,43,44.363,96,0,0,74,10.885,2208721,0,0
2.769,0,0,open,96,43,44.366,96,0,0,74,10.885,2220249,0,0
2.779,0,0,open,96,43,44.366,96,0,0,74,10.885,2231777,0,0
2.789,0,0,open,97,43,44.52,96,0,0,74,10.96,2242257,0,0
2.799,0,0,open,97,43,45.126,96,0,0,74,10.813,2253785,0,0
2.810,0,0,open,97,43,45.267,96,0,0,74,10.779,2265313,0,0
2.820,0,0,open,97,43,45.298,96,0,0,74,10.772,2275793,0,0
2.830,0,0,open,97,43,45.307,96,0,0,74,10.77,2287321,0,0
2.840,0,0,open,98,43,45.31,98,0,0,74,10.88,2298849,0,0
2.850,0,0,open,98,43,45.312,98,0,0,74,10.88,2310377,0,0
2.860,0,0,open,98,43,45.312,98,0,0,74,10.88,2320857,0,0
2.870,0,0,open,98,43,45.31,98,0,0,74,10.88,2332385,0,0
2.880,0,0,open,99,43,45.38,98,0,0,74,10.974,2343913,0,0
2.891,0,0,open,99,43,46.014,98,0,0,74,10.823,2354393,0,0
2.901,0,0,open,99,43,46.198,98,0,0,74,10.78,2365921,0,0
2.911,0,0,open,99,43,46.241,98,0,0,74,10.77,2377449,0,0
2.921,0,0,open,99,43,46.254,98,0,0,74,10.767,2388977,0,0
2.931,0,0,open,100,43,46.257,100,0,0,74,10.875,2399457,0,0
2.941,0,0,open,100,43,46.261,100,0,0,74,10.874,2410985,0,0
2.951,0,0,open,100,43,46.257,100,0,0,74,10.875,2422513,0,0
2.961,0,0,open,100,43,46.257,100,0,0,74,10.875,2434041,0,0
2.972,0,0,open,100,43,46.25,100,0,0,74,10.877,2444521,0,0
2.982,0,0,open,101,43,46.883,100,0,0,74,10.837,2456049,0,0
2.992,0,0,open,101,43,47.121,100,0,0,74,10.782,2467577,0,0
3.002,0,0,open,101,43,47.175,100,0,0,74,10.77,2478057,0,0
3.012,0,0,open,101,43,47.194,100,0,0,74,10.765,2489585,0,0
3.022,0,0,open,102,43,47.2,102,0,0,74,10.871,2501113,0,0
3.032,0,0,open,102,43,47.206,102,0,0,74,10.869,2512641,0,0
3.042,0,0,open,102,43,47.205,102,0,0,74,10.87,2523121,0,0
3.052,0,0,open,102,43,47.208,102,0,0,74,10.869,2534649,0,0
3.063,0,0,open,102,43,47.202,102,0,0,74,10.87,2546177,0,0
3.073,0,0,open,103,43,47.447,102,0,0,74,10.92,2556657,0,0
3.083,0,0,open,103,43,47.976,102,0,0,74,10.8,2568185,0,0
3.093,0,0,open,103,43,48.098,102,0,0,74,10.772,2579713,0,0
3.103,0,0,open,103,43,48.122,102,0,0,74,10.767,2590193,0,0
3.113,0,0,open,103,43,48.131,102,0,0,74,10.765,2601721,0,0
3.123,0,0,open,104,43,48.135,104,0,0,74,10.869,2613249,0,0
3.133,0,0,open,104,43,48.14,104,0,0,74,10.867,2623729,0,0
3.143,0,0,open,104,43,48.143,104,0,0,74,10.867,2635257,0,0
3.153,0,0,open,104,43,48.143,104,0,0,74,10.867,2646785,0,0
3.164,0,0,open,104,43,48.143,104,0,0,74,10.867,2658313,0,0
3.174,0,0,open,105,43,48.679,104,0,0,74,10.85,2668793,0,0
3.184,0,0,open,105,43,48.993,104,0,0,74,10.781,2680321,0,0
3.194,0,0,open,105,43,49.065,104,0,0,74,10.765,2691849,0,0
3.204,0,0,open,105,43,49.08,104,0,0,74,10.762,2702329,0,0
3.214,0,0,open,105,43,49.085,104,0,0,74,10.761,2713857,0,0
3.224,0,0,open,106,43,49.085,106,0,0,74,10.863,2725385,0,0
3.234,0,0,open,106,43,49.087,106,0,0,74,10.863,2735865,0,0
3.244,0,0,open,106,43,49.088,106,0,0,74,10.863,2747393,0,0
3.254,0,0,open,106,43,49.088,106,0,0,74,10.862,2758921,0,0
3.265,0,0,open,106,43,49.089,106,0,0,74,10.862,2770449,0,0
3.275,0,0,recovery,102,53,49.588,112,1,1,75,11.26,2775165,0,0
3.285,0,0,recovery,92,53,50.013,123,1,1,75,12.17,2775165,0,0
3.295,0,0,recovery,80,53,50.206,135,1,1,75,13.326,2775165,0,0
3.305,0,0,recovery,69,53,50.299,145,1,1,75,14.401,2775165,0,0
3.315,0,0,recovery,59,53,50.297,155,1,1,75,15.402,2775165,0,0
3.325,0,0,recovery,53,53,48.849,61,1,1,76,6.076,2831757,0,0
3.335,0,0,recovery,53,53,44.729,76,1,1,76,8.547,2831757,0,0
3.345,0,0,recovery,53,53,42.758,88,1,1,76,10.118,2831757,0,0
3.355,0,0,recovery,53,53,41.985,98,1,1,76,11.502,2831757,0,0
3.366,0,0,open,53,53,41.511,53,0,0,76,6.423,2861101,0,0
3.376,0,0,open,53,53,41.144,53,0,0,76,6.48,2870009,0,0
3.386,0,0,open,53,53,41.199,53,0,0,76,6.471,2877869,0,0
3.396,0,0,open,53,53,41.301,53,0,0,76,6.455,2883109,0,0
3.406,0,0,open,54,53,41.282,54,0,0,76,6.58,2888873,0,0
3.416,0,0,open,54,53,41.115,54,0,0,76,6.607,2896733,0,0
3.426,0,0,open,54,53,41.158,53,0,0,76,6.6,2905117,0,0
3.436,0,0,open,54,53,41.294,54,0,0,76,6.578,2910357,0,0
3.446,0,0,open,55,53,41.317,55,0,0,76,6.696,2917169,0,0
3.457,0,0,open,55,53,41.131,55,0,0,76,6.727,2925029,0,0
3.467,0,0,open,55,53,41.249,55,0,0,76,6.707,2932889,0,0
3.477,0,0,open,55,53,41.192,55,0,0,76,6.717,2938653,0,0
3.487,0,0,open,56,53,41.231,56,0,0,76,6.832,2944941,0,0
3.497,0,0,open,56,53,41.113,56,0,0,76,6.852,2952801,0,0
3.507,0,0,open,56,53,41.31,55,0,0,76,6.819,2960661,0,0
3.517,0,0,open,56,53,41.456,56,0,0,76,6.795,2966949,0,0
3.527,0,0,open,57,53,41.17,57,0,0,76,6.965,2973761,0,0
3.537,0,0,open,57,53,41.068,57,0,0,76,6.982,2982145,0,0
3.547,0,0,open,57,53,41.011,57,0,0,76,6.991,2988433,0,0
3.557,0,0,open,57,53,41.027,57,0,0,76,6.989,2995245,0,0
3.568,0,0,open,58,53,41.113,58,0,0,76,7.097,3002581,0,0
3.578,0,0,open,58,53,41.017,58,0,0,76,7.113,3011489,0,0
3.588,0,0,open,58,53,40.992,58,0,0,76,7.118,3018301,0,0
3.598,0,0,open,58,53,41.06,58,0,0,76,7.106,3025113,0,0
3.608,0,0,open,59,53,41.166,59,0,0,76,7.21,3031925,0,0
3.618,0,0,open,59,53,41.036,59,0,0,76,7.233,3040833,0,0
3.628,0,0,open,59,53,40.998,59,0,0,76,7.239,3048693,0,0
3.638,0,0,open,59,53,41.081,59,0,0,76,7.225,3055505,0,0
3.648,0,0,open,59,53,41.05,59,0,0,76,7.23,3061269,0,0
3.658,0,0,open,60,53,41.007,60,0,0,76,7.36,3070701,0,0
3.668,0,0,open,60,53,40.986,60,0,0,76,7.364,3079609,0,0
3.678,0,0,open,60,53,40.97,60,0,0,76,7.367,3085897,0,0
3.688,0,0,open,60,53,41.13,60,0,0,76,7.338,3091661,0,0
3.699,0,0,open,61,53,41.014,61,0,0,76,7.482,3100569,0,0
3.709,0,0,open,61,53,40.993,61,0,0,76,7.486,3110001,0,0
3.719,0,0,open,61,53,40.974,61,0,0,76,7.489,3116289,0,0
3.729,0,0,open,61,53,41.114,61,0,0,76,7.463,3122053,0,0
3.739,0,0,open,62,53,41.015,62,0,0,76,7.604,3132533,0,0
3.749,0,0,open,62,53,40.993,62,0,0,76,7.608,3141965,0,0
3.759,0,0,open,62,53,40.973,62,0,0,76,7.612,3148253,0,0
3.769,0,0,open,62,53,41.172,62,0,0,76,7.575,3154017,0,0
3.779,0,0,open,63,53,41.042,63,0,0,76,7.722,3163973,0,0
3.789,0,0,open,63,53,40.994,63,0,0,76,7.731,3172881,0,0
3.799,0,0,open,63,53,40.979,63,0,0,76,7.734,3179693,0,0
3.809,0,0,open,63,53,41.015,63,0,0,76,7.727,3185981,0,0
3.819,0,0,open,64,53,40.995,64,0,0,76,7.853,3195937,0,0
3.830,0,0,open,64,53,40.981,64,0,0,76,7.856,3204845,0,0
3.840,0,0,open,64,53,41.037,64,0,0,76,7.845,3212705,0,0
3.850,0,0,open,64,53,40.997,64,0,0,76,7.853,3217945,0,0
3.860,0,0,open,65,53,41.09,65,0,0,76,7.957,3227377,0,0
3.870,0,0,open,65,53,41.009,65,0,0,76,7.973,3237333,0,0
3.880,0,0,open,65,53,41.01,65,0,0,76,7.973,3246241,0,0
3.890,0,0,open,65,53,40.988,65,0,0,76,7.977,3250433,0,0
3.900,0,0,open,66,53,40.988,65,0,0,76,8.1,3260389,0,0
3.910,0,0,open,66,53,40.983,66,0,0,76,8.101,3270869,0,0
3.920,0,0,open,66,53,41.139,66,0,0,76,8.07,3279253,0,0
3.930,0,0,open,66,53,41.05,66,0,0,76,8.088,3284493,0,0
3.940,0,0,open,66,53,41.032,66,0,0,76,8.091,3293401,0,0
3.950,0,0,open,67,53,40.986,67,0,0,76,8.223,3304405,0,0
3.960,0,0,open,67,53,40.971,67,0,0,76,8.226,3313313,0,0
3.971,0,0,open,67,53,40.991,67,0,0,76,8.222,3319077,0,0
3.981,0,0,open,67,53,41.005,67,0,0,76,8.219,3327985,0,0
3.991,0,0,open,68,53,41.007,68,0,0,76,8.342,3338465,0,0
4.001,0,0,open,68,53,40.982,68,0,0,76,8.347,3347373,0,0
4.011,0,0,open,68,53,41.054,68,0,0,76,8.332,3354185,0,0
4.021,0,0,open,68,53,41.089,68,0,0,76,8.325,3362045,0,0
4.031,0,0,open,69,53,41.03,69,0,0,76,8.459,3373049,0,0
4.041,0,0,open,69,53,40.988,69,0,0,76,8.468,3383005,0,0
4.051,0,0,open,69,53,41.056,69,0,0,76,8.454,3389817,0,0
4.062,0,0,open,69,53,41.0,69,0,0,76,8.466,3397153,0,0
4.072,0,0,open,70,53,41.031,70,0,0,76,8.582,3408157,0,0
4.082,0,0,open,70,53,40.991,70,0,0,76,8.59,3419161,0,0
4.092,0,0,open,70,53,41.179,70,0,0,76,8.551,3424925,0,0
4.102,0,0,open,70,53,41.033,70,0,0,76,8.581,3433309,0,0
4.112,0,0,open,71,53,41.068,70,0,0,76,8.697,3444313,0,0
4.122,0,0,open,71,53,41.012,71,0,0,76,8.709,3454269,0,0
4.132,0,0,open,71,53,41.011,71,0,0,76,8.709,3461081,0,0
4.142,0,0,open,71,53,41.068,71,0,0,76,8.697,3468941,0,0
4.152,0,0,open,72,53,41.007,72,0,0,76,8.832,3479945,0,0
4.163,0,0,open,72,53,41.101,72,0,0,76,8.812,3491473,0,0
4.173,0,0,open,72,53,41.034,72,0,0,76,8.826,3498285,0,0
4.183,0,0,open,72,53,41.112,72,0,0,76,8.81,3506145,0,0
4.193,0,0,open,73,53,41.234,72,0,0,76,8.906,3516625,0,0
4.203,0,0,open,73,53,41.317,72,0,0,76,8.888,3528153,0,0
4.213,0,0,open,73,53,41.228,73,0,0,76,8.907,3536013,0,0
4.223,0,0,open,73,53,41.097,73,0,0,76,8.935,3542825,0,0
4.233,0,0,open,74,53,41.151,73,0,0,76,9.046,3553305,0,0
4.243,0,0,open,74,53,41.368,73,0,0,76,8.998,3564833,0,0
4.254,0,0,open,74,53,41.323,74,0,0,76,9.008,3574265,0,0
4.264,0,0,open,74,53,41.163,74,0,0,76,9.043,3581077,0,0
4.274,0,0,open,75,53,41.022,75,0,0,76,9.197,3590509,0,0
4.284,0,0,open,75,53,40.978,75,0,0,76,9.207,3602037,0,0
4.294,0,0,open,75,53,41.324,75,0,0,76,9.13,3612517,0,0
4.304,0,0,open,75,53,41.153,75,0,0,76,9.168,3618805,0,0
4.314,0,0,open,76,53,41.071,75,0,0,76,9.308,3629285,0,0
4.324,0,0,open,76,53,41.354,76,0,0,76,9.245,3640289,0,0
4.334,0,0,open,76,53,41.415,76,0,0,76,9.231,3650769,0,0
4.345,0,0,open,76,53,41.261,76,0,0,76,9.266,3657581,0,0
4.355,0,0,open,76,53,41.066,76,0,0,76,9.31,3667537,0,0
4.365,0,0,open,77,53,41.33,76,0,0,76,9.372,3679065,0,0
4.375,0,0,open,77,53,41.406,77,0,0,76,9.355,3690593,0,0
4.385,0,0,open,77,53,41.302,77,0,0,76,9.378,3697405,0,0
4.395,0,0,open,77,53,41.069,77,0,0,76,9.431,3707361,0,0
4.405,0,0,open,78,53,40.997,78,0,0,76,9.571,3717841,0,0
4.415,0,0,open,78,53,40.979,78,0,0,76,9.575,3729369,0,0
4.425,0,0,open,78,53,41.062,78,0,0,76,9.555,3736705,0,0
4.435,0,0,open,78,53,41.04,78,0,0,76,9.561,3746661,0,0
4.446,0,0,open,79,53,41.289,79,0,0,76,9.625,3757665,0,0
4.456,0,0,open,79,53,41.397,79,0,0,76,9.6,3769193,0,0
4.466,0,0,open,79,53,41.343,79,0,0,76,9.612,3777577,0,0
4.476,0,0,open,79,53,41.09,79,0,0,76,9.671,3787533,0,0
4.486,0,0,open,80,53,41.255,79,0,0,76,9.755,3798013,0,0
4.496,0,0,open,80,53,41.392,79,0,0,76,9.722,3809541,0,0
4.506,0,0,open,80,53,41.377,80,0,0,76,9.726,3818449,0,0
4.516,0,0,open,80,53,41.125,80,0,0,76,9.786,3827881,0,0
4.526,0,0,open,81,53,41.001,81,0,0,76,9.938,3839409,0,0
4.537,0,0,open,81,53,40.983,81,0,0,76,9.942,3849889,0,0
4.547,0,0,open,81,53,41.09,81,0,0,76,9.916,3859321,0,0
4.557,0,0,open,81,53,41.072,81,0,0,76,9.921,3869801,0,0
4.567,0,0,open,82,53,41.246,82,0,0,76,10.001,3880805,0,0
4.577,0,0,open,82,53,41.371,82,0,0,76,9.971,3891285,0,0
4.587,0,0,open,82,53,41.438,82,0,0,76,9.954,3901241,0,0
4.597,0,0,open,82,53,41.301,82,0,0,76,9.987,3912245,0,0
4.607,0,0,open,83,53,41.263,83,0,0,76,10.118,3922725,0,0
4.617,0,0,open,83,53,41.396,83,0,0,76,10.086,3933205,0,0
4.628,0,0,open,83,53,41.348,83,0,0,76,10.098,3944209,0,0
4.638,0,0,open,83,53,41.184,83,0,0,76,10.138,3952593,0,0
4.648,0,0,open,84,53,41.568,84,0,0,76,10.165,3963597,0,0
4.658,0,0,open,84,53,42.011,83,0,0,76,10.058,3974601,0,0
4.668,0,0,open,84,53,42.016,84,0,0,76,10.057,3986129,0,0
4.678,0,0,open,84,53,41.394,84,0,0,76,10.208,3996085,0,0
4.688,0,0,open,84,53,41.314,84,0,0,76,10.228,4005517,0,0
4.698,0,0,open,85,53,41.788,84,0,0,76,10.232,4017045,0,0
4.708,0,0,open,85,53,42.077,85,0,0,76,10.162,4028049,0,0
4.719,0,0,open,85,53,42.32,85,0,0,76,10.103,4039577,0,0
4.729,0,0,open,85,53,41.32,85,0,0,76,10.348,4049533,0,0
4.739,0,0,open,86,53,41.062,86,0,0,76,10.536,4060013,0,0
4.749,0,0,open,86,53,41.153,86,0,0,76,10.512,4072589,0,0
4.759,0,0,open,86,53,41.302,86,0,0,76,10.474,4083069,0,0
4.769,0,0,open,86,53,41.083,86,0,0,76,10.53,4094073,0,0
4.780,0,0,open,87,53,41.33,87,0,0,76,10.589,4105077,0,0
4.790,0,0,open,87,53,41.39,87,0,0,76,10.573,4115557,0,0
4.800,0,0,open,87,53,41.406,87,0,0,76,10.569,4127085,0,0
4.810,0,0,open,87,53,41.212,87,0,0,76,10.619,4138089,0,0
4.820,0,0,open,88,53,41.327,87,0,0,76,10.712,4149617,0,0
4.830,0,0,open,88,53,41.401,87,0,0,76,10.692,4160097,0,0
4.840,0,0,open,88,53,41.425,87,0,0,76,10.686,4171625,0,0
4.850,0,0,open,88,53,41.256,88,0,0,76,10.73,4182629,0,0
4.860,0,0,open,89,53,41.107,89,0,0,76,10.891,4194157,0,0
4.871,0,0,open,89,53,41.075,89,0,0,76,10.9,4205685,0,0
4.881,0,0,open,89,53,41.065,89,0,0,76,10.902,4216165,0,0
4.891,0,0,open,89,53,41.373,89,0,0,76,10.821,4227693,0,0
4.901,0,0,open,90,53,41.766,90,0,0,76,10.84,4238697,0,0
4.911,0,0,open,90,53,41.993,90,0,0,76,10.781,4250225,0,0
4.921,0,0,open,90,53,42.045,90,0,0,76,10.768,4261753,0,0
4.931,0,0,open,90,53,41.947,90,0,0,76,10.793,4272233,0,0
4.941,0,0,open,91,53,42.119,90,0,0,76,10.868,4283761,0,0
4.951,0,0,open,91,53,42.395,90,0,0,76,10.797,4295289,0,0
4.962,0,0,open,91,53,42.461,90,0,0,76,10.781,4306817,0,0
4.972,0,0,open,91,53,42.475,90,0,0,76,10.777,4317297,0,0
4.982,0,0,open,92,53,42.477,92,0,0,76,10.895,4328825,0,0
4.992,0,0,open,92,53,42.477,92,0,0,76,10.895,4340353,0,0
5.002,0,0,open,92,53,42.475,92,0,0,76,10.896,4350833,0,0
5.012,0,0,open,92,53,42.476,92,0,0,76,10.895,4362361,0,0
5.022,0,0,open,92,53,42.477,92,0,0,76,10.895,4373889,0,0
5.032,0,0,open,93,53,43.112,92,0,0,76,10.851,4385417,0,0
5.042,0,0,open,93,53,43.344,92,0,0,76,10.793,4395897,0,0
5.052,0,0,open,93,53,43.407,92,0,0,76,10.778,4407425,0,0
5.063,0,0,open,93,53,43.42,92,0,0,76,10.774,4418953,0,0
5.073,0,0,open,94,53,43.422,94,0,0,76,10.89,4429433,0,0
5.083,0,0,open,94,53,43.421,94,0,0,76,10.89,4440961,0,0
5.093,0,0,open,94,53,43.417,94,0,0,76,10.891,4452489,0,0
5.103,0,0,open,94,53,43.416,94,0,0,76,10.891,4462969,0,0
5.113,0,0,open,94,53,43.419,94,0,0,76,10.891,4474497,0,0
5.123,0,0,open,95,53,44.127,94,0,0,76,10.83,4486025,0,0
5.133,0,0,open,95,53,44.318,94,0,0,76,10.783,4497553,0,0
5.143,0,0,open,95,53,44.358,94,0,0,76,10.773,4508033,0,0
5.154,0,0,open,95,53,44.372,94,0,0,76,10.77,4519561,0,0
5.164,0,0,open,96,53,44.367,96,0,0,76,10.884,4531089,0,0
5.174,0,0,open,96,53,44.365,96,0,0,76,10.885,4541569,0,0
5.184,0,0,open,96,53,44.364,96,0,0,76,10.885,4553097,0,0
5.194,0,0,open,96,53,44.361,96,0,0,76,10.886,4564625,0,0
5.204,0,0,open,97,53,44.512,96,0,0,76,10.962,4576153,0,0
5.214,0,0,open,97,53,45.1,96,0,0,76,10.819,4586633,0,0
5.224,0,0,open,97,53,45.263,96,0,0,76,10.78,4598161,0,0
5.234,0,0,open,97,53,45.301,96,0,0,76,10.771,4609689,0,0
5.244,0,0,open,97,53,45.31,96,0,0,76,10.769,4620169,0,0
5.254,0,0,open,98,53,45.302,98,0,0,76,10.882,4631697,0,0
5.265,0,0,open,98,53,45.316,98,0,0,76,10.879,4643225,0,0
5.275,0,0,open,98,53,45.311,98,0,0,76,10.88,4653705,0,0
5.285,0,0,open,98,53,45.311,98,0,0,76,10.88,4665233,0,0
5.295,0,0,open,98,53,45.313,98,0,0,76,10.879,4676761,0,0
5.305,0,0,open,99,53,46.001,98,0,0,76,10.826,4688289,0,0
5.315,0,0,open,99,53,46.184,98,0,0,76,10.783,4698769,0,0
5.325,0,0,open,99,53,46.236,98,0,0,76,10.771,4710297,0,0
5.335,0,0,open,99,53,46.245,98,0,0,76,10.769,4721825,0,0
5.346,0,0,open,100,53,46.25,100,0,0,76,10.876,4732305,0,0
5.356,0,0,open,100,53,46.249,100,0,0,76,10.877,4743833,0,0
5.366,0,0,open,100,53,46.254,100,0,0,76,10.876,4755361,0,0
5.376,0,0,open,100,53,46.256,100,0,0,76,10.875,4765841,0,0
5.386,0,0,open,100,53,46.256,100,0,0,76,10.875,4777369,0,0
5.396,0,0,open,101,53,46.843,100,0,0,76,10.846,4788897,0,0
5.406,0,0,open,101,53,47.118,100,0,0,76,10.783,4800425,0,0
5.416,0,0,open,101,53,47.178,100,0,0,76,10.769,4810905,0,0
5.426,0,0,open,101,53,47.194,100,0,0,76,10.766,4822433,0,0
5.436,0,0,open,101,53,47.198,100,0,0,76,10.765,4833961,0,0
5.446,0,0,open,102,53,47.198,102,0,0,76,10.871,4844441,0,0
5.457,0,0,open,102,53,47.199,102,0,0,76,10.871,4855969,0,0
5.467,0,0,open,102,53,47.199,102,0,0,76,10.871,4867497,0,0
5.477,0,0,open,102,53,47.199,102,0,0,76,10.871,4877977,0,0
5.487,0,0,open,103,53,47.352,102,0,0,76,10.942,4889505,0,0
5.497,0,0,open,103,53,47.961,102,0,0,76,10.803,4901033,0,0
5.507,0,0,open,103,53,48.119,102,0,0,76,10.768,4911513,0,0
5.517,0,0,open,103,53,48.164,102,0,0,76,10.758,4923041,0,0
5.527,0,0,open,103,53,48.174,102,0,0,76,10.755,4934569,0,0
5.537,0,0,open,104,53,48.176,104,0,0,76,10.859,4945049,0,0
5.547,0,0,open,104,53,48.172,104,0,0,76,10.86,4956577,0,0
5.557,0,0,open,104,53,48.15,104,0,0,76,10.865,4968105,0,0
5.568,0,0,open,104,53,48.145,104,0,0,76,10.866,4979633,0,0
5.578,0,0,open,104,53,48.144,104,0,0,76,10.867,4990113,0,0
5.588,0,0,open,105,53,48.619,104,0,0,76,10.864,5001641,0,0
5.598,0,0,open,105,53,48.979,104,0,0,76,10.784,5013169,0,0
5.608,0,0,open,105,53,49.059,104,0,0,76,10.766,5023649,0,0
5.618,0,0,open,105,53,49.081,104,0,0,76,10.761,5035177,0,0
5.628,0,0,open,105,53,49.086,104,0,0,76,10.76,5046705,0,0
5.638,0,0,open,106,53,49.09,106,0,0,76,10.862,5057185,0,0
5.648,0,0,open,106,53,49.088,106,0,0,76,10.862,5068713,0,0
5.659,0,0,open,106,53,49.087,106,0,0,76,10.863,5080241,0,0
5.669,0,0,open,106,53,49.086,106,0,0,76,10.863,5091769,0,0
5.679,0,0,open,106,53,49.087,106,0,0,76,10.863,5102249,0,0
5.689,0,0,recovery,103,53,49.551,112,1,1,77,11.167,5109061,0,0
5.699,0,0,recovery,92,53,50.04,122,1,1,77,12.164,5109061,0,0
5.709,0,0,recovery,82,53,50.189,133,1,1,77,13.13,5109061,0,0
5.719,0,0,recovery,71,53,50.293,143,1,1,77,14.203,5109061,0,0
5.729,0,0,recovery,60,53,50.235,155,1,1,77,15.321,5109061,0,0
5.739,0,0,recovery,53,53,49.344,59,1,1,78,5.709,5165653,0,0
5.749,0,0,recovery,53,53,45.37,75,1,1,78,8.205,5165653,0,0
5.760,0,0,recovery,53,53,43.011,86,1,1,78,9.824,5165653,0,0
5.770,0,0,recovery,53,53,42.084,97,1,1,78,11.475,5165653,0,0
5.780,0,0,open,53,53,41.457,53,0,0,78,6.431,5196045,0,0
5.790,0,0,open,53,53,41.141,53,0,0,78,6.48,5204429,0,0
5.800,0,0,open,53,53,41.235,53,0,0,78,6.466,5210717,0,0
5.810,0,0,open,53,53,41.221,53,0,0,78,6.468,5215957,0,0
5.820,0,0,open,54,53,41.191,54,0,0,78,6.595,5222769,0,0
5.830,0,0,open,54,53,41.129,54,0,0,78,6.605,5231153,0,0
5.841,0,0,open,54,53,41.297,54,0,0,78,6.578,5237965,0,0
5.851,0,0,open,54,53,41.386,54,0,0,78,6.563,5243729,0,0
5.861,0,0,open,55,53,41.318,55,0,0,78,6.696,5251065,0,0
5.871,0,0,open,55,53,41.13,55,0,0,78,6.727,5258401,0,0
5.881,0,0,open,55,53,41.089,55,0,0,78,6.733,5265213,0,0
5.891,0,0,open,55,53,41.377,55,0,0,78,6.687,5272025,0,0
5.901,0,0,open,56,53,41.24,56,0,0,78,6.831,5278837,0,0
5.911,0,0,open,56,53,41.056,56,0,0,78,6.861,5287221,0,0
5.921,0,0,open,56,53,41.238,56,0,0,78,6.831,5294033,0,0
5.931,0,0,open,56,53,41.117,56,0,0,78,6.851,5300321,0,0
5.942,0,0,open,57,53,41.145,57,0,0,78,6.969,5307133,0,0
5.952,0,0,open,57,53,41.026,57,0,0,78,6.989,5315517,0,0
5.962,0,0,open,57,53,40.987,57,0,0,78,6.996,5322853,0,0
5.972,0,0,open,57,53,40.992,57,0,0,78,6.995,5328617,0,0
5.982,0,0,open,58,53,41.118,58,0,0,78,7.096,5335953,0,0
5.992,0,0,open,58,53,41.019,58,0,0,78,7.113,5344337,0,0
6.002,0,0,open,58,53,40.986,58,0,0,78,7.118,5351673,0,0
6.012,0,0,open,58,53,41.046,58,0,0,78,7.108,5358485,0,0
6.022,0,0,open,58,53,41.098,58,0,0,78,7.099,5365297,0,0
6.033,0,0,open,59,53,41.012,59,0,0,78,7.237,5374729,0,0
6.043,0,0,open,59,53,40.985,59,0,0,78,7.241,5382065,0,0
6.053,0,0,open,59,53,41.119,59,0,0,78,7.218,5388877,0,0
6.063,0,0,open,59,53,41.02,59,0,0,78,7.235,5394641,0,0
6.073,0,0,open,60,53,40.994,60,0,0,78,7.363,5404597,0,0
6.083,0,0,open,60,53,40.975,60,0,0,78,7.366,5412981,0,0
6.093,0,0,open,60,53,41.089,60,0,0,78,7.346,5419793,0,0
6.103,0,0,open,60,53,41.057,60,0,0,78,7.351,5425557,0,0
6.114,0,0,open,61,53,40.994,61,0,0,78,7.485,5434989,0,0
6.124,0,0,open,61,53,40.974,61,0,0,78,7.489,5444421,0,0
6.134,0,0,open,61,53,41.011,61,0,0,78,7.482,5450709,0,0
6.144,0,0,open,61,53,40.982,61,0,0,78,7.487,5456473,0,0
6.154,0,0,open,62,53,40.993,62,0,0,78,7.608,5465905,0,0
6.164,0,0,open,62,53,40.974,62,0,0,78,7.612,5475337,0,0
6.174,0,0,open,62,53,40.967,62,0,0,78,7.613,5481625,0,0
6.184,0,0,open,62,53,41.047,62,0,0,78,7.598,5487389,0,0
6.194,0,0,open,63,53,41.015,63,0,0,78,7.727,5497345,0,0
6.204,0,0,open,63,53,40.981,63,0,0,78,7.733,5507825,0,0
6.215,0,0,open,63,53,40.973,63,0,0,78,7.735,5514113,0,0
6.225,0,0,open,63,53,41.13,63,0,0,78,7.705,5519877,0,0
6.235,0,0,open,64,53,41.045,64,0,0,78,7.844,5530357,0,0
6.245,0,0,open,64,53,40.992,64,0,0,78,7.854,5539789,0,0
6.255,0,0,open,64,53,40.975,64,0,0,78,7.857,5546077,0,0
6.265,0,0,open,64,53,41.168,64,0,0,78,7.82,5551841,0,0
6.275,0,0,open,65,53,41.045,65,0,0,78,7.966,5562321,0,0
6.285,0,0,open,65,53,40.99,65,0,0,78,7.977,5572277,0,0
6.296,0,0,open,65,53,40.971,65,0,0,78,7.98,5579613,0,0
6.306,0,0,open,65,53,40.964,65,0,0,78,7.982,5584853,0,0
6.316,0,0,open,66,53,41.032,66,0,0,78,8.091,5595333,0,0
6.326,0,0,open,66,53,40.987,66,0,0,78,8.1,5605289,0,0
6.336,0,0,open,66,53,40.969,66,0,0,78,8.104,5613673,0,0
6.346,0,0,open,66,53,40.963,66,0,0,78,8.105,5618913,0,0
6.356,0,0,open,67,53,40.997,67,0,0,78,8.221,5629393,0,0
6.366,0,0,open,67,53,40.978,67,0,0,78,8.225,5639873,0,0
6.376,0,0,open,67,53,40.969,67,0,0,78,8.226,5647209,0,0
6.386,0,0,open,67,53,40.963,67,0,0,78,8.228,5653497,0,0
6.397,0,0,open,68,53,41.011,67,0,0,78,8.341,5663453,0,0
6.407,0,0,open,68,53,40.986,68,0,0,78,8.346,5673933,0,0
6.417,0,0,open,68,53,40.971,68,0,0,78,8.349,5682317,0,0
6.427,0,0,open,68,53,40.963,68,0,0,78,8.35,5688605,0,0
6.437,0,0,open,68,53,40.987,68,0,0,78,8.346,5697513,0,0
6.447,0,0,open,69,53,40.978,69,0,0,78,8.47,5708517,0,0
6.457,0,0,open,69,53,40.968,69,0,0,78,8.472,5717949,0,0
6.467,0,0,open,69,53,40.963,69,0,0,78,8.473,5723189,0,0
6.477,0,0,open,69,53,41.013,69,0,0,78,8.463,5733145,0,0
6.487,0,0,open,70,53,40.985,70,0,0,78,8.592,5744149,0,0
6.498,0,0,open,70,53,40.971,70,0,0,78,8.594,5754105,0,0
6.508,0,0,open,70,53,40.966,70,0,0,78,8.595,5759345,0,0
6.518,0,0,open,70,53,41.004,70,0,0,78,8.588,5768253,0,0
6.528,0,0,open,71,53,40.993,70,0,0,78,8.712,5779781,0,0
6.538,0,0,open,71,53,40.974,71,0,0,78,8.717,5790785,0,0
6.548,0,0,open,71,53,40.966,71,0,0,78,8.718,5796025,0,0
6.558,0,0,open,71,53,41.018,71,0,0,78,8.707,5804409,0,0
6.568,0,0,open,72,53,40.981,72,0,0,78,8.838,5815413,0,0
6.578,0,0,open,72,53,41.063,72,0,0,78,8.82,5826941,0,0
6.588,0,0,open,72,53,41.015,72,0,0,78,8.831,5833229,0,0
6.599,0,0,open,72,53,40.984,72,0,0,78,8.837,5840565,0,0
6.609,0,0,open,73,53,41.203,72,0,0,78,8.912,5852093,0,0
6.619,0,0,open,73,53,41.309,72,0,0,78,8.889,5862573,0,0
6.629,0,0,open,73,53,41.165,73,0,0,78,8.92,5869909,0,0
6.639,0,0,open,73,53,41.034,73,0,0,78,8.949,5878293,0,0
6.649,0,0,open,74,53,40.989,73,0,0,78,9.082,5888773,0,0
6.659,0,0,open,74,53,40.976,73,0,0,78,9.084,5900301,0,0
6.669,0,0,open,74,53,41.026,74,0,0,78,9.073,5908161,0,0
6.679,0,0,open,74,53,40.988,74,0,0,78,9.082,5915497,0,0
6.690,0,0,open,75,53,40.973,74,0,0,78,9.208,5925977,0,0
6.700,0,0,open,75,53,40.973,74,0,0,78,9.208,5937505,0,0
6.710,0,0,open,75,53,41.013,75,0,0,78,9.199,5946937,0,0
6.720,0,0,open,75,53,40.983,75,0,0,78,9.206,5954273,0,0
6.730,0,0,open,76,53,40.977,75,0,0,78,9.33,5964753,0,0
6.740,0,0,open,76,53,40.978,75,0,0,78,9.329,5975233,0,0
6.750,0,0,open,76,53,41.076,76,0,0,78,9.307,5986237,0,0
6.760,0,0,open,76,53,41.018,76,0,0,78,9.32,5992525,0,0
6.770,0,0,open,77,53,40.984,77,0,0,78,9.451,6003005,0,0
6.781,0,0,open,77,53,40.992,77,0,0,78,9.449,6014533,0,0
6.791,0,0,open,77,53,41.109,77,0,0,78,9.422,6025013,0,0
6.801,0,0,open,77,53,41.024,77,0,0,78,9.442,6032349,0,0
6.811,0,0,open,77,53,40.979,77,0,0,78,9.452,6041781,0,0
6.821,0,0,open,78,53,41.317,78,0,0,78,9.496,6053833,0,0
6.831,0,0,open,78,53,41.399,78,0,0,78,9.478,6064313,0,0
6.841,0,0,open,78,53,41.177,78,0,0,78,9.529,6071649,0,0
6.851,0,0,open,78,53,41.021,78,0,0,78,9.565,6082129,0,0
6.861,0,0,open,79,53,41.324,78,0,0,78,9.617,6093657,0,0
6.871,0,0,open,79,53,41.409,78,0,0,78,9.597,6104137,0,0
6.881,0,0,open,79,53,41.198,79,0,0,78,9.646,6112521,0,0
6.892,0,0,open,79,53,41.033,79,0,0,78,9.685,6121953,0,0
6.902,0,0,open,80,53,40.979,80,0,0,78,9.82,6133481,0,0
6.912,0,0,open,80,53,40.968,80,0,0,78,9.823,6145009,0,0
6.922,0,0,open,80,53,41.024,80,0,0,78,9.81,6152869,0,0
6.932,0,0,open,80,53,40.981,80,0,0,78,9.82,6163349,0,0
6.942,0,0,open,81,53,41.083,81,0,0,78,9.918,6174353,0,0
6.952,0,0,open,81,53,41.337,81,0,0,78,9.857,6184833,0,0
6.962,0,0,open,81,53,41.397,81,0,0,78,9.843,6193741,0,0
6.972,0,0,open,81,53,41.073,81,0,0,78,9.92,6204221,0,0
6.982,0,0,open,82,53,40.984,81,0,0,78,10.065,6215749,0,0
6.992,0,0,open,82,53,41.313,81,0,0,78,9.984,6226229,0,0
7.002,0,0,open,82,53,41.392,82,0,0,78,9.966,6236185,0,0
7.012,0,0,open,82,53,41.087,82,0,0,78,10.039,6245617,0,0
7.022,0,0,open,83,53,40.99,82,0,0,78,10.186,6257145,0,0
7.033,0,0,open,83,53,40.967,82,0,0,78,10.192,6267625,0,0
7.043,0,0,open,83,53,41.046,83,0,0,78,10.172,6277581,0,0
7.053,0,0,open,83,53,41.002,83,0,0,78,10.183,6287537,0,0
7.063,0,0,open,84,53,40.981,83,0,0,78,10.311,6299065,0,0
7.073,0,0,open,84,53,40.991,83,0,0,78,10.308,6310593,0,0
7.083,0,0,open,84,53,41.035,84,0,0,78,10.297,6321073,0,0
7.093,0,0,open,84,53,41.013,84,0,0,78,10.303,6331029,0,0
7.103,0,0,open,85,53,40.973,84,0,0,78,10.436,6341509,0,0
7.113,0,0,open,85,53,40.973,84,0,0,78,10.436,6353037,0,0
7.123,0,0,open,85,53,41.074,85,0,0,78,10.41,6364041,0,0
7.133,0,0,open,85,53,41.032,85,0,0,78,10.421,6373997,0,0
7.143,0,0,open,85,53,40.978,85,0,0,78,10.434,6384477,0,0
7.153,0,0,open,86,53,40.967,85,0,0,78,10.56,6396005,0,0
7.163,0,0,open,86,53,40.966,85,0,0,78,10.56,6407533,0,0
7.173,0,0,open,86,53,41.133,86,0,0,78,10.517,6417489,0,0
7.183,0,0,open,86,53,40.998,86,0,0,78,10.552,6429017,0,0
7.194,0,0,open,87,53,40.971,86,0,0,78,10.682,6439497,0,0
7.204,0,0,open,87,53,40.972,86,0,0,78,10.681,6451025,0,0
7.214,0,0,open,87,53,41.113,87,0,0,78,10.645,6462553,0,0
7.224,0,0,open,87,53,40.999,87,0,0,78,10.674,6473033,0,0
7.234,0,0,open,88,53,40.969,87,0,0,78,10.805,6484561,0,0
7.244,0,0,open,88,53,40.976,87,0,0,78,10.803,6495041,0,0
7.254,0,0,open,88,53,41.107,88,0,0,78,10.769,6506045,0,0
7.264,0,0,open,88,53,41.172,88,0,0,78,10.752,6517573,0,0
7.274,0,0,open,89,53,41.124,88,0,0,78,10.887,6529101,0,0
7.284,0,0,open,89,53,41.08,88,0,0,78,10.898,6539581,0,0
7.294,0,0,open,89,53,41.126,88,0,0,78,10.886,6551109,0,0
7.304,0,0,open,89,53,41.44,88,0,0,78,10.803,6562637,0,0
7.314,0,0,open,90,53,41.511,90,0,0,78,10.906,6573117,0,0
7.324,0,0,open,90,53,41.528,90,0,0,78,10.902,6584645,0,0
7.334,0,0,open,90,53,41.533,90,0,0,78,10.901,6596173,0,0
7.344,0,0,open,90,53,41.534,90,0,0,78,10.9,6606653,0,0
7.354,0,0,open,91,53,41.782,90,0,0,78,10.956,6618181,0,0
7.365,0,0,open,91,53,42.319,90,0,0,78,10.817,6629709,0,0
7.375,0,0,open,91,53,42.438,90,0,0,78,10.787,6640189,0,0
7.385,0,0,open,91,53,42.47,91,0,0,78,10.778,6651717,0,0
7.395,0,0,open,92,53,42.478,91,0,0,78,10.895,6663245,0,0
7.405,0,0,open,92,53,42.479,91,0,0,78,10.895,6673725,0,0
7.415,0,0,open,92,53,42.479,91,0,0,78,10.895,6685253,0,0
7.425,0,0,open,92,53,42.644,92,0,0,78,10.853,6696257,0,0
7.435,0,0,open,92,53,42.881,92,0,0,78,10.792,6707785,0,0
7.445,0,0,open,93,53,42.934,92,0,0,78,10.896,6718265,0,0
7.455,0,0,open,93,53,42.949,92,0,0,78,10.892,6729793,0,0
7.465,0,0,open,93,53,43.011,92,0,0,78,10.877,6741321,0,0
7.475,0,0,open,93,53,43.315,92,0,0,78,10.801,6751801,0,0
7.485,0,0,open,94,53,43.398,94,0,0,78,10.896,6763329,0,0
7.495,0,0,open,94,53,43.415,94,0,0,78,10.892,6774857,0,0
7.506,0,0,open,94,53,43.419,94,0,0,78,10.891,6785337,0,0
7.516,0,0,open,94,53,43.418,94,0,0,78,10.891,6796865,0,0
7.526,0,0,open,94,53,43.423,94,0,0,78,10.89,6808393,0,0
7.536,0,0,open,95,53,44.094,94,0,0,78,10.838,6818873,0,0
7.546,0,0,open,95,53,44.304,94,0,0,78,10.786,6830401,0,0
7.556,0,0,open,95,53,44.353,94,0,0,78,10.774,6841929,0,0
7.566,0,0,open,95,53,44.362,94,0,0,78,10.772,6852409,0,0
7.576,0,0,open,96,53,44.365,96,0,0,78,10.885,6863937,0,0
7.586,0,0,open,96,53,44.365,96,0,0,78,10.885,6875465,0,0
7.596,0,0,open,96,53,44.366,96,0,0,78,10.885,6885945,0,0
7.606,0,0,open,96,53,44.366,96,0,0,78,10.885,6897473,0,0
7.616,0,0,open,96,53,44.368,96,0,0,78,10.884,6909001,0,0
7.626,0,0,open,97,53,45.039,96,0,0,78,10.834,6919481,0,0
7.636,0,0,open,97,53,45.248,96,0,0,78,10.784,6931009,0,0
7.646,0,0,open,97,53,45.297,96,0,0,78,10.772,6942537,0,0
7.657,0,0,open,97,53,45.306,96,0,0,78,10.77,6953017,0,0
7.667,0,0,open,98,53,45.308,98,0,0,78,10.88,6964545,0,0
7.677,0,0,open,98,53,45.31,98,0,0,78,10.88,6976073,0,0
7.687,0,0,open,98,53,45.311,98,0,0,78,10.88,6986553,0,0
7.697,0,0,open,98,53,45.311,98,0,0,78,10.88,6998081,0,0
7.707,0,0,open,98,53,45.312,98,0,0,78,10.88,7009609,0,0
7.717,0,0,open,99,53,45.941,98,0,0,78,10.84,7020089,0,0
7.727,0,0,open,99,53,46.184,98,0,0,78,10.783,7031617,0,0
7.737,0,0,open,99,53,46.238,98,0,0,78,10.77,7043145,0,0
7.747,0,0,open,99,53,46.251,98,0,0,78,10.767,7053625,0,0
7.757,0,0,open,100,53,46.253,100,0,0,78,10.876,7065153,0,0
7.767,0,0,open,100,53,46.255,100,0,0,78,10.875,7076681,0,0
7.777,0,0,open,100,53,46.259,100,0,0,78,10.874,7087161,0,0
7.787,0,0,open,100,53,46.258,100,0,0,78,10.875,7098689,0,0
7.798,0,0,open,100,53,46.261,100,0,0,78,10.874,7110217,0,0
7.808,0,0,open,101,53,46.668,100,0,0,78,10.887,7120697,0,0
7.818,0,0,open,101,53,47.081,100,0,0,78,10.791,7132225,0,0
7.828,0,0,open,101,53,47.168,100,0,0,78,10.771,7143753,0,0
7.838,0,0,open,101,53,47.189,100,0,0,78,10.767,7154233,0,0
7.848,0,0,open,101,53,47.193,100,0,0,78,10.766,7165761,0,0
7.858,0,0,open,102,53,47.197,102,0,0,78,10.871,7177289,0,0
7.868,0,0,open,102,53,47.194,102,0,0,78,10.872,7187769,0,0
7.878,0,0,open,102,53,47.197,102,0,0,78,10.871,7199297,0,0
7.888,0,0,open,102,53,47.198,102,0,0,78,10.871,7210825,0,0
7.898,0,0,open,102,53,47.199,102,0,0,78,10.871,7221305,0,0
7.908,0,0,open,103,53,47.903,102,0,0,78,10.816,7232833,0,0
7.918,0,0,open,103,53,48.087,102,0,0,78,10.775,7244361,0,0
7.928,0,0,open,103,53,48.129,102,0,0,78,10.765,7254841,0,0
7.938,0,0,open,103,53,48.14,102,0,0,78,10.763,7266369,0,0
7.949,0,0,open,104,53,48.142,104,0,0,78,10.867,7277897,0,0
7.959,0,0,open,104,53,48.143,104,0,0,78,10.867,7288377,0,0
7.969,0,0,open,104,53,48.143,104,0,0,78,10.867,7299905,0,0
7.979,0,0,open,104,53,48.144,104,0,0,78,10.867,7311433,0,0
7.989,0,0,open,104,53,48.144,104,0,0,78,10.867,7321913,0,0
7.999,0,0,open,105,53,48.389,104,0,0,78,10.915,7333441,0,0
8.009,0,0,open,105,53,48.926,104,0,0,78,10.796,7344969,0,0
8.019,0,0,open,105,53,49.046,104,0,0,78,10.769,7355449,0,0
8.029,0,0,open,105,53,49.081,104,0,0,78,10.761,7366977,0,0
8.039,0,0,open,105,53,49.087,104,0,0,78,10.76,7378505,0,0
8.049,0,0,open,106,53,49.093,106,0,0,78,10.861,7388985,0,0
8.059,0,0,open,106,53,49.092,106,0,0,78,10.862,7400513,0,0
8.069,0,0,open,106,53,49.093,106,0,0,78,10.861,7412041,0,0
8.079,0,0,open,106,53,49.084,106,0,0,78,10.863,7422521,0,0
8.090,0,0,open,106,53,49.084,106,0,0,78,10.863,7434049,0,0
8.100,0,0,recovery,106,53,49.318,109,1,1,79,11.118,7442957,0,0
8.110,0,0,recovery,95,53,49.946,119,1,1,79,11.885,7442957,0,0
8.120,0,0,recovery,85,53,50.146,130,1,1,79,12.84,7442957,0,0
8.130,0,0,recovery,73,53,50.252,142,1,1,79,14.014,7442957,0,0
8.140,0,0,recovery,63,53,50.226,152,1,1,79,15.023,7442957,0,0
8.150,0,0,recovery,53,53,49.52,56,1,1,80,5.587,7499549,0,0
8.160,0,0,recovery,53,53,45.926,74,1,1,80,7.886,7499549,0,0
8.170,0,0,recovery,53,53,43.229,84,1,1,80,9.658,7499549,0,0
8.180,0,0,recovery,53,53,42.17,94,1,1,80,11.094,7499549,0,0
8.190,0,0,open,53,53,41.532,53,0,0,80,6.419,7527845,0,0
8.200,0,0,open,53,53,41.215,53,0,0,80,6.469,7535181,0,0
8.210,0,0,open,53,53,41.184,53,0,0,80,6.474,7543041,0,0
8.220,0,0,open,53,53,41.339,53,0,0,80,6.449,7548805,0,0
8.230,0,0,open,54,53,41.293,54,0,0,80,6.578,7554569,0,0
8.240,0,0,open,54,53,41.19,54,0,0,80,6.595,7562953,0,0
8.250,0,0,open,54,53,41.157,53,0,0,80,6.6,7570289,0,0
8.260,0,0,open,54,53,41.599,54,0,0,80,6.53,7576053,0,0
8.271,0,0,open,55,53,41.485,55,0,0,80,6.669,7581817,0,0
8.281,0,0,open,55,53,41.192,55,0,0,80,6.717,7590201,0,0
8.291,0,0,open,55,53,41.113,55,0,0,80,6.729,7598061,0,0
8.301,0,0,open,55,53,41.39,54,0,0,80,6.684,7603825,0,0
8.311,0,0,open,55,53,41.328,55,0,0,80,6.694,7609589,0,0
8.321,0,0,open,56,53,41.104,56,0,0,80,6.853,7617973,0,0
8.331,0,0,open,56,53,41.008,56,0,0,80,6.869,7626357,0,0
8.341,0,0,open,56,53,41.146,56,0,0,80,6.846,7631073,0,0
8.351,0,0,open,56,53,41.17,56,0,0,80,6.842,7637885,0,0
8.361,0,0,open,57,53,41.038,57,0,0,80,6.987,7647317,0,0
8.372,0,0,open,57,53,40.995,57,0,0,80,6.994,7654653,0,0
8.382,0,0,open,57,53,41.002,57,0,0,80,6.993,7660417,0,0
8.392,0,0,open,57,53,41.168,57,0,0,80,6.965,7666181,0,0
8.402,0,0,open,58,53,41.034,58,0,0,80,7.11,7676137,0,0
8.412,0,0,open,58,53,40.99,58,0,0,80,7.118,7684521,0,0
8.422,0,0,open,58,53,41.072,58,0,0,80,7.104,7690285,0,0
8.432,0,0,open,58,53,41.016,58,0,0,80,7.113,7695525,0,0
8.442,0,0,open,59,53,41.032,59,0,0,80,7.233,7705481,0,0
8.452,0,0,open,59,53,40.986,59,0,0,80,7.241,7714913,0,0
8.462,0,0,open,59,53,41.163,59,0,0,80,7.21,7720677,0,0
8.473,0,0,open,59,53,41.063,59,0,0,80,7.228,7725917,0,0
8.483,0,0,open,60,53,41.014,60,0,0,80,7.359,7735349,0,0
8.493,0,0,open,60,53,40.98,60,0,0,80,7.365,7744781,0,0
8.503,0,0,open,60,53,40.969,60,0,0,80,7.367,7751069,0,0
8.513,0,0,open,60,53,41.087,60,0,0,80,7.346,7756833,0,0
8.523,0,0,open,61,53,41.024,61,0,0,80,7.48,7765741,0,0
8.533,0,0,open,61,53,40.984,61,0,0,80,7.487,7775173,0,0
8.543,0,0,open,61,53,40.973,61,0,0,80,7.489,7781461,0,0
8.553,0,0,open,61,53,40.996,61,0,0,80,7.485,7787225,0,0
8.563,0,0,open,62,53,40.998,62,0,0,80,7.607,7796657,0,0
8.573,0,0,open,62,53,40.977,62,0,0,80,7.611,7806089,0,0
8.584,0,0,open,62,53,40.967,62,0,0,80,7.613,7813425,0,0
8.594,0,0,open,62,53,41.012,62,0,0,80,7.605,7819189,0,0
8.604,0,0,open,63,53,41.014,63,0,0,80,7.727,7828097,0,0
8.614,0,0,open,63,53,40.982,63,0,0,80,7.733,7837529,0,0
8.624,0,0,open,63,53,40.971,63,0,0,80,7.735,7845913,0,0
8.634,0,0,open,63,53,41.163,63,0,0,80,7.699,7851677,0,0
8.644,0,0,open,64,53,41.056,64,0,0,80,7.842,7860585,0,0
8.654,0,0,open,64,53,40.996,64,0,0,80,7.853,7870541,0,0
8.664,0,0,open,64,53,40.977,64,0,0,80,7.857,7878925,0,0
8.675,0,0,open,64,53,40.971,64,0,0,80,7.858,7884165,0,0
8.685,0,0,open,64,53,41.079,64,0,0,80,7.837,7893073,0,0
8.695,0,0,open,65,53,41.004,65,0,0,80,7.974,7903029,0,0
8.705,0,0,open,65,53,40.978,65,0,0,80,7.979,7912461,0,0
8.715,0,0,open,65,53,40.974,65,0,0,80,7.98,7917701,0,0
8.725,0,0,open,65,53,41.033,65,0,0,80,7.968,7926609,0,0
8.735,0,0,open,66,53,41.006,66,0,0,80,8.096,7936041,0,0
8.746,0,0,open,66,53,40.986,66,0,0,80,8.1,7945473,0,0
8.756,0,0,open,66,53,40.981,66,0,0,80,8.101,7951761,0,0
8.766,0,0,open,66,53,41.075,66,0,0,80,8.083,7959621,0,0
8.776,0,0,open,67,53,41.004,67,0,0,80,8.22,7970625,0,0
8.786,0,0,open,67,53,40.979,67,0,0,80,8.224,7980057,0,0
8.796,0,0,open,67,53,40.973,67,0,0,80,8.226,7985297,0,0
8.806,0,0,open,67,53,41.017,67,0,0,80,8.217,7993157,0,0
8.816,0,0,open,68,53,40.988,68,0,0,80,8.345,8004685,0,0
8.827,0,0,open,68,53,40.98,68,0,0,80,8.347,8015165,0,0
8.837,0,0,open,68,53,40.971,68,0,0,80,8.349,8020405,0,0
8.847,0,0,open,68,53,41.043,68,0,0,80,8.334,8028265,0,0
8.857,0,0,open,69,53,40.999,69,0,0,80,8.466,8038745,0,0
8.867,0,0,open,69,53,40.987,69,0,0,80,8.468,8049749,0,0
8.877,0,0,open,69,53,40.976,69,0,0,80,8.471,8056037,0,0
8.887,0,0,open,69,53,40.977,69,0,0,80,8.47,8063373,0,0
8.897,0,0,open,70,53,40.991,70,0,0,80,8.59,8074377,0,0
8.908,0,0,open,70,53,40.977,70,0,0,80,8.593,8084857,0,0
8.918,0,0,open,70,53,40.968,70,0,0,80,8.595,8092193,0,0
8.928,0,0,open,70,53,40.965,70,0,0,80,8.596,8098481,0,0
8.938,0,0,open,71,53,41.077,70,0,0,80,8.695,8108961,0,0
8.948,0,0,open,71,53,41.023,71,0,0,80,8.706,8120489,0,0
8.958,0,0,open,71,53,40.984,71,0,0,80,8.715,8128873,0,0
8.968,0,0,open,71,53,40.971,71,0,0,80,8.717,8135161,0,0
8.978,0,0,open,72,53,40.965,71,0,0,80,8.841,8145641,0,0
8.988,0,0,open,72,53,41.052,71,0,0,80,8.823,8156645,0,0
8.998,0,0,open,72,53,41.004,72,0,0,80,8.833,8165029,0,0
9.009,0,0,open,72,53,40.979,72,0,0,80,8.838,8171317,0,0
9.019,0,0,open,73,53,40.965,72,0,0,80,8.964,8181797,0,0
9.029,0,0,open,73,53,41.066,73,0,0,80,8.942,8193849,0,0
9.039,0,0,open,73,53,41.042,73,0,0,80,8.947,8202757,0,0
9.049,0,0,open,73,53,40.998,73,0,0,80,8.957,8209045,0,0
9.059,0,0,open,74,53,40.974,73,0,0,80,9.085,8219525,0,0
9.069,0,0,open,74,53,41.205,73,0,0,80,9.034,8231053,0,0
9.079,0,0,open,74,53,41.298,74,0,0,80,9.014,8239961,0,0
9.089,0,0,open,74,53,41.112,74,0,0,80,9.054,8246249,0,0
9.100,0,0,open,74,53,41.002,74,0,0,80,9.079,8256729,0,0
9.110,0,0,open,75,53,40.978,75,0,0,80,9.207,8268257,0,0
9.120,0,0,open,75,53,41.028,75,0,0,80,9.196,8278737,0,0
9.130,0,0,open,75,53,40.988,75,0,0,80,9.205,8285025,0,0
9.140,0,0,open,75,53,40.966,75,0,0,80,9.209,8295505,0,0
9.150,0,0,open,76,53,41.295,76,0,0,80,9.258,8306509,0,0
9.160,0,0,open,76,53,41.379,76,0,0,80,9.239,8316989,0,0
9.170,0,0,open,76,53,41.122,76,0,0,80,9.297,8324325,0,0
9.180,0,0,open,76,53,41.006,76,0,0,80,9.323,8333757,0,0
9.190,0,0,open,77,53,41.285,77,0,0,80,9.382,8345285,0,0
9.201,0,0,open,77,53,41.403,77,0,0,80,9.355,8356813,0,0
9.211,0,0,open,77,53,41.17,77,0,0,80,9.408,8363101,0,0
9.221,0,0,open,77,53,41.015,77,0,0,80,9.444,8373581,0,0
9.231,0,0,open,78,53,41.134,78,0,0,80,9.539,8384585,0,0
9.241,0,0,open,78,53,41.357,78,0,0,80,9.487,8395065,0,0
9.251,0,0,open,78,53,41.277,78,0,0,80,9.506,8402401,0,0
9.261,0,0,open,78,53,41.042,78,0,0,80,9.56,8412881,0,0
9.271,0,0,open,79,53,41.038,78,0,0,80,9.684,8424409,0,0
9.281,0,0,open,79,53,41.328,78,0,0,80,9.616,8434889,0,0
9.292,0,0,open,79,53,41.284,79,0,0,80,9.626,8443273,0,0
9.302,0,0,open,79,53,41.057,79,0,0,80,9.679,8452705,0,0
9.312,0,0,open,80,53,40.984,79,0,0,80,9.819,8464233,0,0
9.322,0,0,open,80,53,40.97,80,0,0,80,9.822,8475761,0,0
9.332,0,0,open,80,53,41.037,80,0,0,80,9.807,8484669,0,0
9.342,0,0,open,80,53,40.984,80,0,0,80,9.819,8494101,0,0
9.352,0,0,open,81,53,40.972,80,0,0,80,9.945,8504581,0,0
9.362,0,0,open,81,53,41.207,81,0,0,80,9.888,8516633,0,0
9.372,0,0,open,81,53,41.453,81,0,0,80,9.829,8526589,0,0
9.382,0,0,open,81,53,41.128,81,0,0,80,9.907,8534973,0,0
9.392,0,0,open,82,53,41.009,81,0,0,80,10.059,8546501,0,0
9.402,0,0,open,82,53,41.088,81,0,0,80,10.039,8556981,0,0
9.413,0,0,open,82,53,41.345,82,0,0,80,9.977,8567461,0,0
9.423,0,0,open,82,53,41.144,82,0,0,80,10.026,8576369,0,0
9.433,0,0,open,83,53,41.001,82,0,0,80,10.183,8587897,0,0
9.443,0,0,open,83,53,40.971,82,0,0,80,10.191,8599425,0,0
9.453,0,0,open,83,53,40.963,82,0,0,80,10.193,8609905,0,0
9.463,0,0,open,83,53,41.013,83,0,0,80,10.18,8619337,0,0
9.473,0,0,open,83,53,40.972,83,0,0,80,10.19,8629817,0,0
9.483,0,0,open,84,53,40.964,83,0,0,80,10.315,8641345,0,0
9.493,0,0,open,84,53,40.967,84,0,0,80,10.314,8652873,0,0
9.503,0,0,open,84,53,41.044,84,0,0,80,10.295,8661781,0,0
9.513,0,0,open,84,53,40.979,84,0,0,80,10.311,8673309,0,0
9.524,0,0,open,85,53,40.971,84,0,0,80,10.436,8684837,0,0
9.534,0,0,open,85,53,40.966,84,0,0,80,10.437,8695317,0,0
9.544,0,0,open,85,53,41.049,85,0,0,80,10.416,8705797,0,0
9.554,0,0,open,85,53,40.983,85,0,0,80,10.433,8716277,0,0
9.564,0,0,open,86,53,40.97,85,0,0,80,10.559,8727805,0,0
9.574,0,0,open,86,53,40.966,85,0,0,80,10.56,8739333,0,0
9.584,0,0,open,86,53,41.101,86,0,0,80,10.526,8750337,0,0
9.594,0,0,open,86,53,40.995,86,0,0,80,10.553,8760817,0,0
9.605,0,0,open,87,53,40.973,86,0,0,80,10.681,8771297,0,0
9.615,0,0,open,87,53,40.967,86,0,0,80,10.683,8782825,0,0
9.625,0,0,open,87,53,41.132,87,0,0,80,10.64,8793829,0,0
9.635,0,0,open,87,53,41.03,87,0,0,80,10.666,8804833,0,0
9.645,0,0,open,88,53,40.978,87,0,0,80,10.803,8816361,0,0
9.655,0,0,open,88,53,40.97,87,0,0,80,10.805,8827889,0,0
9.665,0,0,open,88,53,41.091,87,0,0,80,10.773,8838369,0,0
9.675,0,0,open,88,53,41.2,88,0,0,80,10.744,8849373,0,0
9.685,0,0,open,89,53,41.128,89,0,0,80,10.885,8860901,0,0
9.695,0,0,open,89,53,41.104,89,0,0,80,10.892,8872429,0,0
9.706,0,0,open,89,53,41.085,89,0,0,80,10.897,8882909,0,0
9.716,0,0,open,89,53,41.355,89,0,0,80,10.826,8894437,0,0
9.726,0,0,open,90,53,41.697,90,0,0,80,10.858,8905441,0,0
9.736,0,0,open,90,53,41.935,90,0,0,80,10.796,8916969,0,0
9.746,0,0,open,90,53,41.991,90,0,0,80,10.782,8928497,0,0
9.756,0,0,open,90,53,42.003,90,0,0,80,10.779,8938977,0,0
9.766,0,0,open,91,53,42.065,90,0,0,80,10.882,8950505,0,0
9.776,0,0,open,91,53,42.384,90,0,0,80,10.8,8962033,0,0
9.786,0,0,open,91,53,42.454,90,0,0,80,10.783,8972513,0,0
9.796,0,0,open,91,53,42.474,90,0,0,80,10.778,8984041,0,0
9.806,0,0,open,91,53,42.477,90,0,0,80,10.777,8995569,0,0
9.816,0,0,open,92,53,42.478,92,0,0,80,10.895,9006049,0,0
9.826,0,0,open,92,53,42.479,92,0,0,80,10.895,9017577,0,0
9.836,0,0,open,92,53,42.479,92,0,0,80,10.895,9029105,0,0
9.847,0,0,open,92,53,42.479,92,0,0,80,10.894,9039585,0,0
9.857,0,0,open,93,53,42.956,92,0,0,80,10.891,9051113,0,0
9.867,0,0,open,93,53,43.315,92,0,0,80,10.8,9062641,0,0
9.877,0,0,open,93,53,43.395,92,0,0,80,10.781,9073121,0,0
9.887,0,0,open,93,53,43.418,92,0,0,80,10.775,9084649,0,0
9.897,0,0,open,94,53,43.422,94,0,0,80,10.89,9096177,0,0
9.907,0,0,open,94,53,43.423,94,0,0,80,10.889,9107705,0,0
9.917,0,0,open,94,53,43.422,94,0,0,80,10.89,9118185,0,0
9.927,0,0,open,94,53,43.421,94,0,0,80,10.89,9129713,0,0
9.937,0,0,open,94,53,43.423,94,0,0,80,10.889,9141241,0,0
9.948,0,0,open,95,53,44.055,94,0,0,80,10.847,9151721,0,0
9.958,0,0,open,95,53,44.294,94,0,0,80,10.789,9163249,0,0
9.968,0,0,open,95,53,44.351,94,0,0,80,10.775,9174777,0,0
9.978,0,0,open,95,53,44.364,94,0,0,80,10.772,9185257,0,0
9.988,0,0,open,96,53,44.366,96,0,0,80,10.885,9196785,0,0
9.998,0,0,open,96,53,44.367,96,0,0,80,10.884,9208313,0,0
10.008,0,0,open,96,53,44.367,96,0,0,80,10.885,9218793,0,0
10.018,0,0,open,96,53,44.367,96,0,0,80,10.885,9230321,0,0
10.028,0,0,open,96,53,44.37,96,0,0,80,10.884,9241849,0,0
10.038,0,0,open,97,53,45.04,96,0,0,80,10.833,9253377,0,0
10.049,0,0,open,97,53,45.246,96,0,0,80,10.784,9263857,0,0
10.059,0,0,open,97,53,45.3,96,0,0,80,10.771,9275385,0,0
10.069,0,0,open,97,53,45.311,96,0,0,80,10.769,9286913,0,0
10.079,0,0,open,98,53,45.309,98,0,0,80,10.88,9297393,0,0
10.089,0,0,open,98,53,45.307,98,0,0,80,10.881,9308921,0,0
10.099,0,0,open,98,53,45.307,98,0,0,80,10.881,9320449,0,0
10.109,0,0,open,98,53,45.306,98,0,0,80,10.881,9330929,0,0
10.119,0,0,open,98,53,45.307,98,0,0,80,10.881,9342457,0,0
10.129,0,0,open,99,53,45.942,98,0,0,80,10.84,9353985,0,0
10.139,0,0,open,99,53,46.184,98,0,0,80,10.783,9365513,0,0
10.149,0,0,open,99,53,46.238,98,0,0,80,10.771,9375993,0,0
10.159,0,0,open,99,53,46.252,98,0,0,80,10.767,9387521,0,0
10.170,0,0,open,100,53,46.256,100,0,0,80,10.875,9399049,0,0
10.180,0,0,open,100,53,46.254,100,0,0,80,10.876,9409529,0,0
10.190,0,0,open,100,53,46.254,100,0,0,80,10.876,9421057,0,0
10.200,0,0,open,100,53,46.254,100,0,0,80,10.876,9432585,0,0
10.210,0,0,open,100,53,46.257,100,0,0,80,10.875,9443065,0,0
10.220,0,0,open,101,53,46.667,100,0,0,80,10.887,9454593,0,0
