t_s,kind,backlog_bytes,backlog_pkts,drops,sent_pkts,count,lastcount,ldelay,drop_next,dropping,ecn_mark,drop_overlimit,new_flows_len,old_flows_len,new_flow_count,maxpacket
0.000,fq_codel,0,0,0,0,,,,,,0,0,0,0,0,0
0.012,fq_codel,0,0,0,1,,,,,,0,0,0,0,1,42
0.024,fq_codel,0,0,0,1,,,,,,0,0,0,0,1,42
0.036,fq_codel,0,0,0,3,,,,,,0,0,0,0,3,98
0.049,fq_codel,0,0,0,3,,,,,,0,0,0,0,3,98
0.061,fq_codel,0,0,0,3,,,,,,0,0,0,0,3,98
0.074,fq_codel,12112,8,0,7,,,,,,0,0,0,1,6,1514
0.086,fq_codel,0,0,0,14,,,,,,0,0,0,0,6,1514
0.098,fq_codel,0,0,0,15,,,,,,0,0,0,0,7,1514
0.110,fq_codel,0,0,0,15,,,,,,0,0,0,0,7,1514
0.122,fq_codel,12112,8,0,24,,,,,,0,0,0,1,9,1514
0.134,fq_codel,3028,2,0,34,,,,,,0,0,0,1,9,1514
0.146,fq_codel,0,0,0,35,,,,,,0,0,0,0,9,1514
0.158,fq_codel,7570,5,0,41,,,,,,0,0,0,1,11,1514
0.170,fq_codel,19682,13,0,51,,,,,,0,0,0,1,11,1514
0.182,fq_codel,24224,16,0,60,,,,,,0,0,0,1,11,1514
0.193,fq_codel,9182,7,0,70,,,,,,0,0,1,1,12,1514
0.205,fq_codel,25738,17,0,80,,,,,,0,0,0,1,12,1514
0.216,fq_codel,39364,26,0,90,,,,,,0,0,0,1,13,1514
0.227,fq_codel,51476,34,0,100,,,,,,0,0,0,1,13,1514
0.239,fq_codel,68130,45,0,109,,,,,,0,0,0,1,13,1514
0.250,fq_codel,83270,55,0,119,,,,,,0,0,0,1,13,1514
0.263,fq_codel,98410,65,0,129,,,,,,0,0,0,1,13,1514
0.275,fq_codel,113550,75,0,140,,,,,,1,0,0,1,14,1514
0.286,fq_codel,127176,84,0,149,,,,,,1,0,0,1,14,1514
0.297,fq_codel,143830,95,0,159,,,,,,1,0,0,1,15,1514
0.309,fq_codel,151400,100,0,169,,,,,,1,0,0,1,15,1514
0.320,fq_codel,145344,96,0,178,,,,,,1,0,0,1,15,1514
0.332,fq_codel,137774,91,0,188,,,,,,1,0,0,1,15,1514
0.343,fq_codel,130204,86,0,197,,,,,,1,0,0,1,15,1514
0.354,fq_codel,122634,81,0,206,,,,,,1,0,0,1,15,1514
0.365,fq_codel,115064,76,0,216,,,,,,1,0,0,1,15,1514
0.377,fq_codel,109008,72,0,225,,,,,,2,0,0,1,15,1514
0.388,fq_codel,101438,67,0,234,,,,,,2,0,0,1,15,1514
0.400,fq_codel,93868,62,0,245,,,,,,2,0,0,1,16,1514
0.411,fq_codel,87812,58,0,254,,,,,,2,0,0,1,16,1514
0.422,fq_codel,80242,53,0,264,,,,,,3,0,0,1,16,1514
0.434,fq_codel,72672,48,0,273,,,,,,3,0,0,1,16,1514
0.445,fq_codel,65102,43,0,283,,,,,,3,0,0,1,16,1514
0.457,fq_codel,59046,39,0,292,,,,,,3,0,0,1,16,1514
0.468,fq_codel,51476,34,0,302,,,,,,3,0,0,1,16,1514
0.480,fq_codel,51476,34,0,311,,,,,,4,0,0,1,16,1514
0.492,fq_codel,51476,34,0,321,,,,,,4,0,0,1,16,1514
0.503,fq_codel,51476,34,0,331,,,,,,4,0,0,1,17,1514
0.515,fq_codel,51476,34,0,341,,,,,,4,0,0,1,17,1514
0.526,fq_codel,43906,29,0,351,,,,,,5,0,0,1,17,1514
0.538,fq_codel,36336,24,0,360,,,,,,5,0,0,1,17,1514
0.550,fq_codel,28766,19,0,370,,,,,,5,0,0,1,17,1514
0.562,fq_codel,21196,14,0,380,,,,,,5,0,0,1,17,1514
0.573,fq_codel,13626,9,0,390,,,,,,6,0,0,1,17,1514
0.585,fq_codel,7570,5,0,399,,,,,,6,0,0,1,17,1514
0.597,fq_codel,0,0,0,409,,,,,,6,0,0,0,20,1514
0.609,fq_codel,0,0,0,417,,,,,,6,0,0,0,28,1514
0.620,fq_codel,0,0,0,422,,,,,,6,0,0,0,33,1514
0.632,fq_codel,0,0,0,427,,,,,,6,0,0,0,38,1514
0.644,fq_codel,0,0,0,432,,,,,,6,0,0,0,43,1514
0.655,fq_codel,0,0,0,436,,,,,,6,0,0,0,47,1514
0.667,fq_codel,0,0,0,441,,,,,,6,0,0,0,52,1514
0.678,fq_codel,0,0,0,446,,,,,,6,0,0,0,57,1514
0.690,fq_codel,0,0,0,451,,,,,,6,0,0,0,62,1514
0.701,fq_codel,0,0,0,457,,,,,,6,0,0,0,68,1514
0.713,fq_codel,0,0,0,462,,,,,,6,0,0,0,73,1514
0.725,fq_codel,0,0,0,468,,,,,,6,0,0,0,78,1514
0.737,fq_codel,0,0,0,473,,,,,,6,0,0,0,83,1514
0.749,fq_codel,0,0,0,478,,,,,,6,0,0,0,88,1514
0.760,fq_codel,0,0,0,482,,,,,,6,0,0,0,92,1514
0.772,fq_codel,0,0,0,490,,,,,,6,0,0,0,100,1514
0.783,fq_codel,0,0,0,494,,,,,,6,0,0,0,104,1514
0.795,fq_codel,0,0,0,499,,,,,,6,0,0,0,109,1514
0.806,fq_codel,0,0,0,506,,,,,,6,0,0,0,116,1514
0.817,fq_codel,0,0,0,513,,,,,,6,0,0,0,122,1514
0.829,fq_codel,0,0,0,518,,,,,,6,0,0,0,127,1514
0.840,fq_codel,0,0,0,522,,,,,,6,0,0,0,131,1514
0.852,fq_codel,1514,1,0,532,,,,,,6,0,1,0,139,1514
0.863,fq_codel,0,0,0,536,,,,,,6,0,0,0,143,1514
0.875,fq_codel,0,0,0,541,,,,,,6,0,0,0,148,1514
0.886,fq_codel,0,0,0,547,,,,,,6,0,0,0,154,1514
0.898,fq_codel,0,0,0,557,,,,,,6,0,0,0,164,1514
0.909,fq_codel,0,0,0,562,,,,,,6,0,0,0,169,1514
0.921,fq_codel,0,0,0,566,,,,,,6,0,0,0,173,1514
0.932,fq_codel,1514,1,0,576,,,,,,6,0,1,0,183,1514
0.944,fq_codel,1514,1,0,583,,,,,,6,0,1,0,188,1514
0.956,fq_codel,0,0,0,587,,,,,,6,0,0,0,192,1514
0.969,fq_codel,0,0,0,593,,,,,,6,0,0,0,198,1514
0.980,fq_codel,3028,2,0,603,,,,,,6,0,1,0,206,1514
0.991,fq_codel,0,0,0,609,,,,,,6,0,0,0,210,1514
1.003,fq_codel,0,0,0,614,,,,,,6,0,0,0,215,1514
1.014,fq_codel,0,0,0,622,,,,,,6,0,0,0,223,1514
1.026,fq_codel,1514,1,0,632,,,,,,6,0,1,0,231,1514
1.037,fq_codel,1514,1,0,637,,,,,,6,0,1,0,235,1514
1.048,fq_codel,0,0,0,641,,,,,,6,0,0,0,239,1514
1.060,fq_codel,3028,2,0,651,,,,,,6,0,1,0,249,1514
1.071,fq_codel,1514,1,0,660,,,,,,6,0,1,0,254,1514
1.082,fq_codel,1514,1,0,665,,,,,,6,0,1,0,259,1514
1.094,fq_codel,0,0,0,671,,,,,,6,0,0,0,265,1514
1.105,fq_codel,1514,1,0,682,,,,,,6,0,0,1,271,1514
1.117,fq_codel,0,0,0,688,,,,,,6,0,0,0,272,1514
1.128,fq_codel,0,0,0,693,,,,,,6,0,0,0,276,1514
1.140,fq_codel,1514,1,0,703,,,,,,6,0,1,0,286,1514
1.151,fq_codel,3028,2,0,713,,,,,,6,0,1,0,293,1514
1.163,fq_codel,0,0,0,718,,,,,,6,0,0,0,296,1514
1.174,fq_codel,0,0,0,725,,,,,,6,0,0,0,302,1514
1.185,fq_codel,1514,1,0,735,,,,,,6,0,1,0,312,1514
1.197,fq_codel,3126,3,0,744,,,,,,6,0,2,0,319,1514
1.208,fq_codel,0,0,0,750,,,,,,6,0,0,0,322,1514
1.220,fq_codel,1514,1,0,759,,,,,,6,0,1,0,331,1514
1.231,fq_codel,4542,3,0,770,,,,,,6,0,0,3,341,1514
1.242,fq_codel,1514,1,0,780,,,,,,6,0,0,1,341,1514
1.254,fq_codel,1514,1,0,786,,,,,,6,0,1,0,347,1514
1.266,fq_codel,0,0,0,795,,,,,,6,0,0,0,356,1514
1.278,fq_codel,1514,1,0,805,,,,,,6,0,0,1,364,1514
1.289,fq_codel,0,0,0,813,,,,,,6,0,0,0,368,1514
1.300,fq_codel,0,0,0,821,,,,,,6,0,0,0,374,1514
1.312,fq_codel,0,0,0,831,,,,,,6,0,0,0,381,1514
1.324,fq_codel,3028,2,0,841,,,,,,6,0,1,0,387,1514
1.336,fq_codel,0,0,0,848,,,,,,6,0,0,0,391,1514
1.347,fq_codel,0,0,0,857,,,,,,6,0,0,0,400,1514
1.359,fq_codel,3028,2,0,868,,,,,,6,0,1,0,411,1514
1.370,fq_codel,1514,1,0,877,,,,,,6,0,0,1,415,1514
1.381,fq_codel,1514,1,0,885,,,,,,6,0,1,0,422,1514
1.393,fq_codel,0,0,0,894,,,,,,6,0,0,0,431,1514
1.404,fq_codel,3028,2,0,905,,,,,,6,0,0,1,437,1514
1.416,fq_codel,0,0,0,914,,,,,,6,0,0,0,437,1514
1.427,fq_codel,1514,1,0,924,,,,,,6,0,0,1,442,1514
1.439,fq_codel,0,0,0,933,,,,,,6,0,0,0,446,1514
1.450,fq_codel,1514,1,0,943,,,,,,6,0,0,1,453,1514
1.461,fq_codel,3028,2,0,952,,,,,,6,0,1,0,458,1514
1.473,fq_codel,3028,2,0,962,,,,,,6,0,1,0,463,1514
1.484,fq_codel,4542,3,0,971,,,,,,6,0,1,0,467,1514
1.496,fq_codel,4542,3,0,981,,,,,,6,0,0,1,467,1514
1.507,fq_codel,3028,2,0,991,,,,,,6,0,0,1,468,1514
1.518,fq_codel,4542,3,0,1000,,,,,,6,0,0,1,468,1514
1.530,fq_codel,6056,4,0,1010,,,,,,6,0,0,1,468,1514
1.541,fq_codel,4542,3,0,1019,,,,,,6,0,0,1,468,1514
1.552,fq_codel,4542,3,0,1029,,,,,,6,0,0,1,468,1514
1.564,fq_codel,6056,4,0,1038,,,,,,6,0,0,1,468,1514
1.575,fq_codel,7570,5,0,1047,,,,,,6,0,0,1,468,1514
1.587,fq_codel,7570,5,0,1057,,,,,,6,0,0,1,468,1514
1.598,fq_codel,6056,4,0,1067,,,,,,6,0,0,1,469,1514
1.609,fq_codel,7570,5,0,1076,,,,,,6,0,0,1,469,1514
1.621,fq_codel,9084,6,0,1086,,,,,,6,0,0,1,469,1514
1.632,fq_codel,7570,5,0,1095,,,,,,6,0,0,1,469,1514
1.643,fq_codel,7570,5,0,1105,,,,,,6,0,0,1,469,1514
1.655,fq_codel,9084,6,0,1114,,,,,,6,0,0,1,469,1514
1.666,fq_codel,10598,7,0,1123,,,,,,6,0,0,1,469,1514
1.677,fq_codel,10598,7,0,1133,,,,,,6,0,0,1,469,1514
1.689,fq_codel,9084,6,0,1142,,,,,,6,0,0,1,469,1514
1.700,fq_codel,10598,7,0,1152,,,,,,6,0,0,1,470,1514
1.712,fq_codel,9084,6,0,1162,,,,,,6,0,0,1,470,1514
1.723,fq_codel,10598,7,0,1171,,,,,,6,0,0,1,470,1514
1.734,fq_codel,10598,7,0,1181,,,,,,6,0,0,1,470,1514
1.746,fq_codel,12112,8,0,1190,,,,,,6,0,0,1,470,1514
1.757,fq_codel,10598,7,0,1199,,,,,,6,0,0,1,470,1514
1.768,fq_codel,13626,9,0,1209,,,,,,6,0,0,1,470,1514
1.780,fq_codel,12112,8,0,1218,,,,,,7,0,0,1,470,1514
1.791,fq_codel,12112,8,0,1228,,,,,,7,0,0,1,470,1514
1.802,fq_codel,13626,9,0,1238,,,,,,7,0,0,1,471,1514
1.814,fq_codel,13626,9,0,1247,,,,,,7,0,0,1,471,1514
1.825,fq_codel,4542,3,0,1257,,,,,,8,0,0,1,471,1514
1.837,fq_codel,0,0,0,1264,,,,,,8,0,0,0,473,1514
1.848,fq_codel,0,0,0,1268,,,,,,8,0,0,0,477,1514
1.859,fq_codel,0,0,0,1273,,,,,,8,0,0,0,482,1514
1.871,fq_codel,0,0,0,1280,,,,,,8,0,0,0,486,1514
1.882,fq_codel,0,0,0,1286,,,,,,8,0,0,0,490,1514
1.893,fq_codel,1514,1,0,1292,,,,,,8,0,1,0,496,1514
1.905,fq_codel,3028,2,0,1297,,,,,,8,0,1,0,501,1514
1.916,fq_codel,1514,1,0,1307,,,,,,8,0,0,1,505,1514
1.928,fq_codel,0,0,0,1311,,,,,,8,0,0,0,509,1514
1.939,fq_codel,1514,1,0,1317,,,,,,8,0,1,0,515,1514
1.950,fq_codel,1514,1,0,1323,,,,,,8,0,0,1,518,1514
1.962,fq_codel,1514,1,0,1332,,,,,,8,0,0,1,519,1514
1.973,fq_codel,0,0,0,1336,,,,,,8,0,0,0,523,1514
1.984,fq_codel,0,0,0,1340,,,,,,8,0,0,0,527,1514
1.996,fq_codel,1514,1,0,1349,,,,,,8,0,0,1,534,1514
2.007,fq_codel,1514,1,0,1359,,,,,,8,0,1,0,538,1514
2.019,fq_codel,0,0,0,1363,,,,,,8,0,0,0,542,1514
2.030,fq_codel,1514,1,0,1369,,,,,,8,0,1,0,548,1514
2.041,fq_codel,3028,2,0,1378,,,,,,8,0,1,0,555,1514
2.053,fq_codel,0,0,0,1384,,,,,,8,0,0,0,557,1514
2.064,fq_codel,0,0,0,1390,,,,,,8,0,0,0,563,1514
2.076,fq_codel,1514,1,0,1397,,,,,,8,0,0,1,569,1514
2.087,fq_codel,3028,2,0,1406,,,,,,8,0,1,0,574,1514
2.098,fq_codel,0,0,0,1412,,,,,,8,0,0,0,577,1514
2.110,fq_codel,0,0,0,1417,,,,,,8,0,0,0,582,1514
2.121,fq_codel,3028,2,0,1428,,,,,,8,0,1,0,592,1514
2.133,fq_codel,3028,2,0,1437,,,,,,8,0,0,1,596,1514
2.144,fq_codel,0,0,0,1442,,,,,,8,0,0,0,599,1514
2.156,fq_codel,0,0,0,1448,,,,,,8,0,0,0,605,1514
2.167,fq_codel,3028,2,0,1458,,,,,,8,0,1,0,612,1514
2.178,fq_codel,1514,1,0,1468,,,,,,8,0,0,1,616,1514
2.189,fq_codel,0,0,0,1472,,,,,,8,0,0,0,620,1514
2.201,fq_codel,1612,2,0,1480,,,,,,8,0,2,0,629,1514
2.212,fq_codel,1514,1,0,1491,,,,,,8,0,0,1,630,1514
2.224,fq_codel,0,0,0,1500,,,,,,8,0,0,0,631,1514
2.236,fq_codel,0,0,0,1504,,,,,,8,0,0,0,635,1514
2.247,fq_codel,1514,1,0,1515,,,,,,8,0,0,1,644,1514
2.259,fq_codel,1514,1,0,1526,,,,,,8,0,0,1,648,1514
2.271,fq_codel,0,0,0,1533,,,,,,8,0,0,0,650,1514
2.283,fq_codel,1514,1,0,1541,,,,,,8,0,1,0,658,1514
2.294,fq_codel,3028,2,0,1550,,,,,,8,0,1,0,665,1514
2.305,fq_codel,1514,1,0,1560,,,,,,8,0,0,1,670,1514
2.316,fq_codel,1514,1,0,1567,,,,,,8,0,1,0,675,1514
2.328,fq_codel,0,0,0,1575,,,,,,8,0,0,0,680,1514
2.339,fq_codel,3028,2,0,1585,,,,,,8,0,1,0,686,1514
2.350,fq_codel,3028,2,0,1595,,,,,,8,0,1,0,691,1514
2.362,fq_codel,0,0,0,1601,,,,,,8,0,0,0,696,1514
2.373,fq_codel,3028,2,0,1612,,,,,,8,0,1,0,707,1514
2.385,fq_codel,1514,1,0,1621,,,,,,8,0,0,1,711,1514
2.396,fq_codel,0,0,0,1629,,,,,,8,0,0,0,715,1514
2.407,fq_codel,0,0,0,1639,,,,,,8,0,0,0,722,1514
2.419,fq_codel,3028,2,0,1649,,,,,,8,0,1,0,726,1514
2.430,fq_codel,3028,2,0,1659,,,,,,8,0,0,1,726,1514
2.442,fq_codel,1514,1,0,1668,,,,,,8,0,0,1,728,1514
2.453,fq_codel,1514,1,0,1677,,,,,,8,0,1,0,737,1514
2.464,fq_codel,1514,1,0,1687,,,,,,8,0,0,1,744,1514
2.476,fq_codel,3028,2,0,1696,,,,,,8,0,1,0,749,1514
2.487,fq_codel,3028,2,0,1706,,,,,,8,0,1,0,754,1514
2.499,fq_codel,4542,3,0,1715,,,,,,8,0,1,0,758,1514
2.510,fq_codel,4542,3,0,1726,,,,,,8,0,0,1,759,1514
2.522,fq_codel,4542,3,0,1736,,,,,,8,0,0,1,759,1514
2.534,fq_codel,3028,2,0,1745,,,,,,8,0,0,1,759,1514
2.546,fq_codel,4542,3,0,1755,,,,,,8,0,0,1,759,1514
2.557,fq_codel,4542,3,0,1765,,,,,,8,0,0,1,759,1514
2.569,fq_codel,6056,4,0,1774,,,,,,8,0,0,1,759,1514
2.581,fq_codel,6056,4,0,1784,,,,,,8,0,0,1,759,1514
2.592,fq_codel,6056,4,0,1794,,,,,,8,0,0,1,759,1514
2.604,fq_codel,7570,5,0,1804,,,,,,8,0,0,1,760,1514
2.616,fq_codel,7570,5,0,1814,,,,,,8,0,0,1,760,1514
2.627,fq_codel,7570,5,0,1824,,,,,,8,0,0,1,760,1514
2.639,fq_codel,7570,5,0,1833,,,,,,8,0,0,1,760,1514
2.651,fq_codel,7570,5,0,1843,,,,,,8,0,0,1,760,1514
2.663,fq_codel,7570,5,0,1853,,,,,,8,0,0,1,760,1514
2.674,fq_codel,9084,6,0,1862,,,,,,8,0,0,1,760,1514
2.686,fq_codel,9084,6,0,1872,,,,,,8,0,0,1,760,1514
2.697,fq_codel,10598,7,0,1881,,,,,,8,0,0,1,760,1514
2.709,fq_codel,10598,7,0,1892,,,,,,8,0,0,1,761,1514
2.721,fq_codel,10598,7,0,1902,,,,,,8,0,0,1,761,1514
2.732,fq_codel,10598,7,0,1911,,,,,,8,0,0,1,761,1514
2.744,fq_codel,10598,7,0,1921,,,,,,8,0,0,1,761,1514
2.756,fq_codel,12112,8,0,1930,,,,,,8,0,0,1,761,1514
2.767,fq_codel,12112,8,0,1940,,,,,,8,0,0,1,761,1514
2.779,fq_codel,13626,9,0,1949,,,,,,8,0,0,1,761,1514
2.791,fq_codel,13626,9,0,1959,,,,,,9,0,0,1,761,1514
2.802,fq_codel,12112,8,0,1968,,,,,,9,0,0,1,761,1514
2.813,fq_codel,13626,9,0,1978,,,,,,9,0,0,1,762,1514
2.825,fq_codel,13626,9,0,1988,,,,,,9,0,0,1,762,1514
2.836,fq_codel,7570,5,0,1997,,,,,,9,0,0,1,762,1514
2.847,fq_codel,0,0,0,2006,,,,,,9,0,0,0,763,1514
2.859,fq_codel,0,0,0,2011,,,,,,9,0,0,0,768,1514
2.870,fq_codel,0,0,0,2016,,,,,,9,0,0,0,773,1514
2.882,fq_codel,1514,1,0,2022,,,,,,9,0,1,0,779,1514
2.893,fq_codel,0,0,0,2028,,,,,,9,0,0,0,785,1514
2.904,fq_codel,0,0,0,2035,,,,,,9,0,0,0,792,1514
2.916,fq_codel,0,0,0,2039,,,,,,9,0,0,0,796,1514
2.927,fq_codel,1514,1,0,2047,,,,,,9,0,0,1,800,1514
2.939,fq_codel,0,0,0,2053,,,,,,9,0,0,0,804,1514
2.950,fq_codel,1514,1,0,2059,,,,,,9,0,1,0,810,1514
2.961,fq_codel,0,0,0,2063,,,,,,9,0,0,0,814,1514
2.973,fq_codel,3028,2,0,2073,,,,,,9,0,1,0,819,1514
2.984,fq_codel,0,0,0,2078,,,,,,9,0,0,0,823,1514
2.995,fq_codel,1514,1,0,2084,,,,,,9,0,1,0,829,1514
3.007,fq_codel,3028,2,0,2091,,,,,,9,0,0,1,834,1514
3.018,fq_codel,3028,2,0,2100,,,,,,9,0,0,1,834,1514
3.029,fq_codel,0,0,0,2105,,,,,,9,0,0,0,838,1514
3.041,fq_codel,0,0,0,2109,,,,,,9,0,0,0,842,1514
3.052,fq_codel,3028,2,0,2118,,,,,,9,0,1,0,850,1514
3.063,fq_codel,3028,2,0,2127,,,,,,9,0,1,0,854,1514
3.074,fq_codel,0,0,0,2132,,,,,,9,0,0,0,858,1514
3.086,fq_codel,0,0,0,2136,,,,,,9,0,0,0,862,1514
3.097,fq_codel,3028,2,0,2146,,,,,,9,0,1,0,869,1514
3.108,fq_codel,0,0,0,2155,,,,,,9,0,0,0,873,1514
3.119,fq_codel,0,0,0,2161,,,,,,9,0,0,0,879,1514
3.132,fq_codel,0,0,0,2167,,,,,,9,0,0,0,885,1514
3.143,fq_codel,3028,2,0,2178,,,,,,9,0,1,0,892,1514
3.155,fq_codel,0,0,0,2184,,,,,,9,0,0,0,894,1514
3.166,fq_codel,0,0,0,2188,,,,,,9,0,0,0,898,1514
3.177,fq_codel,1514,1,0,2199,,,,,,9,0,0,1,907,1514
3.189,fq_codel,3028,2,0,2208,,,,,,9,0,1,0,912,1514
3.200,fq_codel,0,0,0,2214,,,,,,9,0,0,0,915,1514
3.211,fq_codel,0,0,0,2221,,,,,,9,0,0,0,922,1514
3.223,fq_codel,1514,1,0,2231,,,,,,9,0,0,1,930,1514
3.234,fq_codel,1514,1,0,2241,,,,,,9,0,0,1,935,1514
3.246,fq_codel,0,0,0,2246,,,,,,9,0,0,0,940,1514
3.257,fq_codel,0,0,0,2254,,,,,,9,0,0,0,948,1514
3.269,fq_codel,1514,1,0,2265,,,,,,9,0,0,1,952,1514
3.281,fq_codel,0,0,0,2273,,,,,,9,0,0,0,955,1514
3.292,fq_codel,0,0,0,2278,,,,,,9,0,0,0,960,1514
3.303,fq_codel,3028,2,0,2289,,,,,,9,0,1,0,971,1514
3.315,fq_codel,1514,1,0,2299,,,,,,9,0,0,1,973,1514
3.326,fq_codel,0,0,0,2307,,,,,,9,0,0,0,974,1514
3.338,fq_codel,0,0,0,2314,,,,,,9,0,0,0,981,1514
3.349,fq_codel,3028,2,0,2324,,,,,,9,0,1,0,989,1514
3.360,fq_codel,0,0,0,2333,,,,,,9,0,0,0,993,1514
3.371,fq_codel,1514,1,0,2341,,,,,,9,0,1,0,998,1514
3.383,fq_codel,1514,1,0,2350,,,,,,9,0,1,0,1007,1514
3.394,fq_codel,1514,1,0,2360,,,,,,9,0,0,1,1014,1514
3.405,fq_codel,3028,2,0,2369,,,,,,9,0,1,0,1019,1514
3.417,fq_codel,0,0,0,2377,,,,,,9,0,0,0,1024,1514
3.428,fq_codel,3028,2,0,2388,,,,,,9,0,1,0,1034,1514
3.440,fq_codel,3028,2,0,2398,,,,,,9,0,1,0,1039,1514
3.452,fq_codel,1514,1,0,2407,,,,,,9,0,0,1,1043,1514
3.463,fq_codel,0,0,0,2416,,,,,,9,0,0,0,1050,1514
3.475,fq_codel,1514,1,0,2426,,,,,,9,0,0,1,1059,1514
3.487,fq_codel,1514,1,0,2436,,,,,,9,0,0,1,1064,1514
3.498,fq_codel,1514,1,0,2446,,,,,,9,0,0,1,1069,1514
3.510,fq_codel,1514,1,0,2456,,,,,,9,0,0,1,1073,1514
3.521,fq_codel,3028,2,0,2466,,,,,,9,0,0,1,1073,1514
3.533,fq_codel,4542,3,0,2475,,,,,,9,0,0,1,1073,1514
3.544,fq_codel,4542,3,0,2485,,,,,,9,0,0,1,1073,1514
3.556,fq_codel,3028,2,0,2495,,,,,,9,0,0,1,1073,1514
3.568,fq_codel,6056,4,0,2505,,,,,,9,0,0,1,1073,1514
3.580,fq_codel,4542,3,0,2514,,,,,,9,0,0,1,1073,1514
3.592,fq_codel,4542,3,0,2524,,,,,,9,0,0,1,1073,1514
3.603,fq_codel,6056,4,0,2533,,,,,,9,0,0,1,1073,1514
3.614,fq_codel,7570,5,0,2543,,,,,,9,0,0,1,1074,1514
3.626,fq_codel,7570,5,0,2553,,,,,,9,0,0,1,1074,1514
3.637,fq_codel,6056,4,0,2562,,,,,,9,0,0,1,1074,1514
3.649,fq_codel,7570,5,0,2572,,,,,,9,0,0,1,1074,1514
3.660,fq_codel,9084,6,0,2581,,,,,,9,0,0,1,1074,1514
3.671,fq_codel,7570,5,0,2590,,,,,,9,0,0,1,1074,1514
3.683,fq_codel,7570,5,0,2600,,,,,,9,0,0,1,1074,1514
3.694,fq_codel,7570,5,0,2609,,,,,,9,0,0,1,1074,1514
3.705,fq_codel,10598,7,0,2618,,,,,,9,0,0,1,1074,1514
3.717,fq_codel,10598,7,0,2629,,,,,,9,0,0,1,1075,1514
3.729,fq_codel,10598,7,0,2639,,,,,,9,0,0,1,1075,1514
3.741,fq_codel,10598,7,0,2649,,,,,,9,0,0,1,1075,1514
3.752,fq_codel,10598,7,0,2658,,,,,,9,0,0,1,1075,1514
3.764,fq_codel,10598,7,0,2668,,,,,,9,0,0,1,1075,1514
3.775,fq_codel,12112,8,0,2677,,,,,,9,0,0,1,1075,1514
3.786,fq_codel,10598,7,0,2686,,,,,,9,0,0,1,1075,1514
3.798,fq_codel,12112,8,0,2695,,,,,,9,0,0,1,1075,1514
3.809,fq_codel,12112,8,0,2706,,,,,,10,0,0,1,1076,1514
3.820,fq_codel,12112,8,0,2716,,,,,,10,0,0,1,1076,1514
3.833,fq_codel,12112,8,0,2726,,,,,,10,0,0,1,1076,1514
3.845,fq_codel,10598,7,0,2736,,,,,,10,0,0,1,1076,1514
3.857,fq_codel,4542,3,0,2745,,,,,,10,0,0,1,1076,1514
3.868,fq_codel,0,0,0,2751,,,,,,10,0,0,0,1079,1514
3.879,fq_codel,0,0,0,2756,,,,,,10,0,0,0,1084,1514
3.891,fq_codel,0,0,0,2760,,,,,,10,0,0,0,1088,1514
3.902,fq_codel,0,0,0,2769,,,,,,10,0,0,0,1096,1514
3.913,fq_codel,1514,1,0,2776,,,,,,10,0,1,0,1103,1514
3.925,fq_codel,0,0,0,2780,,,,,,10,0,0,0,1107,1514
3.936,fq_codel,3028,2,0,2786,,,,,,10,0,1,0,1112,1514
3.948,fq_codel,0,0,0,2794,,,,,,10,0,0,0,1113,1514
3.959,fq_codel,1514,1,0,2800,,,,,,10,0,1,0,1119,1514
3.970,fq_codel,0,0,0,2804,,,,,,10,0,0,0,1123,1514
3.982,fq_codel,3028,2,0,2812,,,,,,10,0,0,1,1128,1514
3.994,fq_codel,0,0,0,2819,,,,,,10,0,0,0,1132,1514
4.005,fq_codel,1514,1,0,2825,,,,,,10,0,1,0,1138,1514
4.017,fq_codel,0,0,0,2830,,,,,,10,0,0,0,1143,1514
4.028,fq_codel,1514,1,0,2840,,,,,,10,0,0,1,1149,1514
4.040,fq_codel,0,0,0,2846,,,,,,10,0,0,0,1153,1514
4.051,fq_codel,1514,1,0,2852,,,,,,10,0,1,0,1159,1514
4.063,fq_codel,1514,1,0,2858,,,,,,10,0,1,0,1165,1514
4.074,fq_codel,1514,1,0,2867,,,,,,10,0,0,1,1170,1514
4.085,fq_codel,0,0,0,2873,,,,,,10,0,0,0,1175,1514
4.097,fq_codel,0,0,0,2877,,,,,,10,0,0,0,1179,1514
4.109,fq_codel,3028,2,0,2887,,,,,,10,0,1,0,1187,1514
4.120,fq_codel,3028,2,0,2897,,,,,,10,0,0,1,1188,1514
4.131,fq_codel,0,0,0,2902,,,,,,10,0,0,0,1192,1514
4.143,fq_codel,1514,1,0,2908,,,,,,10,0,0,1,1197,1514
4.154,fq_codel,3028,2,0,2917,,,,,,10,0,1,0,1204,1514
4.165,fq_codel,1514,1,0,2927,,,,,,10,0,1,0,1209,1514
4.177,fq_codel,0,0,0,2931,,,,,,10,0,0,0,1213,1514
4.188,fq_codel,3028,2,0,2939,,,,,,10,0,1,0,1221,1514
4.200,fq_codel,1514,1,0,2948,,,,,,10,0,0,1,1225,1514
4.211,fq_codel,1514,1,0,2958,,,,,,10,0,1,0,1231,1514
4.223,fq_codel,1514,1,0,2962,,,,,,10,0,1,0,1235,1514
4.234,fq_codel,3028,2,0,2971,,,,,,10,0,1,0,1244,1514
4.245,fq_codel,3028,2,0,2981,,,,,,10,0,1,0,1249,1514
4.257,fq_codel,1514,1,0,2989,,,,,,10,0,1,0,1255,1514
4.269,fq_codel,0,0,0,2995,,,,,,10,0,0,0,1261,1514
4.281,fq_codel,1514,1,0,3006,,,,,,10,0,0,1,1267,1514
4.293,fq_codel,3028,2,0,3015,,,,,,10,0,0,1,1270,1514
4.304,fq_codel,1514,1,0,3021,,,,,,10,0,1,0,1274,1514
4.316,fq_codel,0,0,0,3030,,,,,,10,0,0,0,1281,1514
4.327,fq_codel,1514,1,0,3040,,,,,,10,0,0,1,1282,1514
4.338,fq_codel,0,0,0,3048,,,,,,10,0,0,0,1282,1514
4.350,fq_codel,0,0,0,3055,,,,,,10,0,0,0,1287,1514
4.361,fq_codel,3028,2,0,3065,,,,,,10,0,1,0,1296,1514
4.372,fq_codel,3028,2,0,3075,,,,,,10,0,1,0,1301,1514
4.384,fq_codel,0,0,0,3082,,,,,,10,0,0,0,1304,1514
4.395,fq_codel,1514,1,0,3091,,,,,,10,0,1,0,1313,1514
4.407,fq_codel,1514,1,0,3101,,,,,,10,0,0,1,1321,1514
4.418,fq_codel,3028,2,0,3111,,,,,,10,0,0,1,1324,1514
4.430,fq_codel,1514,1,0,3120,,,,,,10,0,1,0,1328,1514
4.441,fq_codel,0,0,0,3129,,,,,,10,0,0,0,1337,1514
4.453,fq_codel,3028,2,0,3139,,,,,,10,0,1,0,1343,1514
4.464,fq_codel,1514,1,0,3148,,,,,,10,0,0,1,1347,1514
4.476,fq_codel,1514,1,0,3158,,,,,,10,0,1,0,1353,1514
4.487,fq_codel,1514,1,0,3167,,,,,,10,0,1,0,1361,1514
4.498,fq_codel,1514,1,0,3177,,,,,,10,0,0,1,1366,1514
4.510,fq_codel,3028,2,0,3186,,,,,,10,0,1,0,1371,1514
4.521,fq_codel,3028,2,0,3196,,,,,,10,0,0,1,1372,1514
4.533,fq_codel,4542,3,0,3206,,,,,,10,0,0,1,1372,1514
4.545,fq_codel,4542,3,0,3216,,,,,,10,0,0,1,1372,1514
4.556,fq_codel,4542,3,0,3226,,,,,,10,0,0,1,1372,1514
4.568,fq_codel,4542,3,0,3235,,,,,,10,0,0,1,1372,1514
4.580,fq_codel,4542,3,0,3245,,,,,,10,0,0,1,1372,1514
4.592,fq_codel,4542,3,0,3255,,,,,,10,0,0,1,1372,1514
4.604,fq_codel,6056,4,0,3264,,,,,,10,0,0,1,1372,1514
4.615,fq_codel,4542,3,0,3275,,,,,,10,0,0,1,1373,1514
4.627,fq_codel,7570,5,0,3284,,,,,,10,0,0,1,1373,1514
4.638,fq_codel,7570,5,0,3294,,,,,,10,0,0,1,1373,1514
4.649,fq_codel,6056,4,0,3303,,,,,,10,0,0,1,1373,1514
4.661,fq_codel,4542,3,0,3313,,,,,,10,0,0,1,1373,1514
4.672,fq_codel,9084,6,0,3322,,,,,,10,0,0,1,1373,1514
4.684,fq_codel,7570,5,0,3331,,,,,,10,0,0,1,1373,1514
4.695,fq_codel,7570,5,0,3341,,,,,,10,0,0,1,1373,1514
4.706,fq_codel,9084,6,0,3350,,,,,,10,0,0,1,1373,1514
4.718,fq_codel,9084,6,0,3361,,,,,,10,0,0,1,1374,1514
4.729,fq_codel,9084,6,0,3371,,,,,,10,0,0,1,1374,1514
4.742,fq_codel,9084,6,0,3381,,,,,,10,0,0,1,1374,1514
4.754,fq_codel,10598,7,0,3390,,,,,,10,0,0,1,1374,1514
4.765,fq_codel,12112,8,0,3400,,,,,,10,0,0,1,1374,1514
4.777,fq_codel,10598,7,0,3409,,,,,,10,0,0,1,1374,1514
4.788,fq_codel,12112,8,0,3418,,,,,,10,0,0,1,1374,1514
4.799,fq_codel,12112,8,0,3428,,,,,,10,0,0,1,1374,1514
4.811,fq_codel,13626,9,0,3437,,,,,,10,0,0,1,1374,1514
4.822,fq_codel,13626,9,0,3448,,,,,,11,0,0,1,1375,1514
4.834,fq_codel,15140,10,0,3457,,,,,,11,0,0,1,1375,1514
4.846,fq_codel,13626,9,0,3468,,,,,,11,0,0,1,1375,1514
4.858,fq_codel,13626,9,0,3477,,,,,,11,0,0,1,1375,1514
4.869,fq_codel,4542,3,0,3487,,,,,,11,0,0,1,1375,1514
4.881,fq_codel,0,0,0,3494,,,,,,11,0,0,0,1378,1514
4.892,fq_codel,0,0,0,3498,,,,,,11,0,0,0,1382,1514
4.903,fq_codel,0,0,0,3503,,,,,,11,0,0,0,1387,1514
4.915,fq_codel,0,0,0,3511,,,,,,11,0,0,0,1394,1514
4.926,fq_codel,0,0,0,3517,,,,,,11,0,0,0,1398,1514
4.938,fq_codel,1514,1,0,3523,,,,,,11,0,1,0,1404,1514
4.949,fq_codel,3028,2,0,3527,,,,,,11,0,1,0,1408,1514
4.960,fq_codel,3028,2,0,3536,,,,,,11,0,1,0,1412,1514
4.971,fq_codel,0,0,0,3541,,,,,,11,0,0,0,1416,1514
4.983,fq_codel,0,0,0,3545,,,,,,11,0,0,0,1420,1514
4.994,fq_codel,1514,1,0,3553,,,,,,11,0,0,1,1426,1514
5.006,fq_codel,1514,1,0,3562,,,,,,11,0,1,0,1431,1514
5.017,fq_codel,0,0,0,3567,,,,,,11,0,0,0,1436,1514
5.028,fq_codel,0,0,0,3571,,,,,,11,0,0,0,1440,1514
5.040,fq_codel,1514,1,0,3580,,,,,,11,0,0,1,1447,1514
5.051,fq_codel,0,0,0,3587,,,,,,11,0,0,0,1450,1514
5.062,fq_codel,0,0,0,3593,,,,,,11,0,0,0,1456,1514
5.073,fq_codel,0,0,0,3597,,,,,,11,0,0,0,1460,1514
5.085,fq_codel,1514,1,0,3607,,,,,,11,0,0,1,1468,1514
5.096,fq_codel,0,0,0,3614,,,,,,11,0,0,0,1472,1514
5.108,fq_codel,0,0,0,3620,,,,,,11,0,0,0,1478,1514
5.119,fq_codel,1514,1,0,3628,,,,,,11,0,0,1,1485,1514
5.131,fq_codel,3028,2,0,3637,,,,,,11,0,1,0,1490,1514
5.142,fq_codel,0,0,0,3643,,,,,,11,0,0,0,1493,1514
5.154,fq_codel,0,0,0,3647,,,,,,11,0,0,0,1497,1514
5.165,fq_codel,1514,1,0,3658,,,,,,11,0,0,1,1504,1514
5.176,fq_codel,3028,2,0,3668,,,,,,11,0,0,1,1504,1514
5.188,fq_codel,0,0,0,3673,,,,,,11,0,0,0,1508,1514
5.199,fq_codel,1514,1,0,3679,,,,,,11,0,1,0,1514,1514
5.210,fq_codel,3028,2,0,3689,,,,,,11,0,1,0,1521,1514
5.221,fq_codel,3028,2,0,3699,,,,,,11,0,0,1,1523,1514
5.233,fq_codel,0,0,0,3704,,,,,,11,0,0,0,1527,1514
5.244,fq_codel,1514,1,0,3712,,,,,,11,0,1,0,1535,1514
5.255,fq_codel,3028,2,0,3723,,,,,,11,0,1,0,1541,1514
5.269,fq_codel,0,0,0,3732,,,,,,11,0,0,0,1547,1514
5.280,fq_codel,1514,1,0,3738,,,,,,11,0,1,0,1553,1514
5.292,fq_codel,1514,1,0,3747,,,,,,11,0,0,1,1561,1514
5.303,fq_codel,1514,1,0,3757,,,,,,11,0,0,1,1566,1514
5.315,fq_codel,0,0,0,3765,,,,,,11,0,0,0,1572,1514
5.326,fq_codel,0,0,0,3771,,,,,,11,0,0,0,1578,1514
5.337,fq_codel,1514,1,0,3781,,,,,,11,0,0,1,1587,1514
5.348,fq_codel,1514,1,0,3791,,,,,,11,0,0,1,1592,1514
5.360,fq_codel,1514,1,0,3797,,,,,,11,0,1,0,1597,1514
5.371,fq_codel,0,0,0,3806,,,,,,11,0,0,0,1606,1514
5.382,fq_codel,3028,2,0,3816,,,,,,11,0,1,0,1612,1514
5.394,fq_codel,1514,1,0,3825,,,,,,11,0,0,1,1616,1514
5.405,fq_codel,1514,1,0,3832,,,,,,11,0,1,0,1622,1514
5.416,fq_codel,1514,1,0,3843,,,,,,11,0,0,1,1631,1514
5.428,fq_codel,3028,2,0,3852,,,,,,11,0,0,1,1632,1514
5.439,fq_codel,0,0,0,3861,,,,,,11,0,0,0,1632,1514
5.451,fq_codel,1514,1,0,3870,,,,,,11,0,1,0,1641,1514
5.462,fq_codel,3028,2,0,3880,,,,,,11,0,1,0,1649,1514
5.474,fq_codel,1514,1,0,3889,,,,,,11,0,0,1,1653,1514
5.485,fq_codel,1514,1,0,3899,,,,,,11,0,0,1,1658,1514
5.497,fq_codel,1514,1,0,3908,,,,,,11,0,0,1,1662,1514
5.508,fq_codel,3028,2,0,3917,,,,,,11,0,1,0,1669,1514
5.519,fq_codel,3028,2,0,3928,,,,,,11,0,0,1,1672,1514
5.531,fq_codel,1514,1,0,3937,,,,,,11,0,0,1,1672,1514
5.542,fq_codel,4542,3,0,3947,,,,,,11,0,0,1,1672,1514
5.554,fq_codel,3028,2,0,3956,,,,,,11,0,0,1,1672,1514
5.565,fq_codel,4542,3,0,3965,,,,,,11,0,0,1,1672,1514
5.576,fq_codel,4542,3,0,3975,,,,,,11,0,0,1,1672,1514
5.588,fq_codel,4542,3,0,3984,,,,,,11,0,0,1,1672,1514
5.599,fq_codel,6056,4,0,3993,,,,,,11,0,0,1,1672,1514
5.610,fq_codel,6056,4,0,4003,,,,,,11,0,0,1,1672,1514
5.621,fq_codel,4542,3,0,4013,,,,,,11,0,0,1,1673,1514
5.633,fq_codel,6056,4,0,4022,,,,,,11,0,0,1,1673,1514
5.644,fq_codel,6056,4,0,4032,,,,,,11,0,0,1,1673,1514
5.655,fq_codel,7570,5,0,4041,,,,,,11,0,0,1,1673,1514
5.667,fq_codel,6056,4,0,4050,,,,,,11,0,0,1,1673,1514
5.678,fq_codel,7570,5,0,4060,,,,,,11,0,0,1,1673,1514
5.689,fq_codel,9084,6,0,4069,,,,,,11,0,0,1,1673,1514
5.701,fq_codel,9084,6,0,4079,,,,,,11,0,0,1,1673,1514
5.712,fq_codel,7570,5,0,4088,,,,,,11,0,0,1,1673,1514
5.724,fq_codel,7570,5,0,4098,,,,,,11,0,0,1,1674,1514
5.735,fq_codel,9084,6,0,4108,,,,,,11,0,0,1,1674,1514
5.746,fq_codel,10598,7,0,4117,,,,,,11,0,0,1,1674,1514
5.758,fq_codel,10598,7,0,4127,,,,,,11,0,0,1,1674,1514
5.769,fq_codel,9084,6,0,4136,,,,,,11,0,0,1,1674,1514
5.781,fq_codel,12112,8,0,4145,,,,,,11,0,0,1,1674,1514
5.792,fq_codel,12112,8,0,4155,,,,,,11,0,0,1,1674,1514
5.803,fq_codel,10598,7,0,4164,,,,,,11,0,0,1,1674,1514
5.815,fq_codel,10598,7,0,4174,,,,,,11,0,0,1,1674,1514
5.827,fq_codel,13626,9,0,4185,,,,,,11,0,0,1,1675,1514
5.839,fq_codel,12112,8,0,4194,,,,,,12,0,0,1,1675,1514
5.850,fq_codel,12112,8,0,4204,,,,,,12,0,0,1,1675,1514
5.862,fq_codel,13626,9,0,4213,,,,,,12,0,0,1,1675,1514
5.873,fq_codel,13626,9,0,4222,,,,,,12,0,0,1,1675,1514
5.884,fq_codel,4542,3,0,4232,,,,,,12,0,0,1,1675,1514
5.896,fq_codel,0,0,0,4239,,,,,,12,0,0,0,1678,1514
5.907,fq_codel,0,0,0,4244,,,,,,12,0,0,0,1683,1514
5.918,fq_codel,0,0,0,4249,,,,,,12,0,0,0,1688,1514
5.930,fq_codel,0,0,0,4256,,,,,,12,0,0,0,1695,1514
5.941,fq_codel,0,0,0,4262,,,,,,12,0,0,0,1701,1514
5.952,fq_codel,1514,1,0,4268,,,,,,12,0,1,0,1707,1514
5.964,fq_codel,3028,2,0,4272,,,,,,12,0,1,0,1711,1514
5.975,fq_codel,1514,1,0,4282,,,,,,12,0,0,1,1713,1514
5.986,fq_codel,0,0,0,4286,,,,,,12,0,0,0,1717,1514
5.998,fq_codel,0,0,0,4290,,,,,,12,0,0,0,1721,1514
6.009,fq_codel,1514,1,0,4298,,,,,,12,0,0,1,1727,1514
6.020,fq_codel,1514,1,0,4308,,,,,,12,0,0,1,1729,1514
6.032,fq_codel,0,0,0,4312,,,,,,12,0,0,0,1733,1514
6.043,fq_codel,0,0,0,4316,,,,,,12,0,0,0,1737,1514
6.054,fq_codel,1514,1,0,4325,,,,,,12,0,0,1,1744,1514
6.066,fq_codel,0,0,0,4332,,,,,,12,0,0,0,1747,1514
6.077,fq_codel,0,0,0,4338,,,,,,12,0,0,0,1753,1514
6.088,fq_codel,0,0,0,4342,,,,,,12,0,0,0,1757,1514
6.099,fq_codel,1514,1,0,4352,,,,,,12,0,0,1,1765,1514
6.111,fq_codel,0,0,0,4359,,,,,,12,0,0,0,1769,1514
6.122,fq_codel,1514,1,0,4366,,,,,,12,0,1,0,1776,1514
6.133,fq_codel,3028,2,0,4372,,,,,,12,0,1,0,1782,1514
6.145,fq_codel,3028,2,0,4382,,,,,,12,0,1,0,1787,1514
6.156,fq_codel,0,0,0,4390,,,,,,12,0,0,0,1792,1514
6.171,fq_codel,0,0,0,4394,,,,,,12,0,0,0,1796,1514
6.182,fq_codel,3028,2,0,4405,,,,,,12,0,1,0,1805,1514
6.193,fq_codel,0,0,0,4413,,,,,,12,0,0,0,1808,1514
6.205,fq_codel,1514,1,0,4419,,,,,,12,0,1,0,1814,1514
6.216,fq_codel,0,0,0,4425,,,,,,12,0,0,0,1820,1514
6.228,fq_codel,3028,2,0,4436,,,,,,12,0,0,1,1822,1514
6.239,fq_codel,0,0,0,4444,,,,,,12,0,0,0,1822,1514
6.250,fq_codel,0,0,0,4448,,,,,,12,0,0,0,1826,1514
6.262,fq_codel,3028,2,0,4459,,,,,,12,0,1,0,1837,1514
6.274,fq_codel,1514,1,0,4468,,,,,,12,0,0,1,1841,1514
6.285,fq_codel,0,0,0,4475,,,,,,12,0,0,0,1844,1514
6.297,fq_codel,0,0,0,4481,,,,,,12,0,0,0,1850,1514
6.308,fq_codel,1514,1,0,4492,,,,,,12,0,0,1,1858,1514
6.320,fq_codel,3028,2,0,4502,,,,,,12,0,0,1,1863,1514
6.331,fq_codel,0,0,0,4508,,,,,,12,0,0,0,1866,1514
6.342,fq_codel,1514,1,0,4516,,,,,,12,0,1,0,1874,1514
6.353,fq_codel,1514,1,0,4526,,,,,,12,0,0,1,1881,1514
6.365,fq_codel,3028,2,0,4535,,,,,,12,0,1,0,1886,1514
6.376,fq_codel,0,0,0,4541,,,,,,12,0,0,0,1890,1514
6.388,fq_codel,3028,2,0,4551,,,,,,12,0,1,0,1900,1514
6.399,fq_codel,1514,1,0,4560,,,,,,12,0,0,1,1904,1514
6.410,fq_codel,1514,1,0,4570,,,,,,12,0,0,1,1909,1514
6.421,fq_codel,1514,1,0,4578,,,,,,12,0,0,1,1914,1514
6.433,fq_codel,3028,2,0,4587,,,,,,12,0,1,0,1923,1514
6.444,fq_codel,3028,2,0,4597,,,,,,12,0,1,0,1928,1514
6.456,fq_codel,1514,1,0,4606,,,,,,12,0,1,0,1933,1514
6.468,fq_codel,1514,1,0,4615,,,,,,12,0,1,0,1942,1514
6.479,fq_codel,3028,2,0,4625,,,,,,12,0,1,0,1949,1514
6.491,fq_codel,1514,1,0,4634,,,,,,12,0,0,1,1953,1514
6.503,fq_codel,1514,1,0,4644,,,,,,12,0,1,0,1960,1514
6.514,fq_codel,1514,1,0,4653,,,,,,12,0,1,0,1969,1514
6.526,fq_codel,1514,1,0,4664,,,,,,12,0,0,1,1972,1514
6.537,fq_codel,3028,2,0,4673,,,,,,12,0,0,1,1972,1514
6.549,fq_codel,3028,2,0,4683,,,,,,12,0,0,1,1972,1514
6.560,fq_codel,3028,2,0,4693,,,,,,12,0,0,1,1972,1514
6.572,fq_codel,4542,3,0,4702,,,,,,12,0,0,1,1972,1514
6.583,fq_codel,4542,3,0,4712,,,,,,12,0,0,1,1972,1514
6.595,fq_codel,3028,2,0,4722,,,,,,12,0,0,1,1972,1514
6.607,fq_codel,6056,4,0,4732,,,,,,12,0,0,1,1972,1514
6.619,fq_codel,4542,3,0,4742,,,,,,12,0,0,1,1973,1514
6.631,fq_codel,4542,3,0,4752,,,,,,12,0,0,1,1973,1514
6.642,fq_codel,4542,3,0,4761,,,,,,12,0,0,1,1973,1514
6.654,fq_codel,6056,4,0,4771,,,,,,12,0,0,1,1973,1514
6.665,fq_codel,7570,5,0,4780,,,,,,12,0,0,1,1973,1514
6.677,fq_codel,7570,5,0,4790,,,,,,12,0,0,1,1973,1514
6.688,fq_codel,7570,5,0,4799,,,,,,12,0,0,1,1973,1514
6.700,fq_codel,9084,6,0,4808,,,,,,12,0,0,1,1973,1514
6.711,fq_codel,9084,6,0,4818,,,,,,12,0,0,1,1973,1514
6.723,fq_codel,9084,6,0,4829,,,,,,12,0,0,1,1974,1514
6.735,fq_codel,9084,6,0,4839,,,,,,12,0,0,1,1974,1514
6.746,fq_codel,10598,7,0,4848,,,,,,12,0,0,1,1974,1514
6.758,fq_codel,10598,7,0,4858,,,,,,12,0,0,1,1974,1514
6.770,fq_codel,9084,6,0,4867,,,,,,12,0,0,1,1974,1514
6.781,fq_codel,9084,6,0,4877,,,,,,12,0,0,1,1974,1514
6.793,fq_codel,12112,8,0,4886,,,,,,12,0,0,1,1974,1514
6.804,fq_codel,12112,8,0,4896,,,,,,12,0,0,1,1974,1514
6.815,fq_codel,10598,7,0,4905,,,,,,12,0,0,1,1974,1514
6.827,fq_codel,10598,7,0,4916,,,,,,12,0,0,1,1975,1514
6.839,fq_codel,12112,8,0,4925,,,,,,12,0,0,1,1975,1514
6.850,fq_codel,12112,8,0,4935,,,,,,13,0,0,1,1975,1514
6.861,fq_codel,13626,9,0,4944,,,,,,13,0,0,1,1975,1514
6.873,fq_codel,12112,8,0,4953,,,,,,13,0,0,1,1975,1514
6.884,fq_codel,13626,9,0,4964,,,,,,13,0,0,1,1975,1514
6.897,fq_codel,6056,4,0,4974,,,,,,13,0,0,1,1975,1514
6.909,fq_codel,0,0,0,4981,,,,,,13,0,0,0,1977,1514
6.920,fq_codel,0,0,0,4987,,,,,,13,0,0,0,1983,1514
6.931,fq_codel,0,0,0,4992,,,,,,13,0,0,0,1988,1514
6.943,fq_codel,1514,1,0,4999,,,,,,13,0,1,0,1995,1514
6.954,fq_codel,0,0,0,5005,,,,,,13,0,0,0,2001,1514
6.965,fq_codel,0,0,0,5009,,,,,,13,0,0,0,2005,1514
6.976,fq_codel,0,0,0,5013,,,,,,13,0,0,0,2009,1514
6.988,fq_codel,1514,1,0,5023,,,,,,13,0,0,1,2014,1514
6.999,fq_codel,1514,1,0,5029,,,,,,13,0,1,0,2019,1514
7.010,fq_codel,0,0,0,5033,,,,,,13,0,0,0,2023,1514
7.021,fq_codel,3028,2,0,5040,,,,,,13,0,0,1,2029,1514
7.033,fq_codel,1514,1,0,5049,,,,,,13,0,0,1,2029,1514
7.044,fq_codel,1514,1,0,5055,,,,,,13,0,1,0,2034,1514
7.055,fq_codel,0,0,0,5059,,,,,,13,0,0,0,2038,1514
7.067,fq_codel,1514,1,0,5066,,,,,,13,0,0,1,2044,1514
7.078,fq_codel,1514,1,0,5075,,,,,,13,0,0,1,2048,1514
7.089,fq_codel,0,0,0,5079,,,,,,13,0,0,0,2052,1514
7.101,fq_codel,0,0,0,5083,,,,,,13,0,0,0,2056,1514
7.112,fq_codel,1514,1,0,5093,,,,,,13,0,0,1,2065,1514
7.123,fq_codel,0,0,0,5103,,,,,,13,0,0,0,2070,1514
7.134,fq_codel,0,0,0,5107,,,,,,13,0,0,0,2074,1514
7.146,fq_codel,1514,1,0,5113,,,,,,13,0,1,0,2080,1514
7.157,fq_codel,3028,2,0,5123,,,,,,13,0,1,0,2086,1514
7.168,fq_codel,1514,1,0,5131,,,,,,13,0,1,0,2090,1514
7.180,fq_codel,0,0,0,5135,,,,,,13,0,0,0,2094,1514
7.191,fq_codel,1514,1,0,5143,,,,,,13,0,1,0,2102,1514
7.203,fq_codel,3028,2,0,5152,,,,,,13,0,1,0,2107,1514
7.214,fq_codel,1514,1,0,5160,,,,,,13,0,1,0,2111,1514
7.225,fq_codel,1514,1,0,5165,,,,,,13,0,1,0,2116,1514
7.237,fq_codel,1514,1,0,5174,,,,,,13,0,0,1,2123,1514
7.248,fq_codel,1514,1,0,5184,,,,,,13,0,0,1,2128,1514
7.260,fq_codel,1514,1,0,5191,,,,,,13,0,1,0,2133,1514
7.271,fq_codel,1514,1,0,5197,,,,,,13,0,1,0,2139,1514
7.283,fq_codel,3028,2,0,5206,,,,,,13,0,0,1,2144,1514
7.294,fq_codel,0,0,0,5215,,,,,,13,0,0,0,2144,1514
7.306,fq_codel,0,0,0,5220,,,,,,13,0,0,0,2147,1514
7.317,fq_codel,3028,2,0,5230,,,,,,13,0,1,0,2157,1514
7.328,fq_codel,1514,1,0,5240,,,,,,13,0,0,1,2159,1514
7.340,fq_codel,0,0,0,5248,,,,,,13,0,0,0,2159,1514
7.351,fq_codel,1514,1,0,5255,,,,,,13,0,1,0,2166,1514
7.363,fq_codel,3028,2,0,5264,,,,,,13,0,1,0,2175,1514
7.374,fq_codel,3028,2,0,5274,,,,,,13,0,1,0,2180,1514
7.385,fq_codel,0,0,0,5281,,,,,,13,0,0,0,2183,1514
7.397,fq_codel,0,0,0,5288,,,,,,13,0,0,0,2190,1514
7.408,fq_codel,1514,1,0,5299,,,,,,13,0,0,1,2198,1514
7.419,fq_codel,3028,2,0,5308,,,,,,13,0,1,0,2203,1514
7.431,fq_codel,0,0,0,5316,,,,,,13,0,0,0,2206,1514
7.442,fq_codel,0,0,0,5325,,,,,,13,0,0,0,2215,1514
7.454,fq_codel,1514,1,0,5335,,,,,,13,0,0,1,2222,1514
7.465,fq_codel,1514,1,0,5345,,,,,,13,0,0,1,2227,1514
7.476,fq_codel,1514,1,0,5353,,,,,,13,0,1,0,2234,1514
7.487,fq_codel,3028,2,0,5362,,,,,,13,0,1,0,2243,1514
7.499,fq_codel,3028,2,0,5372,,,,,,13,0,1,0,2248,1514
7.510,fq_codel,1514,1,0,5381,,,,,,13,0,0,1,2252,1514
7.522,fq_codel,0,0,0,5391,,,,,,13,0,0,0,2260,1514
7.533,fq_codel,1514,1,0,5401,,,,,,13,0,0,1,2264,1514
7.544,fq_codel,3028,2,0,5410,,,,,,13,0,0,1,2264,1514
7.556,fq_codel,3028,2,0,5420,,,,,,13,0,0,1,2264,1514
7.567,fq_codel,3028,2,0,5429,,,,,,13,0,1,0,2266,1514
7.579,fq_codel,4542,3,0,5439,,,,,,13,0,0,1,2268,1514
7.590,fq_codel,3028,2,0,5448,,,,,,13,0,0,1,2268,1514
7.601,fq_codel,4542,3,0,5457,,,,,,13,0,0,1,2268,1514
7.612,fq_codel,4542,3,0,5466,,,,,,13,0,0,1,2268,1514
7.624,fq_codel,4542,3,0,5477,,,,,,13,0,0,1,2269,1514
7.635,fq_codel,6056,4,0,5486,,,,,,13,0,0,1,2269,1514
7.646,fq_codel,4542,3,0,5495,,,,,,13,0,0,1,2269,1514
7.658,fq_codel,6056,4,0,5505,,,,,,13,0,0,1,2269,1514
7.669,fq_codel,6056,4,0,5514,,,,,,13,0,0,1,2269,1514
7.680,fq_codel,6056,4,0,5524,,,,,,13,0,0,1,2269,1514
7.692,fq_codel,7570,5,0,5533,,,,,,13,0,0,1,2269,1514
7.703,fq_codel,7570,5,0,5542,,,,,,13,0,0,1,2269,1514
7.714,fq_codel,7570,5,0,5552,,,,,,13,0,0,1,2269,1514
7.726,fq_codel,9084,6,0,5562,,,,,,13,0,0,1,2270,1514
7.737,fq_codel,7570,5,0,5571,,,,,,13,0,0,1,2270,1514
7.748,fq_codel,7570,5,0,5581,,,,,,13,0,0,1,2270,1514
7.760,fq_codel,9084,6,0,5590,,,,,,13,0,0,1,2270,1514
7.771,fq_codel,10598,7,0,5599,,,,,,13,0,0,1,2270,1514
7.782,fq_codel,9084,6,0,5608,,,,,,13,0,0,1,2270,1514
7.793,fq_codel,9084,6,0,5618,,,,,,13,0,0,1,2270,1514
7.805,fq_codel,12112,8,0,5627,,,,,,13,0,0,1,2270,1514
7.816,fq_codel,12112,8,0,5637,,,,,,13,0,0,1,2270,1514
7.828,fq_codel,10598,7,0,5647,,,,,,13,0,0,1,2271,1514
7.839,fq_codel,10598,7,0,5657,,,,,,13,0,0,1,2271,1514
7.851,fq_codel,12112,8,0,5666,,,,,,13,0,0,1,2271,1514
7.862,fq_codel,13626,9,0,5675,,,,,,14,0,0,1,2271,1514
7.873,fq_codel,13626,9,0,5685,,,,,,14,0,0,1,2271,1514
7.885,fq_codel,12112,8,0,5694,,,,,,14,0,0,1,2271,1514
7.896,fq_codel,13626,9,0,5703,,,,,,14,0,0,1,2271,1514
7.907,fq_codel,9084,6,0,5713,,,,,,14,0,0,1,2271,1514
7.919,fq_codel,1514,1,0,5722,,,,,,14,0,0,1,2271,1514
7.930,fq_codel,0,0,0,5728,,,,,,14,0,0,0,2277,1514
7.942,fq_codel,0,0,0,5733,,,,,,14,0,0,0,2282,1514
7.953,fq_codel,0,0,0,5738,,,,,,14,0,0,0,2286,1514
7.965,fq_codel,0,0,0,5746,,,,,,14,0,0,0,2292,1514
7.976,fq_codel,0,0,0,5750,,,,,,14,0,0,0,2296,1514
7.987,fq_codel,0,0,0,5756,,,,,,14,0,0,0,2302,1514
7.999,fq_codel,3028,2,0,5763,,,,,,14,0,1,0,2306,1514
8.010,fq_codel,0,0,0,5770,,,,,,14,0,0,0,2310,1514
8.021,fq_codel,0,0,0,5774,,,,,,14,0,0,0,2314,1514
8.033,fq_codel,0,0,0,5779,,,,,,14,0,0,0,2319,1514
8.044,fq_codel,3028,2,0,5789,,,,,,14,0,1,0,2325,1514
8.055,fq_codel,0,0,0,5796,,,,,,14,0,0,0,2330,1514
8.066,fq_codel,0,0,0,5800,,,,,,14,0,0,0,2334,1514
8.078,fq_codel,1514,1,0,5806,,,,,,14,0,1,0,2340,1514
8.089,fq_codel,1514,1,0,5816,,,,,,14,0,0,1,2342,1514
8.101,fq_codel,1514,1,0,5822,,,,,,14,0,1,0,2347,1514
8.112,fq_codel,0,0,0,5826,,,,,,14,0,0,0,2351,1514
8.123,fq_codel,1514,1,0,5834,,,,,,14,0,1,0,2359,1514
8.135,fq_codel,1514,1,0,5844,,,,,,14,0,0,1,2360,1514
8.146,fq_codel,1514,1,0,5850,,,,,,14,0,1,0,2366,1514
8.157,fq_codel,1514,1,0,5854,,,,,,14,0,1,0,2370,1514
8.169,fq_codel,1514,1,0,5863,,,,,,14,0,0,1,2376,1514
8.180,fq_codel,0,0,0,5872,,,,,,14,0,0,0,2380,1514
8.191,fq_codel,0,0,0,5876,,,,,,14,0,0,0,2384,1514
8.203,fq_codel,1514,1,0,5884,,,,,,14,0,1,0,2392,1514
8.214,fq_codel,3028,2,0,5893,,,,,,14,0,1,0,2398,1514
8.226,fq_codel,0,0,0,5902,,,,,,14,0,0,0,2403,1514
8.237,fq_codel,0,0,0,5906,,,,,,14,0,0,0,2407,1514
8.248,fq_codel,1514,1,0,5915,,,,,,14,0,0,1,2415,1514
8.260,fq_codel,1514,1,0,5925,,,,,,14,0,0,1,2420,1514
8.272,fq_codel,0,0,0,5932,,,,,,14,0,0,0,2424,1514
8.283,fq_codel,1514,1,0,5938,,,,,,14,0,1,0,2430,1514
8.295,fq_codel,3028,2,0,5947,,,,,,14,0,1,0,2438,1514
8.306,fq_codel,3028,2,0,5957,,,,,,14,0,1,0,2443,1514
8.317,fq_codel,0,0,0,5963,,,,,,14,0,0,0,2448,1514
8.329,fq_codel,0,0,0,5970,,,,,,14,0,0,0,2454,1514
8.340,fq_codel,1514,1,0,5981,,,,,,14,0,0,1,2456,1514
8.351,fq_codel,3028,2,0,5990,,,,,,14,0,0,1,2456,1514
8.363,fq_codel,0,0,0,5994,,,,,,14,0,0,0,2459,1514
8.374,fq_codel,0,0,0,6004,,,,,,14,0,0,0,2469,1514
8.385,fq_codel,1514,1,0,6014,,,,,,14,0,0,1,2475,1514
8.397,fq_codel,0,0,0,6022,,,,,,14,0,0,0,2479,1514
8.408,fq_codel,0,0,0,6029,,,,,,14,0,0,0,2485,1514
8.419,fq_codel,3028,2,0,6039,,,,,,14,0,1,0,2494,1514
8.431,fq_codel,3028,2,0,6050,,,,,,14,0,0,1,2497,1514
8.442,fq_codel,0,0,0,6057,,,,,,14,0,0,0,2497,1514
8.454,fq_codel,0,0,0,6066,,,,,,14,0,0,0,2506,1514
8.465,fq_codel,1514,1,0,6076,,,,,,14,0,0,1,2514,1514
8.477,fq_codel,1514,1,0,6086,,,,,,14,0,0,1,2519,1514
8.489,fq_codel,1514,1,0,6094,,,,,,14,0,1,0,2525,1514
8.500,fq_codel,0,0,0,6103,,,,,,14,0,0,0,2534,1514
8.511,fq_codel,3028,2,0,6113,,,,,,14,0,1,0,2540,1514
8.523,fq_codel,3028,2,0,6123,,,,,,14,0,1,0,2545,1514
8.534,fq_codel,1514,1,0,6133,,,,,,14,0,0,1,2550,1514
8.546,fq_codel,3028,2,0,6143,,,,,,14,0,0,1,2554,1514
8.558,fq_codel,3028,2,0,6153,,,,,,14,0,0,1,2554,1514
8.570,fq_codel,1514,1,0,6162,,,,,,14,0,0,1,2555,1514
8.581,fq_codel,3028,2,0,6172,,,,,,14,0,1,0,2560,1514
8.593,fq_codel,4542,3,0,6182,,,,,,14,0,0,1,2562,1514
8.605,fq_codel,3028,2,0,6191,,,,,,14,0,0,1,2562,1514
8.616,fq_codel,3028,2,0,6201,,,,,,14,0,0,1,2562,1514
8.628,fq_codel,3028,2,0,6211,,,,,,14,0,0,1,2563,1514
8.640,fq_codel,6056,4,0,6221,,,,,,14,0,0,1,2563,1514
8.651,fq_codel,4542,3,0,6230,,,,,,14,0,0,1,2563,1514
8.662,fq_codel,4542,3,0,6240,,,,,,14,0,0,1,2563,1514
8.674,fq_codel,4542,3,0,6249,,,,,,14,0,0,1,2563,1514
8.685,fq_codel,7570,5,0,6258,,,,,,14,0,0,1,2563,1514
8.696,fq_codel,7570,5,0,6268,,,,,,14,0,0,1,2563,1514
8.708,fq_codel,6056,4,0,6277,,,,,,14,0,0,1,2563,1514
8.719,fq_codel,7570,5,0,6287,,,,,,14,0,0,1,2563,1514
8.731,fq_codel,7570,5,0,6298,,,,,,14,0,0,1,2564,1514
8.743,fq_codel,9084,6,0,6307,,,,,,14,0,0,1,2564,1514
8.755,fq_codel,9084,6,0,6317,,,,,,14,0,0,1,2564,1514
8.766,fq_codel,7570,5,0,6327,,,,,,14,0,0,1,2564,1514
8.778,fq_codel,10598,7,0,6336,,,,,,14,0,0,1,2564,1514
8.790,fq_codel,10598,7,0,6346,,,,,,14,0,0,1,2564,1514
8.801,fq_codel,9084,6,0,6355,,,,,,14,0,0,1,2564,1514
8.813,fq_codel,10598,7,0,6365,,,,,,14,0,0,1,2564,1514
8.825,fq_codel,10598,7,0,6375,,,,,,14,0,0,1,2564,1514
8.836,fq_codel,12112,8,0,6385,,,,,,14,0,0,1,2565,1514
8.848,fq_codel,10598,7,0,6394,,,,,,14,0,0,1,2565,1514
8.859,fq_codel,10598,7,0,6404,,,,,,14,0,0,1,2565,1514
8.870,fq_codel,12112,8,0,6413,,,,,,14,0,0,1,2565,1514
8.882,fq_codel,13626,9,0,6422,,,,,,15,0,0,1,2565,1514
8.893,fq_codel,13626,9,0,6432,,,,,,15,0,0,1,2565,1514
8.904,fq_codel,12112,8,0,6441,,,,,,15,0,0,1,2565,1514
8.916,fq_codel,13626,9,0,6451,,,,,,15,0,0,1,2565,1514
8.927,fq_codel,6056,4,0,6460,,,,,,15,0,0,1,2565,1514
8.938,fq_codel,0,0,0,6468,,,,,,15,0,0,0,2567,1514
8.950,fq_codel,0,0,0,6473,,,,,,15,0,0,0,2572,1514
8.961,fq_codel,0,0,0,6478,,,,,,15,0,0,0,2577,1514
8.972,fq_codel,1514,1,0,6485,,,,,,15,0,1,0,2584,1514
8.984,fq_codel,0,0,0,6491,,,,,,15,0,0,0,2590,1514
8.995,fq_codel,0,0,0,6495,,,,,,15,0,0,0,2594,1514
9.006,fq_codel,0,0,0,6499,,,,,,15,0,0,0,2598,1514
9.018,fq_codel,3028,2,0,6510,,,,,,15,0,1,0,2604,1514
9.029,fq_codel,0,0,0,6516,,,,,,15,0,0,0,2609,1514
9.040,fq_codel,0,0,0,6520,,,,,,15,0,0,0,2613,1514
9.052,fq_codel,3028,2,0,6527,,,,,,15,0,0,1,2618,1514
9.063,fq_codel,0,0,0,6535,,,,,,15,0,0,0,2618,1514
9.074,fq_codel,1514,1,0,6541,,,,,,15,0,1,0,2623,1514
9.086,fq_codel,0,0,0,6545,,,,,,15,0,0,0,2627,1514
9.097,fq_codel,3028,2,0,6553,,,,,,15,0,1,0,2634,1514
9.108,fq_codel,0,0,0,6561,,,,,,15,0,0,0,2637,1514
9.119,fq_codel,1514,1,0,6567,,,,,,15,0,1,0,2643,1514
9.131,fq_codel,1514,1,0,6572,,,,,,15,0,1,0,2648,1514
9.142,fq_codel,3028,2,0,6581,,,,,,15,0,1,0,2656,1514
9.154,fq_codel,0,0,0,6589,,,,,,15,0,0,0,2660,1514
9.165,fq_codel,0,0,0,6593,,,,,,15,0,0,0,2664,1514
9.176,fq_codel,0,0,0,6599,,,,,,15,0,0,0,2670,1514
9.187,fq_codel,1514,1,0,6610,,,,,,15,0,0,1,2676,1514
9.199,fq_codel,0,0,0,6617,,,,,,15,0,0,0,2680,1514
9.210,fq_codel,0,0,0,6621,,,,,,15,0,0,0,2684,1514
9.221,fq_codel,3028,2,0,6630,,,,,,15,0,1,0,2693,1514
9.233,fq_codel,1514,1,0,6640,,,,,,15,0,0,1,2697,1514
9.244,fq_codel,0,0,0,6647,,,,,,15,0,0,0,2700,1514
9.255,fq_codel,1514,1,0,6653,,,,,,15,0,1,0,2706,1514
9.269,fq_codel,3028,2,0,6663,,,,,,15,0,1,0,2712,1514
9.281,fq_codel,1514,1,0,6673,,,,,,15,0,0,1,2716,1514
9.293,fq_codel,0,0,0,6677,,,,,,15,0,0,0,2720,1514
9.304,fq_codel,0,0,0,6685,,,,,,15,0,0,0,2726,1514
9.316,fq_codel,1514,1,0,6695,,,,,,15,0,0,1,2727,1514
9.327,fq_codel,0,0,0,6704,,,,,,15,0,0,0,2728,1514
9.338,fq_codel,0,0,0,6709,,,,,,15,0,0,0,2733,1514
9.349,fq_codel,3028,2,0,6719,,,,,,15,0,1,0,2742,1514
9.361,fq_codel,3028,2,0,6729,,,,,,15,0,1,0,2747,1514
9.372,fq_codel,1514,1,0,6737,,,,,,15,0,1,0,2752,1514
9.383,fq_codel,1514,1,0,6743,,,,,,15,0,1,0,2758,1514
9.395,fq_codel,1514,1,0,6753,,,,,,15,0,0,1,2766,1514
9.406,fq_codel,3028,2,0,6762,,,,,,15,0,1,0,2771,1514
9.417,fq_codel,0,0,0,6767,,,,,,15,0,0,0,2773,1514
9.429,fq_codel,1514,1,0,6778,,,,,,15,0,1,0,2783,1514
9.440,fq_codel,1514,1,0,6788,,,,,,15,0,0,1,2785,1514
9.451,fq_codel,3028,2,0,6797,,,,,,15,0,0,1,2785,1514
9.463,fq_codel,1514,1,0,6805,,,,,,15,0,1,0,2790,1514
9.474,fq_codel,0,0,0,6813,,,,,,15,0,0,0,2798,1514
9.486,fq_codel,3028,2,0,6824,,,,,,15,0,1,0,2805,1514
9.497,fq_codel,1514,1,0,6833,,,,,,15,0,0,1,2809,1514
9.508,fq_codel,0,0,0,6840,,,,,,15,0,0,0,2816,1514
9.519,fq_codel,3028,2,0,6850,,,,,,15,0,1,0,2825,1514
9.531,fq_codel,3028,2,0,6861,,,,,,15,0,0,1,2830,1514
9.542,fq_codel,1514,1,0,6870,,,,,,15,0,0,1,2831,1514
9.553,fq_codel,1514,1,0,6879,,,,,,15,0,0,1,2835,1514
9.565,fq_codel,1514,1,0,6889,,,,,,15,0,0,1,2838,1514
9.576,fq_codel,3028,2,0,6898,,,,,,15,0,1,0,2840,1514
9.587,fq_codel,1514,1,0,6907,,,,,,15,0,0,1,2844,1514
9.598,fq_codel,3028,2,0,6917,,,,,,15,0,1,0,2849,1514
9.610,fq_codel,3028,2,0,6926,,,,,,15,0,0,1,2850,1514
9.621,fq_codel,4542,3,0,6935,,,,,,15,0,0,1,2850,1514
9.632,fq_codel,4542,3,0,6946,,,,,,15,0,0,1,2851,1514
9.644,fq_codel,4542,3,0,6955,,,,,,15,0,0,1,2851,1514
9.655,fq_codel,4542,3,0,6965,,,,,,15,0,0,1,2851,1514
9.667,fq_codel,6056,4,0,6974,,,,,,15,0,0,1,2851,1514
9.678,fq_codel,4542,3,0,6983,,,,,,15,0,0,1,2851,1514
9.689,fq_codel,7570,5,0,6993,,,,,,15,0,0,1,2851,1514
9.701,fq_codel,6056,4,0,7002,,,,,,15,0,0,1,2851,1514
9.712,fq_codel,7570,5,0,7011,,,,,,15,0,0,1,2851,1514
9.723,fq_codel,7570,5,0,7021,,,,,,15,0,0,1,2851,1514
9.734,fq_codel,7570,5,0,7031,,,,,,15,0,0,1,2852,1514
9.746,fq_codel,9084,6,0,7040,,,,,,15,0,0,1,2852,1514
9.757,fq_codel,9084,6,0,7050,,,,,,15,0,0,1,2852,1514
9.768,fq_codel,7570,5,0,7059,,,,,,15,0,0,1,2852,1514
9.780,fq_codel,9084,6,0,7068,,,,,,15,0,0,1,2852,1514
9.791,fq_codel,9084,6,0,7078,,,,,,15,0,0,1,2852,1514
9.802,fq_codel,10598,7,0,7087,,,,,,15,0,0,1,2852,1514
9.814,fq_codel,9084,6,0,7096,,,,,,15,0,0,1,2852,1514
9.825,fq_codel,9084,6,0,7106,,,,,,15,0,0,1,2852,1514
9.837,fq_codel,12112,8,0,7116,,,,,,15,0,0,1,2853,1514
9.848,fq_codel,12112,8,0,7126,,,,,,15,0,0,1,2853,1514
9.859,fq_codel,10598,7,0,7135,,,,,,15,0,0,1,2853,1514
9.871,fq_codel,12112,8,0,7144,,,,,,15,0,0,1,2853,1514
9.882,fq_codel,12112,8,0,7154,,,,,,15,0,0,1,2853,1514
9.893,fq_codel,13626,9,0,7163,,,,,,16,0,0,1,2853,1514
9.905,fq_codel,12112,8,0,7172,,,,,,16,0,0,1,2853,1514
9.916,fq_codel,12112,8,0,7182,,,,,,16,0,0,1,2853,1514
9.927,fq_codel,13626,9,0,7191,,,,,,16,0,0,1,2853,1514
9.939,fq_codel,7570,5,0,7201,,,,,,16,0,0,1,2854,1514
9.950,fq_codel,0,0,0,7210,,,,,,16,0,0,0,2854,1514
9.961,fq_codel,0,0,0,7215,,,,,,16,0,0,0,2859,1514
9.973,fq_codel,0,0,0,7219,,,,,,16,0,0,0,2863,1514
9.984,fq_codel,1514,1,0,7226,,,,,,16,0,1,0,2870,1514
9.995,fq_codel,0,0,0,7232,,,,,,16,0,0,0,2876,1514
10.006,fq_codel,1514,1,0,7238,,,,,,16,0,1,0,2882,1514
10.018,fq_codel,0,0,0,7242,,,,,,16,0,0,0,2886,1514
10.029,fq_codel,1514,1,0,7250,,,,,,16,0,0,1,2890,1514
10.040,fq_codel,0,0,0,7257,,,,,,16,0,0,0,2895,1514
10.051,fq_codel,0,0,0,7261,,,,,,16,0,0,0,2899,1514
10.063,fq_codel,1514,1,0,7267,,,,,,16,0,1,0,2905,1514
10.074,fq_codel,1514,1,0,7276,,,,,,16,0,0,1,2909,1514
10.085,fq_codel,0,0,0,7282,,,,,,16,0,0,0,2913,1514
10.097,fq_codel,0,0,0,7286,,,,,,16,0,0,0,2917,1514
10.108,fq_codel,0,0,0,7292,,,,,,16,0,0,0,2923,1514
10.119,fq_codel,1514,1,0,7302,,,,,,16,0,0,1,2928,1514
10.130,fq_codel,0,0,0,7308,,,,,,16,0,0,0,2933,1514
10.142,fq_codel,0,0,0,7313,,,,,,16,0,0,0,2938,1514
10.153,fq_codel,3028,2,0,7322,,,,,,16,0,0,1,2944,1514
10.165,fq_codel,1514,1,0,7332,,,,,,16,0,0,1,2945,1514
10.177,fq_codel,0,0,0,7336,,,,,,16,0,0,0,2949,1514
10.189,fq_codel,1514,1,0,7342,,,,,,16,0,1,0,2955,1514
10.200,fq_codel,1514,1,0,7351,,,,,,16,0,0,1,2961,1514
10.211,fq_codel,0,0,0,7358,,,,,,16,0,0,0,2964,1514
10.223,fq_codel,0,0,0,7364,,,,,,16,0,0,0,2970,1514
10.234,fq_codel,0,0,0,7371,,,,,,16,0,0,0,2977,1514
10.245,fq_codel,1514,1,0,7381,,,,,,16,0,0,1,2978,1514
10.257,fq_codel,1514,1,0,7390,,,,,,16,0,1,0,2981,1514
10.270,fq_codel,0,0,0,7394,,,,,,16,0,0,0,2985,1514
10.281,fq_codel,1514,1,0,7404,,,,,,16,0,0,1,2993,1514
10.293,fq_codel,1514,1,0,7413,,,,,,16,0,0,1,2993,1514
10.304,fq_codel,1514,1,0,7420,,,,,,16,0,1,0,2997,1514
10.315,fq_codel,1514,1,0,7426,,,,,,16,0,1,0,3003,1514
10.327,fq_codel,3028,2,0,7436,,,,,,16,0,1,0,3010,1514
10.338,fq_codel,0,0,0,7445,,,,,,16,0,0,0,3013,1514
10.350,fq_codel,0,0,0,7450,,,,,,16,0,0,0,3016,1514
10.361,fq_codel,1514,1,0,7460,,,,,,16,0,1,0,3026,1514
10.372,fq_codel,3028,2,0,7469,,,,,,16,0,1,0,3032,1514
10.384,fq_codel,0,0,0,7477,,,,,,16,0,0,0,3035,1514
10.395,fq_codel,1514,1,0,7484,,,,,,16,0,1,0,3042,1514
10.406,fq_codel,1514,1,0,7493,,,,,,16,0,0,1,3050,1514
10.417,fq_codel,3028,2,0,7502,,,,,,16,0,1,0,3055,1514
10.429,fq_codel,0,0,0,7510,,,,,,16,0,0,0,3058,1514
10.440,fq_codel,0,0,0,7518,,,,,,16,0,0,0,3064,1514
10.452,fq_codel,3028,2,0,7529,,,,,,16,0,1,0,3074,1514
10.463,fq_codel,1514,1,0,7538,,,,,,16,0,0,1,3078,1514
10.475,fq_codel,0,0,0,7545,,,,,,16,0,0,0,3082,1514
10.487,fq_codel,1514,1,0,7556,,,,,,16,0,1,0,3093,1514
10.499,fq_codel,1514,1,0,7565,,,,,,16,0,0,1,3098,1514
10.510,fq_codel,3028,2,0,7575,,,,,,16,0,0,1,3103,1514
10.522,fq_codel,0,0,0,7583,,,,,,16,0,0,0,3110,1514
10.533,fq_codel,1514,1,0,7593,,,,,,16,0,1,0,3120,1514
10.545,fq_codel,1514,1,0,7604,,,,,,16,0,0,1,3122,1514
10.556,fq_codel,1514,1,0,7613,,,,,,16,0,0,1,3123,1514
10.568,fq_codel,0,0,0,7622,,,,,,16,0,0,0,3127,1514
10.580,fq_codel,3028,2,0,7632,,,,,,16,0,1,0,3132,1514
10.591,fq_codel,3028,2,0,7642,,,,,,16,0,1,0,3137,1514
10.603,fq_codel,1514,1,0,7652,,,,,,16,0,0,1,3141,1514
10.615,fq_codel,1514,1,0,7661,,,,,,16,0,0,1,3145,1514
10.626,fq_codel,4542,3,0,7671,,,,,,16,0,0,1,3147,1514
10.638,fq_codel,4542,3,0,7682,,,,,,16,0,0,1,3148,1514
10.650,fq_codel,4542,3,0,7691,,,,,,16,0,0,1,3148,1514
10.661,fq_codel,6056,4,0,7700,,,,,,16,0,0,1,3148,1514
10.673,fq_codel,6056,4,0,7710,,,,,,16,0,0,1,3148,1514
10.684,fq_codel,4542,3,0,7719,,,,,,16,0,0,1,3148,1514
10.696,fq_codel,6056,4,0,7729,,,,,,16,0,0,1,3148,1514
10.707,fq_codel,6056,4,0,7738,,,,,,16,0,0,1,3148,1514
10.719,fq_codel,6056,4,0,7748,,,,,,16,0,0,1,3148,1514
10.731,fq_codel,6056,4,0,7758,,,,,,16,0,0,1,3148,1514
10.742,fq_codel,6056,4,0,7768,,,,,,16,0,0,1,3149,1514
10.753,fq_codel,9084,6,0,7778,,,,,,16,0,0,1,3149,1514
10.765,fq_codel,7570,5,0,7787,,,,,,16,0,0,1,3149,1514
10.776,fq_codel,7570,5,0,7797,,,,,,16,0,0,1,3149,1514
10.788,fq_codel,7570,5,0,7806,,,,,,16,0,0,1,3149,1514
10.799,fq_codel,7570,5,0,7815,,,,,,16,0,0,1,3149,1514
10.810,fq_codel,7570,5,0,7825,,,,,,16,0,0,1,3149,1514
10.822,fq_codel,9084,6,0,7834,,,,,,16,0,0,1,3149,1514
10.833,fq_codel,10598,7,0,7843,,,,,,16,0,0,1,3149,1514
10.845,fq_codel,10598,7,0,7854,,,,,,16,0,0,1,3150,1514
10.856,fq_codel,10598,7,0,7863,,,,,,16,0,0,1,3150,1514
10.867,fq_codel,10598,7,0,7873,,,,,,16,0,0,1,3150,1514
10.879,fq_codel,12112,8,0,7882,,,,,,16,0,0,1,3150,1514
10.890,fq_codel,12112,8,0,7891,,,,,,16,0,0,1,3150,1514
10.901,fq_codel,13626,9,0,7901,,,,,,16,0,0,1,3150,1514
10.913,fq_codel,12112,8,0,7910,,,,,,17,0,0,1,3150,1514
10.924,fq_codel,13626,9,0,7919,,,,,,17,0,0,1,3150,1514
10.935,fq_codel,13626,9,0,7929,,,,,,17,0,0,1,3150,1514
10.947,fq_codel,12112,8,0,7939,,,,,,17,0,0,1,3151,1514
10.958,fq_codel,6056,4,0,7948,,,,,,17,0,0,1,3151,1514
10.970,fq_codel,0,0,0,7956,,,,,,17,0,0,0,3153,1514
10.981,fq_codel,0,0,0,7960,,,,,,17,0,0,0,3157,1514
10.992,fq_codel,0,0,0,7965,,,,,,17,0,0,0,3162,1514
11.003,fq_codel,0,0,0,7972,,,,,,17,0,0,0,3169,1514
11.015,fq_codel,0,0,0,7979,,,,,,17,0,0,0,3176,1514
11.026,fq_codel,0,0,0,7983,,,,,,17,0,0,0,3180,1514
11.038,fq_codel,1514,1,0,7991,,,,,,17,0,1,0,3187,1514
11.050,fq_codel,0,0,0,7999,,,,,,17,0,0,0,3195,1514
11.061,fq_codel,1514,1,0,8004,,,,,,17,0,1,0,3200,1514
11.072,fq_codel,0,0,0,8008,,,,,,17,0,0,0,3204,1514
11.084,fq_codel,1514,1,0,8016,,,,,,17,0,0,1,3208,1514
11.095,fq_codel,1514,1,0,8024,,,,,,17,0,1,0,3211,1514
11.106,fq_codel,1514,1,0,8029,,,,,,17,0,1,0,3216,1514
11.118,fq_codel,0,0,0,8033,,,,,,17,0,0,0,3220,1514
11.129,fq_codel,1514,1,0,8042,,,,,,17,0,0,1,3226,1514
11.140,fq_codel,0,0,0,8049,,,,,,17,0,0,0,3230,1514
11.152,fq_codel,1514,1,0,8055,,,,,,17,0,1,0,3236,1514
11.163,fq_codel,0,0,0,8060,,,,,,17,0,0,0,3241,1514
11.174,fq_codel,3028,2,0,8071,,,,,,17,0,1,0,3249,1514
11.186,fq_codel,0,0,0,8076,,,,,,17,0,0,0,3252,1514
11.197,fq_codel,1514,1,0,8082,,,,,,17,0,1,0,3258,1514
11.208,fq_codel,1514,1,0,8090,,,,,,17,0,0,1,3263,1514
11.220,fq_codel,3028,2,0,8099,,,,,,17,0,1,0,3268,1514
11.231,fq_codel,0,0,0,8104,,,,,,17,0,0,0,3272,1514
11.242,fq_codel,1514,1,0,8111,,,,,,17,0,1,0,3279,1514
11.254,fq_codel,3028,2,0,8121,,,,,,17,0,0,1,3284,1514
11.266,fq_codel,1514,1,0,8130,,,,,,17,0,1,0,3287,1514
11.277,fq_codel,0,0,0,8134,,,,,,17,0,0,0,3291,1514
11.289,fq_codel,0,0,0,8141,,,,,,17,0,0,0,3298,1514
11.300,fq_codel,1514,1,0,8152,,,,,,17,0,0,1,3304,1514
11.311,fq_codel,1514,1,0,8160,,,,,,17,0,1,0,3309,1514
11.323,fq_codel,0,0,0,8164,,,,,,17,0,0,0,3313,1514
11.334,fq_codel,3028,2,0,8174,,,,,,17,0,1,0,3323,1514
11.346,fq_codel,1514,1,0,8184,,,,,,17,0,0,1,3325,1514
11.357,fq_codel,1514,1,0,8192,,,,,,17,0,1,0,3329,1514
11.369,fq_codel,0,0,0,8198,,,,,,17,0,0,0,3335,1514
11.381,fq_codel,1514,1,0,8208,,,,,,17,0,0,1,3340,1514
11.392,fq_codel,3028,2,0,8217,,,,,,17,0,1,0,3345,1514
11.403,fq_codel,1514,1,0,8224,,,,,,17,0,1,0,3350,1514
11.415,fq_codel,1514,1,0,8232,,,,,,17,0,1,0,3358,1514
11.426,fq_codel,1514,1,0,8241,,,,,,17,0,0,1,3364,1514
11.437,fq_codel,1514,1,0,8251,,,,,,17,0,0,1,3369,1514
11.448,fq_codel,1514,1,0,8258,,,,,,17,0,1,0,3376,1514
11.460,fq_codel,3028,2,0,8267,,,,,,17,0,1,0,3385,1514
11.471,fq_codel,3028,2,0,8277,,,,,,17,0,1,0,3389,1514
11.482,fq_codel,1514,1,0,8286,,,,,,17,0,0,1,3393,1514
11.494,fq_codel,0,0,0,8292,,,,,,17,0,0,0,3399,1514
11.505,fq_codel,1514,1,0,8303,,,,,,17,0,0,1,3408,1514
11.516,fq_codel,3028,2,0,8312,,,,,,17,0,1,0,3413,1514
11.528,fq_codel,1514,1,0,8321,,,,,,17,0,0,1,3417,1514
11.539,fq_codel,0,0,0,8329,,,,,,17,0,0,0,3425,1514
11.550,fq_codel,1514,1,0,8340,,,,,,17,0,0,1,3429,1514
11.562,fq_codel,3028,2,0,8349,,,,,,17,0,0,1,3429,1514
11.573,fq_codel,0,0,0,8358,,,,,,17,0,0,0,3430,1514
11.584,fq_codel,1514,1,0,8368,,,,,,17,0,1,0,3437,1514
11.596,fq_codel,1514,1,0,8377,,,,,,17,0,0,1,3442,1514
11.607,fq_codel,1514,1,0,8387,,,,,,17,0,0,1,3447,1514
11.618,fq_codel,3028,2,0,8396,,,,,,17,0,1,0,3452,1514
11.630,fq_codel,1514,1,0,8405,,,,,,17,0,0,1,3456,1514
11.641,fq_codel,4542,3,0,8416,,,,,,17,0,0,1,3458,1514
11.652,fq_codel,3028,2,0,8425,,,,,,17,0,0,1,3458,1514
11.664,fq_codel,3028,2,0,8435,,,,,,17,0,0,1,3458,1514
11.675,fq_codel,6056,4,0,8444,,,,,,17,0,0,1,3458,1514
11.687,fq_codel,4542,3,0,8453,,,,,,17,0,0,1,3458,1514
11.698,fq_codel,4542,3,0,8463,,,,,,17,0,0,1,3458,1514
11.709,fq_codel,6056,4,0,8472,,,,,,17,0,0,1,3458,1514
11.721,fq_codel,6056,4,0,8482,,,,,,17,0,0,1,3458,1514
11.732,fq_codel,7570,5,0,8491,,,,,,17,0,0,1,3458,1514
11.744,fq_codel,6056,4,0,8501,,,,,,17,0,0,1,3459,1514
11.755,fq_codel,6056,4,0,8511,,,,,,17,0,0,1,3459,1514
11.766,fq_codel,9084,6,0,8520,,,,,,17,0,0,1,3459,1514
11.778,fq_codel,9084,6,0,8530,,,,,,17,0,0,1,3459,1514
11.789,fq_codel,7570,5,0,8539,,,,,,17,0,0,1,3459,1514
11.801,fq_codel,9084,6,0,8548,,,,,,17,0,0,1,3459,1514
11.812,fq_codel,9084,6,0,8558,,,,,,17,0,0,1,3459,1514
11.824,fq_codel,10598,7,0,8567,,,,,,17,0,0,1,3459,1514
11.835,fq_codel,10598,7,0,8577,,,,,,17,0,0,1,3459,1514
11.846,fq_codel,9084,6,0,8587,,,,,,17,0,0,1,3460,1514
11.858,fq_codel,10598,7,0,8596,,,,,,17,0,0,1,3460,1514
11.869,fq_codel,12112,8,0,8606,,,,,,17,0,0,1,3460,1514
11.880,fq_codel,10598,7,0,8615,,,,,,17,0,0,1,3460,1514
11.892,fq_codel,10598,7,0,8625,,,,,,17,0,0,1,3460,1514
11.903,fq_codel,12112,8,0,8634,,,,,,17,0,0,1,3460,1514
11.915,fq_codel,12112,8,0,8644,,,,,,17,0,0,1,3460,1514
11.926,fq_codel,13626,9,0,8653,,,,,,18,0,0,1,3460,1514
11.938,fq_codel,12112,8,0,8662,,,,,,18,0,0,1,3460,1514
11.949,fq_codel,13626,9,0,8672,,,,,,18,0,0,1,3461,1514
11.960,fq_codel,12112,8,0,8682,,,,,,18,0,0,1,3461,1514
11.971,fq_codel,4542,3,0,8691,,,,,,18,0,0,1,3461,1514
11.983,fq_codel,0,0,0,8698,,,,,,18,0,0,0,3463,1514
11.994,fq_codel,0,0,0,8703,,,,,,18,0,0,0,3468,1514
12.005,fq_codel,0,0,0,8707,,,,,,18,0,0,0,3472,1514
12.016,fq_codel,0,0,0,8714,,,,,,18,0,0,0,3477,1514
12.028,fq_codel,0,0,0,8720,,,,,,18,0,0,0,3482,1514
12.039,fq_codel,1514,1,0,8726,,,,,,18,0,1,0,3488,1514
12.050,fq_codel,3028,2,0,8731,,,,,,18,0,1,0,3493,1514
12.061,fq_codel,1514,1,0,8741,,,,,,18,0,0,1,3497,1514
12.073,fq_codel,0,0,0,8745,,,,,,18,0,0,0,3501,1514
12.084,fq_codel,0,0,0,8749,,,,,,18,0,0,0,3505,1514
12.096,fq_codel,1514,1,0,8757,,,,,,18,0,0,1,3511,1514
12.107,fq_codel,1514,1,0,8766,,,,,,18,0,1,0,3516,1514
12.119,fq_codel,0,0,0,8770,,,,,,18,0,0,0,3520,1514
12.130,fq_codel,0,0,0,8774,,,,,,18,0,0,0,3524,1514
12.141,fq_codel,1514,1,0,8783,,,,,,18,0,0,1,3530,1514
12.153,fq_codel,1514,1,0,8793,,,,,,18,0,1,0,3534,1514
12.164,fq_codel,0,0,0,8797,,,,,,18,0,0,0,3538,1514
12.175,fq_codel,0,0,0,8801,,,,,,18,0,0,0,3542,1514
12.187,fq_codel,3028,2,0,8812,,,,,,18,0,1,0,3550,1514
12.198,fq_codel,0,0,0,8818,,,,,,18,0,0,0,3553,1514
12.209,fq_codel,0,0,0,8824,,,,,,18,0,0,0,3559,1514
12.221,fq_codel,1514,1,0,8831,,,,,,18,0,0,1,3565,1514
12.232,fq_codel,1514,1,0,8842,,,,,,18,0,0,1,3570,1514
12.246,fq_codel,0,0,0,8849,,,,,,18,0,0,0,3576,1514
12.257,fq_codel,0,0,0,8853,,,,,,18,0,0,0,3580,1514
12.269,fq_codel,3028,2,0,8864,,,,,,18,0,1,0,3589,1514
12.280,fq_codel,0,0,0,8872,,,,,,18,0,0,0,3592,1514
12.292,fq_codel,1514,1,0,8878,,,,,,18,0,1,0,3598,1514
12.303,fq_codel,0,0,0,8884,,,,,,18,0,0,0,3604,1514
12.314,fq_codel,3028,2,0,8894,,,,,,18,0,1,0,3610,1514
12.326,fq_codel,0,0,0,8902,,,,,,18,0,0,0,3613,1514
12.337,fq_codel,0,0,0,8906,,,,,,18,0,0,0,3617,1514
12.348,fq_codel,3028,2,0,8918,,,,,,18,0,0,1,3626,1514
12.360,fq_codel,1514,1,0,8929,,,,,,18,0,0,1,3626,1514
12.373,fq_codel,1514,1,0,8936,,,,,,18,0,1,0,3629,1514
12.385,fq_codel,0,0,0,8942,,,,,,18,0,0,0,3635,1514
12.397,fq_codel,3028,2,0,8952,,,,,,18,0,1,0,3642,1514
12.408,fq_codel,3028,2,0,8962,,,,,,18,0,1,0,3647,1514
12.420,fq_codel,0,0,0,8966,,,,,,18,0,0,0,3650,1514
12.431,fq_codel,1514,1,0,8976,,,,,,18,0,1,0,3660,1514
12.442,fq_codel,1514,1,0,8986,,,,,,18,0,0,1,3666,1514
12.454,fq_codel,1514,1,0,8997,,,,,,18,0,0,1,3669,1514
12.466,fq_codel,0,0,0,9002,,,,,,18,0,0,0,3674,1514
12.477,fq_codel,1514,1,0,9013,,,,,,18,0,0,1,3682,1514
12.489,fq_codel,1514,1,0,9023,,,,,,18,0,0,1,3687,1514
12.501,fq_codel,0,0,0,9029,,,,,,18,0,0,0,3690,1514
12.512,fq_codel,1514,1,0,9040,,,,,,18,0,1,0,3701,1514
12.524,fq_codel,3028,2,0,9049,,,,,,18,0,1,0,3708,1514
12.535,fq_codel,3028,2,0,9059,,,,,,18,0,1,0,3713,1514
12.547,fq_codel,1514,1,0,9069,,,,,,18,0,0,1,3719,1514
12.559,fq_codel,1514,1,0,9079,,,,,,18,0,0,1,3726,1514
12.571,fq_codel,3028,2,0,9088,,,,,,18,0,1,0,3730,1514
12.583,fq_codel,0,0,0,9097,,,,,,18,0,0,0,3734,1514
12.594,fq_codel,0,0,0,9106,,,,,,18,0,0,0,3742,1514
12.606,fq_codel,3028,2,0,9117,,,,,,18,0,1,0,3752,1514
12.617,fq_codel,1514,1,0,9126,,,,,,18,0,0,1,3753,1514
12.629,fq_codel,1514,1,0,9136,,,,,,18,0,0,1,3755,1514
12.640,fq_codel,1514,1,0,9145,,,,,,18,0,0,1,3759,1514
12.652,fq_codel,3028,2,0,9156,,,,,,18,0,0,1,3762,1514
12.663,fq_codel,4542,3,0,9165,,,,,,18,0,0,1,3762,1514
12.675,fq_codel,4542,3,0,9175,,,,,,18,0,0,1,3762,1514
12.686,fq_codel,4542,3,0,9184,,,,,,18,0,0,1,3762,1514
12.698,fq_codel,6056,4,0,9193,,,,,,18,0,0,1,3762,1514
12.709,fq_codel,6056,4,0,9203,,,,,,18,0,0,1,3762,1514
12.721,fq_codel,6056,4,0,9213,,,,,,18,0,0,1,3762,1514
12.732,fq_codel,7570,5,0,9222,,,,,,18,0,0,1,3762,1514
12.744,fq_codel,7570,5,0,9232,,,,,,18,0,0,1,3762,1514
12.756,fq_codel,6056,4,0,9242,,,,,,18,0,0,1,3763,1514
12.767,fq_codel,6056,4,0,9252,,,,,,18,0,0,1,3763,1514
12.778,fq_codel,6056,4,0,9261,,,,,,18,0,0,1,3763,1514
12.790,fq_codel,9084,6,0,9271,,,,,,18,0,0,1,3763,1514
12.802,fq_codel,7570,5,0,9280,,,,,,18,0,0,1,3763,1514
12.813,fq_codel,7570,5,0,9290,,,,,,18,0,0,1,3763,1514
12.825,fq_codel,7570,5,0,9299,,,,,,18,0,0,1,3763,1514
12.836,fq_codel,9084,6,0,9309,,,,,,18,0,0,1,3763,1514
12.847,fq_codel,10598,7,0,9319,,,,,,18,0,0,1,3764,1514
12.859,fq_codel,9084,6,0,9328,,,,,,18,0,0,1,3764,1514
12.870,fq_codel,9084,6,0,9341,,,,,,18,0,0,1,3764,1514
12.886,fq_codel,12112,8,0,9351,,,,,,18,0,0,1,3764,1514
12.897,fq_codel,10598,7,0,9360,,,,,,18,0,0,1,3764,1514
12.909,fq_codel,12112,8,0,9369,,,,,,18,0,0,1,3764,1514
12.920,fq_codel,12112,8,0,9379,,,,,,18,0,0,1,3764,1514
12.931,fq_codel,13626,9,0,9388,,,,,,18,0,0,1,3764,1514
12.942,fq_codel,12112,8,0,9397,,,,,,19,0,0,1,3764,1514
12.954,fq_codel,12112,8,0,9408,,,,,,19,0,0,1,3765,1514
12.965,fq_codel,13626,9,0,9417,,,,,,19,0,0,1,3765,1514
12.976,fq_codel,10598,7,0,9426,,,,,,19,0,0,1,3765,1514
12.988,fq_codel,3028,2,0,9436,,,,,,19,0,0,1,3765,1514
12.999,fq_codel,0,0,0,9442,,,,,,19,0,0,0,3769,1514
13.010,fq_codel,0,0,0,9446,,,,,,19,0,0,0,3773,1514
13.022,fq_codel,0,0,0,9450,,,,,,19,0,0,0,3777,1514
13.033,fq_codel,0,0,0,9459,,,,,,19,0,0,0,3786,1514
13.045,fq_codel,1514,1,0,9465,,,,,,19,0,1,0,3792,1514
13.056,fq_codel,0,0,0,9470,,,,,,19,0,0,0,3797,1514
13.067,fq_codel,3028,2,0,9476,,,,,,19,0,1,0,3802,1514
13.079,fq_codel,0,0,0,9484,,,,,,19,0,0,0,3803,1514
13.090,fq_codel,1514,1,0,9490,,,,,,19,0,1,0,3809,1514
13.101,fq_codel,0,0,0,9494,,,,,,19,0,0,0,3813,1514
13.113,fq_codel,3028,2,0,9502,,,,,,19,0,0,1,3818,1514
13.124,fq_codel,0,0,0,9509,,,,,,19,0,0,0,3822,1514
13.135,fq_codel,0,0,0,9513,,,,,,19,0,0,0,3826,1514
13.147,fq_codel,1514,1,0,9519,,,,,,19,0,1,0,3832,1514
13.158,fq_codel,3028,2,0,9529,,,,,,19,0,0,1,3835,1514
13.170,fq_codel,0,0,0,9536,,,,,,19,0,0,0,3837,1514
13.181,fq_codel,0,0,0,9540,,,,,,19,0,0,0,3841,1514
13.192,fq_codel,0,0,0,9546,,,,,,19,0,0,0,3847,1514
13.203,fq_codel,1514,1,0,9557,,,,,,19,0,0,1,3854,1514
13.215,fq_codel,0,0,0,9563,,,,,,19,0,0,0,3858,1514
13.226,fq_codel,0,0,0,9567,,,,,,19,0,0,0,3862,1514
13.237,fq_codel,1514,1,0,9576,,,,,,19,0,0,1,3869,1514
13.249,fq_codel,3028,2,0,9587,,,,,,19,0,0,1,3874,1514
13.261,fq_codel,0,0,0,9592,,,,,,19,0,0,0,3878,1514
13.273,fq_codel,1514,1,0,9598,,,,,,19,0,1,0,3884,1514
13.284,fq_codel,3028,2,0,9607,,,,,,19,0,0,1,3888,1514
13.296,fq_codel,1514,1,0,9617,,,,,,19,0,0,1,3890,1514
13.307,fq_codel,0,0,0,9621,,,,,,19,0,0,0,3894,1514
13.318,fq_codel,0,0,0,9627,,,,,,19,0,0,0,3900,1514
13.330,fq_codel,1514,1,0,9638,,,,,,19,0,0,1,3906,1514
13.341,fq_codel,0,0,0,9645,,,,,,19,0,0,0,3909,1514
13.352,fq_codel,1514,1,0,9652,,,,,,19,0,1,0,3916,1514
13.364,fq_codel,3028,2,0,9661,,,,,,19,0,1,0,3925,1514
13.375,fq_codel,1514,1,0,9670,,,,,,19,0,0,1,3929,1514
13.386,fq_codel,0,0,0,9677,,,,,,19,0,0,0,3932,1514
13.398,fq_codel,0,0,0,9683,,,,,,19,0,0,0,3938,1514
13.409,fq_codel,3028,2,0,9693,,,,,,19,0,1,0,3946,1514
13.420,fq_codel,1514,1,0,9702,,,,,,19,0,0,1,3950,1514
13.432,fq_codel,0,0,0,9709,,,,,,19,0,0,0,3955,1514
13.443,fq_codel,1514,1,0,9717,,,,,,19,0,1,0,3963,1514
13.454,fq_codel,3028,2,0,9727,,,,,,19,0,0,1,3969,1514
13.465,fq_codel,3028,2,0,9737,,,,,,19,0,0,1,3969,1514
13.477,fq_codel,1514,1,0,9743,,,,,,19,0,1,0,3973,1514
13.488,fq_codel,0,0,0,9751,,,,,,19,0,0,0,3981,1514
13.499,fq_codel,3028,2,0,9761,,,,,,19,0,1,0,3987,1514
13.510,fq_codel,3028,2,0,9771,,,,,,19,0,1,0,3992,1514
13.522,fq_codel,0,0,0,9777,,,,,,19,0,0,0,3997,1514
13.533,fq_codel,3028,2,0,9788,,,,,,19,0,1,0,4008,1514
13.544,fq_codel,1514,1,0,9797,,,,,,19,0,0,1,4012,1514
13.556,fq_codel,0,0,0,9806,,,,,,19,0,0,0,4015,1514
13.567,fq_codel,0,0,0,9815,,,,,,19,0,0,0,4024,1514
13.578,fq_codel,3028,2,0,9825,,,,,,19,0,1,0,4032,1514
13.590,fq_codel,1514,1,0,9834,,,,,,19,0,0,1,4036,1514
13.601,fq_codel,0,0,0,9842,,,,,,19,0,0,0,4040,1514
13.612,fq_codel,1514,1,0,9853,,,,,,19,0,1,0,4050,1514
13.623,fq_codel,3028,2,0,9862,,,,,,19,0,1,0,4057,1514
13.635,fq_codel,1514,1,0,9871,,,,,,19,0,0,1,4061,1514
13.646,fq_codel,1514,1,0,9881,,,,,,19,0,0,1,4066,1514
13.658,fq_codel,1514,1,0,9891,,,,,,19,0,0,1,4069,1514
13.669,fq_codel,4542,3,0,9900,,,,,,19,0,0,1,4069,1514
13.680,fq_codel,4542,3,0,9910,,,,,,19,0,0,1,4069,1514
13.691,fq_codel,3028,2,0,9919,,,,,,19,0,0,1,4069,1514
13.703,fq_codel,3028,2,0,9928,,,,,,19,0,0,1,4069,1514
13.714,fq_codel,6056,4,0,9938,,,,,,19,0,0,1,4069,1514
13.725,fq_codel,4542,3,0,9947,,,,,,19,0,0,1,4069,1514
13.737,fq_codel,4542,3,0,9957,,,,,,19,0,0,1,4069,1514
13.748,fq_codel,6056,4,0,9966,,,,,,19,0,0,1,4069,1514
13.760,fq_codel,6056,4,0,9977,,,,,,19,0,0,1,4070,1514
13.771,fq_codel,7570,5,0,9986,,,,,,19,0,0,1,4070,1514
13.782,fq_codel,6056,4,0,9995,,,,,,19,0,0,1,4070,1514
13.794,fq_codel,7570,5,0,10005,,,,,,19,0,0,1,4070,1514
13.805,fq_codel,9084,6,0,10014,,,,,,19,0,0,1,4070,1514
13.816,fq_codel,7570,5,0,10023,,,,,,19,0,0,1,4070,1514
13.828,fq_codel,7570,5,0,10033,,,,,,19,0,0,1,4070,1514
13.839,fq_codel,7570,5,0,10043,,,,,,19,0,0,1,4071,1514
13.851,fq_codel,9084,6,0,10053,,,,,,19,0,0,1,4071,1514
13.862,fq_codel,10598,7,0,10063,,,,,,19,0,0,1,4072,1514
13.873,fq_codel,9084,6,0,10072,,,,,,19,0,0,1,4072,1514
13.885,fq_codel,9084,6,0,10082,,,,,,19,0,0,1,4072,1514
13.896,fq_codel,12112,8,0,10091,,,,,,19,0,0,1,4072,1514
13.908,fq_codel,10598,7,0,10100,,,,,,19,0,0,1,4072,1514
13.919,fq_codel,10598,7,0,10110,,,,,,19,0,0,1,4072,1514
13.930,fq_codel,12112,8,0,10119,,,,,,19,0,0,1,4072,1514
13.942,fq_codel,12112,8,0,10129,,,,,,19,0,0,1,4072,1514
13.953,fq_codel,13626,9,0,10139,,,,,,20,0,0,1,4073,1514
13.964,fq_codel,12112,8,0,10148,,,,,,20,0,0,1,4073,1514
13.976,fq_codel,12112,8,0,10158,,,,,,20,0,0,1,4073,1514
13.987,fq_codel,13626,9,0,10167,,,,,,20,0,0,1,4073,1514
13.998,fq_codel,6056,4,0,10176,,,,,,20,0,0,1,4073,1514
14.010,fq_codel,0,0,0,10184,,,,,,20,0,0,0,4075,1514
14.021,fq_codel,0,0,0,10189,,,,,,20,0,0,0,4080,1514
14.032,fq_codel,0,0,0,10193,,,,,,20,0,0,0,4084,1514
14.044,fq_codel,1514,1,0,10201,,,,,,20,0,1,0,4092,1514
14.055,fq_codel,0,0,0,10208,,,,,,20,0,0,0,4099,1514
14.066,fq_codel,0,0,0,10212,,,,,,20,0,0,0,4103,1514
14.078,fq_codel,0,0,0,10216,,,,,,20,0,0,0,4107,1514
14.089,fq_codel,1514,1,0,10226,,,,,,20,0,0,1,4112,1514
14.100,fq_codel,0,0,0,10232,,,,,,20,0,0,0,4117,1514
14.112,fq_codel,0,0,0,10236,,,,,,20,0,0,0,4121,1514
14.123,fq_codel,3028,2,0,10242,,,,,,20,0,1,0,4127,1514
14.135,fq_codel,0,0,0,10251,,,,,,20,0,0,0,4130,1514
14.146,fq_codel,1514,1,0,10257,,,,,,20,0,1,0,4136,1514
14.157,fq_codel,0,0,0,10262,,,,,,20,0,0,0,4141,1514
14.169,fq_codel,3028,2,0,10270,,,,,,20,0,1,0,4148,1514
14.180,fq_codel,0,0,0,10278,,,,,,20,0,0,0,4151,1514
14.191,fq_codel,0,0,0,10282,,,,,,20,0,0,0,4155,1514
14.202,fq_codel,1514,1,0,10288,,,,,,20,0,1,0,4161,1514
14.214,fq_codel,3028,2,0,10297,,,,,,20,0,1,0,4169,1514
14.225,fq_codel,0,0,0,10305,,,,,,20,0,0,0,4173,1514
14.236,fq_codel,0,0,0,10309,,,,,,20,0,0,0,4177,1514
14.248,fq_codel,0,0,0,10315,,,,,,20,0,0,0,4183,1514
14.259,fq_codel,1514,1,0,10327,,,,,,20,0,0,1,4186,1514
14.272,fq_codel,0,0,0,10334,,,,,,20,0,0,0,4188,1514
14.283,fq_codel,0,0,0,10338,,,,,,20,0,0,0,4192,1514
14.295,fq_codel,1514,1,0,10348,,,,,,20,0,0,1,4201,1514
14.306,fq_codel,3028,2,0,10357,,,,,,20,0,1,0,4206,1514
14.317,fq_codel,0,0,0,10363,,,,,,20,0,0,0,4210,1514
14.329,fq_codel,1514,1,0,10369,,,,,,20,0,1,0,4216,1514
14.340,fq_codel,1514,1,0,10378,,,,,,20,0,0,1,4222,1514
14.351,fq_codel,3028,2,0,10387,,,,,,20,0,1,0,4227,1514
14.362,fq_codel,0,0,0,10394,,,,,,20,0,0,0,4232,1514
14.374,fq_codel,0,0,0,10400,,,,,,20,0,0,0,4238,1514
14.385,fq_codel,1514,1,0,10410,,,,,,20,0,0,1,4245,1514
14.396,fq_codel,1514,1,0,10420,,,,,,20,0,1,0,4251,1514
14.408,fq_codel,0,0,0,10423,,,,,,20,0,0,0,4254,1514
14.419,fq_codel,3028,2,0,10433,,,,,,20,0,1,0,4264,1514
14.430,fq_codel,3028,2,0,10443,,,,,,20,0,1,0,4269,1514
14.442,fq_codel,0,0,0,10450,,,,,,20,0,0,0,4272,1514
14.453,fq_codel,0,0,0,10457,,,,,,20,0,0,0,4279,1514
14.465,fq_codel,3028,2,0,10469,,,,,,20,0,0,1,4285,1514
14.477,fq_codel,1514,1,0,10478,,,,,,20,0,0,1,4285,1514
14.488,fq_codel,0,0,0,10484,,,,,,20,0,0,0,4286,1514
14.500,fq_codel,0,0,0,10493,,,,,,20,0,0,0,4295,1514
14.512,fq_codel,1514,1,0,10504,,,,,,20,0,0,1,4302,1514
14.523,fq_codel,1514,1,0,10514,,,,,,20,0,0,1,4307,1514
14.535,fq_codel,1514,1,0,10521,,,,,,20,0,1,0,4313,1514
14.547,fq_codel,0,0,0,10529,,,,,,20,0,0,0,4321,1514
14.558,fq_codel,3028,2,0,10541,,,,,,20,0,0,1,4327,1514
14.570,fq_codel,0,0,0,10550,,,,,,20,0,0,0,4327,1514
14.581,fq_codel,1514,1,0,10559,,,,,,20,0,1,0,4336,1514
14.593,fq_codel,3028,2,0,10569,,,,,,20,0,1,0,4344,1514
14.604,fq_codel,1514,1,0,10578,,,,,,20,0,0,1,4348,1514
14.616,fq_codel,1514,1,0,10588,,,,,,20,0,0,1,4353,1514
14.628,fq_codel,0,0,0,10597,,,,,,20,0,0,0,4362,1514
14.639,fq_codel,1514,1,0,10607,,,,,,20,0,0,1,4369,1514
14.651,fq_codel,1514,1,0,10617,,,,,,20,0,0,1,4374,1514
14.662,fq_codel,3028,2,0,10627,,,,,,20,0,0,1,4377,1514
14.674,fq_codel,4542,3,0,10636,,,,,,20,0,0,1,4377,1514
14.685,fq_codel,4542,3,0,10646,,,,,,20,0,0,1,4377,1514
14.697,fq_codel,3028,2,0,10655,,,,,,20,0,0,1,4377,1514
14.708,fq_codel,3028,2,0,10665,,,,,,20,0,0,1,4377,1514
14.720,fq_codel,4542,3,0,10675,,,,,,20,0,0,1,4377,1514
14.732,fq_codel,6056,4,0,10684,,,,,,20,0,0,1,4377,1514
14.743,fq_codel,6056,4,0,10694,,,,,,20,0,0,1,4377,1514
14.755,fq_codel,6056,4,0,10704,,,,,,20,0,0,1,4377,1514
14.766,fq_codel,7570,5,0,10714,,,,,,20,0,0,1,4378,1514
14.778,fq_codel,7570,5,0,10724,,,,,,20,0,0,1,4378,1514
14.790,fq_codel,6056,4,0,10733,,,,,,20,0,0,1,4378,1514
14.801,fq_codel,6056,4,0,10743,,,,,,20,0,0,1,4378,1514
14.812,fq_codel,9084,6,0,10752,,,,,,20,0,0,1,4378,1514
14.824,fq_codel,9084,6,0,10762,,,,,,20,0,0,1,4378,1514
14.836,fq_codel,7570,5,0,10771,,,,,,20,0,0,1,4378,1514
14.847,fq_codel,7570,5,0,10781,,,,,,20,0,0,1,4378,1514
14.858,fq_codel,9084,6,0,10791,,,,,,20,0,0,1,4379,1514
14.870,fq_codel,10598,7,0,10800,,,,,,20,0,0,1,4379,1514
14.881,fq_codel,12112,8,0,10809,,,,,,20,0,0,1,4379,1514
14.892,fq_codel,9084,6,0,10819,,,,,,20,0,0,1,4379,1514
14.904,fq_codel,9084,6,0,10828,,,,,,20,0,0,1,4379,1514
14.915,fq_codel,12112,8,0,10838,,,,,,20,0,0,1,4379,1514
14.927,fq_codel,10598,7,0,10847,,,,,,20,0,0,1,4379,1514
14.938,fq_codel,12112,8,0,10856,,,,,,20,0,0,1,4379,1514
14.949,fq_codel,12112,8,0,10866,,,,,,20,0,0,1,4379,1514
14.961,fq_codel,13626,9,0,10876,,,,,,20,0,0,1,4380,1514
14.972,fq_codel,12112,8,0,10885,,,,,,21,0,0,1,4380,1514
14.983,fq_codel,12112,8,0,10895,,,,,,21,0,0,1,4380,1514
14.994,fq_codel,13626,9,0,10904,,,,,,21,0,0,1,4380,1514
15.006,fq_codel,10598,7,0,10913,,,,,,21,0,0,1,4380,1514
15.017,fq_codel,3028,2,0,10923,,,,,,21,0,0,1,4380,1514
15.028,fq_codel,0,0,0,10929,,,,,,21,0,0,0,4384,1514
15.040,fq_codel,0,0,0,10933,,,,,,21,0,0,0,4388,1514
15.051,fq_codel,0,0,0,10937,,,,,,21,0,0,0,4392,1514
15.062,fq_codel,0,0,0,10947,,,,,,21,0,0,0,4399,1514
15.073,fq_codel,1514,1,0,10953,,,,,,21,0,1,0,4404,1514
15.084,fq_codel,0,0,0,10957,,,,,,21,0,0,0,4408,1514
15.096,fq_codel,1514,1,0,10962,,,,,,21,0,0,1,4412,1514
15.107,fq_codel,0,0,0,10971,,,,,,21,0,0,0,4415,1514
15.118,fq_codel,0,0,0,10975,,,,,,21,0,0,0,4419,1514
15.130,fq_codel,1514,1,0,10981,,,,,,21,0,1,0,4425,1514
15.141,fq_codel,3028,2,0,10988,,,,,,21,0,1,0,4430,1514
15.152,fq_codel,0,0,0,10996,,,,,,21,0,0,0,4434,1514
15.164,fq_codel,0,0,0,11001,,,,,,21,0,0,0,4439,1514
15.175,fq_codel,0,0,0,11005,,,,,,21,0,0,0,4443,1514
15.186,fq_codel,3028,2,0,11015,,,,,,21,0,1,0,4451,1514
15.197,fq_codel,1514,1,0,11023,,,,,,21,0,1,0,4455,1514
15.209,fq_codel,0,0,0,11027,,,,,,21,0,0,0,4459,1514
15.220,fq_codel,1514,1,0,11033,,,,,,21,0,1,0,4465,1514
15.231,fq_codel,3028,2,0,11042,,,,,,21,0,1,0,4472,1514
15.243,fq_codel,1514,1,0,11050,,,,,,21,0,1,0,4477,1514
15.254,fq_codel,0,0,0,11054,,,,,,21,0,0,0,4481,1514
15.265,fq_codel,3028,2,0,11063,,,,,,21,0,0,1,4486,1514
15.277,fq_codel,1514,1,0,11073,,,,,,21,0,0,1,4489,1514
15.289,fq_codel,1514,1,0,11079,,,,,,21,0,1,0,4494,1514
15.300,fq_codel,1514,1,0,11083,,,,,,21,0,1,0,4498,1514
15.312,fq_codel,1514,1,0,11093,,,,,,21,0,0,1,4505,1514
15.323,fq_codel,1514,1,0,11102,,,,,,21,0,0,1,4509,1514
15.335,fq_codel,0,0,0,11106,,,,,,21,0,0,0,4512,1514
15.346,fq_codel,1514,1,0,11114,,,,,,21,0,1,0,4520,1514
15.357,fq_codel,1514,1,0,11123,,,,,,21,0,0,1,4525,1514
15.368,fq_codel,1514,1,0,11133,,,,,,21,0,0,1,4527,1514
15.380,fq_codel,0,0,0,11137,,,,,,21,0,0,0,4531,1514
15.391,fq_codel,0,0,0,11145,,,,,,21,0,0,0,4539,1514
15.402,fq_codel,1514,1,0,11155,,,,,,21,0,0,1,4545,1514
15.414,fq_codel,0,0,0,11164,,,,,,21,0,0,0,4549,1514
15.425,fq_codel,1514,1,0,11170,,,,,,21,0,1,0,4555,1514
15.437,fq_codel,3028,2,0,11180,,,,,,21,0,1,0,4563,1514
15.449,fq_codel,1514,1,0,11189,,,,,,21,0,0,1,4567,1514
15.461,fq_codel,0,0,0,11197,,,,,,21,0,0,0,4572,1514
15.472,fq_codel,1514,1,0,11205,,,,,,21,0,1,0,4580,1514
15.484,fq_codel,1514,1,0,11215,,,,,,21,0,0,1,4587,1514
15.495,fq_codel,3028,2,0,11224,,,,,,21,0,1,0,4592,1514
15.506,fq_codel,1514,1,0,11230,,,,,,21,0,0,1,4596,1514
15.518,fq_codel,3028,2,0,11240,,,,,,21,0,0,1,4602,1514
15.529,fq_codel,1514,1,0,11249,,,,,,21,0,0,1,4602,1514
15.541,fq_codel,1514,1,0,11259,,,,,,21,0,0,1,4603,1514
15.552,fq_codel,0,0,0,11266,,,,,,21,0,0,0,4610,1514
15.564,fq_codel,4542,3,0,11277,,,,,,21,0,0,1,4617,1514
15.576,fq_codel,1514,1,0,11287,,,,,,21,0,0,1,4617,1514
15.588,fq_codel,1514,1,0,11295,,,,,,21,0,1,0,4619,1514
15.599,fq_codel,0,0,0,11304,,,,,,21,0,0,0,4627,1514
15.610,fq_codel,3028,2,0,11314,,,,,,21,0,1,0,4633,1514
15.622,fq_codel,1514,1,0,11323,,,,,,21,0,0,1,4637,1514
15.633,fq_codel,1514,1,0,11333,,,,,,21,0,0,1,4642,1514
15.644,fq_codel,1514,1,0,11342,,,,,,21,0,1,0,4649,1514
15.656,fq_codel,3028,2,0,11351,,,,,,21,0,1,0,4655,1514
15.667,fq_codel,3028,2,0,11362,,,,,,21,0,0,1,4658,1514
15.678,fq_codel,1514,1,0,11371,,,,,,21,0,0,1,4658,1514
15.690,fq_codel,4542,3,0,11381,,,,,,21,0,0,1,4658,1514
15.701,fq_codel,3028,2,0,11390,,,,,,21,0,0,1,4658,1514
15.713,fq_codel,3028,2,0,11400,,,,,,21,0,0,1,4658,1514
15.724,fq_codel,4542,3,0,11409,,,,,,21,0,0,1,4658,1514
15.736,fq_codel,4542,3,0,11418,,,,,,21,0,0,1,4658,1514
15.747,fq_codel,4542,3,0,11428,,,,,,21,0,0,1,4658,1514
15.758,fq_codel,6056,4,0,11437,,,,,,21,0,0,1,4658,1514
15.770,fq_codel,4542,3,0,11447,,,,,,21,0,0,1,4659,1514
15.781,fq_codel,7570,5,0,11457,,,,,,21,0,0,1,4659,1514
15.792,fq_codel,6056,4,0,11466,,,,,,21,0,0,1,4659,1514
15.803,fq_codel,7570,5,0,11475,,,,,,21,0,0,1,4659,1514
15.815,fq_codel,7570,5,0,11485,,,,,,21,0,0,1,4659,1514
15.826,fq_codel,7570,5,0,11494,,,,,,21,0,0,1,4659,1514
15.838,fq_codel,9084,6,0,11503,,,,,,21,0,0,1,4659,1514
15.849,fq_codel,9084,6,0,11513,,,,,,21,0,0,1,4659,1514
15.860,fq_codel,9084,6,0,11523,,,,,,21,0,0,1,4659,1514
15.872,fq_codel,10598,7,0,11533,,,,,,21,0,0,1,4660,1514
15.884,fq_codel,10598,7,0,11543,,,,,,21,0,0,1,4660,1514
15.896,fq_codel,10598,7,0,11553,,,,,,21,0,0,1,4660,1514
15.907,fq_codel,9084,6,0,11562,,,,,,21,0,0,1,4660,1514
15.919,fq_codel,9084,6,0,11571,,,,,,21,0,0,1,4660,1514
15.930,fq_codel,12112,8,0,11581,,,,,,21,0,0,1,4660,1514
15.942,fq_codel,10598,7,0,11590,,,,,,21,0,0,1,4660,1514
15.953,fq_codel,10598,7,0,11600,,,,,,21,0,0,1,4660,1514
15.964,fq_codel,12112,8,0,11610,,,,,,21,0,0,1,4661,1514
15.976,fq_codel,13626,9,0,11619,,,,,,21,0,0,1,4661,1514
15.987,fq_codel,13626,9,0,11629,,,,,,22,0,0,1,4661,1514
15.998,fq_codel,12112,8,0,11638,,,,,,22,0,0,1,4661,1514
16.010,fq_codel,13626,9,0,11647,,,,,,22,0,0,1,4661,1514
16.021,fq_codel,10598,7,0,11657,,,,,,22,0,0,1,4661,1514
16.032,fq_codel,3028,2,0,11666,,,,,,22,0,0,1,4661,1514
16.044,fq_codel,0,0,0,11672,,,,,,22,0,0,0,4665,1514
16.055,fq_codel,0,0,0,11677,,,,,,22,0,0,0,4670,1514
16.067,fq_codel,0,0,0,11681,,,,,,22,0,0,0,4674,1514
16.078,fq_codel,1514,1,0,11692,,,,,,22,0,1,0,4685,1514
16.089,fq_codel,0,0,0,11696,,,,,,22,0,0,0,4689,1514
16.101,fq_codel,0,0,0,11700,,,,,,22,0,0,0,4693,1514
16.112,fq_codel,3028,2,0,11707,,,,,,22,0,0,1,4698,1514
16.124,fq_codel,0,0,0,11714,,,,,,22,0,0,0,4701,1514
16.135,fq_codel,0,0,0,11720,,,,,,22,0,0,0,4707,1514
16.146,fq_codel,0,0,0,11724,,,,,,22,0,0,0,4711,1514
16.158,fq_codel,1514,1,0,11733,,,,,,22,0,0,1,4716,1514
16.169,fq_codel,0,0,0,11740,,,,,,22,0,0,0,4720,1514
16.180,fq_codel,1514,1,0,11746,,,,,,22,0,1,0,4726,1514
16.192,fq_codel,0,0,0,11750,,,,,,22,0,0,0,4730,1514
16.203,fq_codel,1514,1,0,11760,,,,,,22,0,0,1,4736,1514
16.214,fq_codel,0,0,0,11766,,,,,,22,0,0,0,4740,1514
16.226,fq_codel,1514,1,0,11772,,,,,,22,0,1,0,4746,1514
16.237,fq_codel,1514,1,0,11778,,,,,,22,0,1,0,4752,1514
16.248,fq_codel,3028,2,0,11788,,,,,,22,0,1,0,4758,1514
16.261,fq_codel,0,0,0,11793,,,,,,22,0,0,0,4762,1514
16.273,fq_codel,0,0,0,11798,,,,,,22,0,0,0,4767,1514
16.284,fq_codel,3028,2,0,11808,,,,,,22,0,0,1,4773,1514
16.295,fq_codel,1514,1,0,11818,,,,,,22,0,0,1,4775,1514
16.306,fq_codel,0,0,0,11822,,,,,,22,0,0,0,4779,1514
16.317,fq_codel,1514,1,0,11828,,,,,,22,0,0,1,4784,1514
16.329,fq_codel,1514,1,0,11838,,,,,,22,0,0,1,4789,1514
16.340,fq_codel,1514,1,0,11847,,,,,,22,0,0,1,4790,1514
16.351,fq_codel,0,0,0,11851,,,,,,22,0,0,0,4794,1514
16.363,fq_codel,3028,2,0,11859,,,,,,22,0,1,0,4802,1514
16.374,fq_codel,1514,1,0,11869,,,,,,22,0,0,1,4804,1514
16.385,fq_codel,0,0,0,11876,,,,,,22,0,0,0,4805,1514
16.397,fq_codel,1514,1,0,11882,,,,,,22,0,1,0,4811,1514
16.408,fq_codel,3028,2,0,11891,,,,,,22,0,1,0,4820,1514
16.419,fq_codel,1514,1,0,11900,,,,,,22,0,0,1,4824,1514
16.431,fq_codel,0,0,0,11907,,,,,,22,0,0,0,4827,1514
16.442,fq_codel,0,0,0,11913,,,,,,22,0,0,0,4833,1514
16.454,fq_codel,1514,1,0,11924,,,,,,22,0,0,1,4841,1514
16.465,fq_codel,3028,2,0,11934,,,,,,22,0,0,1,4846,1514
16.477,fq_codel,0,0,0,11940,,,,,,22,0,0,0,4849,1514
16.488,fq_codel,0,0,0,11948,,,,,,22,0,0,0,4857,1514
16.500,fq_codel,3028,2,0,11959,,,,,,22,0,1,0,4865,1514
16.511,fq_codel,1514,1,0,11968,,,,,,22,0,0,1,4869,1514
16.523,fq_codel,1514,1,0,11975,,,,,,22,0,1,0,4875,1514
16.534,fq_codel,1514,1,0,11984,,,,,,22,0,0,1,4883,1514
16.546,fq_codel,1514,1,0,11994,,,,,,22,0,0,1,4888,1514
16.558,fq_codel,0,0,0,12002,,,,,,22,0,0,0,4892,1514
16.570,fq_codel,0,0,0,12012,,,,,,22,0,0,0,4901,1514
16.581,fq_codel,1514,1,0,12022,,,,,,22,0,0,1,4909,1514
16.593,fq_codel,1514,1,0,12032,,,,,,22,0,0,1,4914,1514
16.605,fq_codel,0,0,0,12040,,,,,,22,0,0,0,4920,1514
16.617,fq_codel,0,0,0,12049,,,,,,22,0,0,0,4929,1514
16.628,fq_codel,1514,1,0,12060,,,,,,22,0,0,1,4935,1514
16.640,fq_codel,3028,2,0,12069,,,,,,22,0,1,0,4940,1514
16.652,fq_codel,1514,1,0,12079,,,,,,22,0,0,1,4944,1514
16.663,fq_codel,3028,2,0,12088,,,,,,22,0,1,0,4953,1514
16.674,fq_codel,3028,2,0,12099,,,,,,22,0,0,1,4955,1514
16.686,fq_codel,1514,1,0,12108,,,,,,22,0,0,1,4955,1514
16.697,fq_codel,3028,2,0,12118,,,,,,22,0,0,1,4955,1514
16.709,fq_codel,3028,2,0,12127,,,,,,22,0,0,1,4955,1514
16.721,fq_codel,3028,2,0,12137,,,,,,22,0,0,1,4955,1514
16.732,fq_codel,3028,2,0,12147,,,,,,22,0,0,1,4955,1514
16.744,fq_codel,3028,2,0,12156,,,,,,22,0,0,1,4955,1514
16.756,fq_codel,6056,4,0,12166,,,,,,22,0,0,1,4955,1514
16.767,fq_codel,4542,3,0,12176,,,,,,22,0,0,1,4956,1514
16.779,fq_codel,4542,3,0,12186,,,,,,22,0,0,1,4956,1514
16.790,fq_codel,4542,3,0,12195,,,,,,22,0,0,1,4956,1514
16.802,fq_codel,6056,4,0,12205,,,,,,22,0,0,1,4956,1514
16.813,fq_codel,7570,5,0,12214,,,,,,22,0,0,1,4956,1514
16.825,fq_codel,7570,5,0,12224,,,,,,22,0,0,1,4956,1514
16.836,fq_codel,7570,5,0,12233,,,,,,22,0,0,1,4956,1514
16.847,fq_codel,9084,6,0,12242,,,,,,22,0,0,1,4956,1514
16.859,fq_codel,9084,6,0,12252,,,,,,22,0,0,1,4956,1514
16.870,fq_codel,7570,5,0,12262,,,,,,22,0,0,1,4957,1514
16.881,fq_codel,9084,6,0,12271,,,,,,22,0,0,1,4957,1514
16.893,fq_codel,9084,6,0,12281,,,,,,22,0,0,1,4957,1514
16.904,fq_codel,10598,7,0,12290,,,,,,22,0,0,1,4957,1514
16.916,fq_codel,10598,7,0,12300,,,,,,22,0,0,1,4957,1514
16.927,fq_codel,9084,6,0,12309,,,,,,22,0,0,1,4957,1514
16.939,fq_codel,10598,7,0,12319,,,,,,22,0,0,1,4957,1514
16.950,fq_codel,12112,8,0,12328,,,,,,22,0,0,1,4957,1514
16.961,fq_codel,10598,7,0,12337,,,,,,22,0,0,1,4957,1514
16.972,fq_codel,10598,7,0,12348,,,,,,22,0,0,1,4958,1514
16.984,fq_codel,12112,8,0,12357,,,,,,22,0,0,1,4958,1514
16.995,fq_codel,13626,9,0,12366,,,,,,23,0,0,1,4958,1514
17.006,fq_codel,13626,9,0,12376,,,,,,23,0,0,1,4958,1514
17.018,fq_codel,12112,8,0,12385,,,,,,23,0,0,1,4958,1514
17.029,fq_codel,13626,9,0,12394,,,,,,23,0,0,1,4958,1514
17.040,fq_codel,7570,5,0,12404,,,,,,23,0,0,1,4958,1514
17.052,fq_codel,0,0,0,12412,,,,,,23,0,0,0,4959,1514
17.063,fq_codel,0,0,0,12417,,,,,,23,0,0,0,4964,1514
17.075,fq_codel,0,0,0,12423,,,,,,23,0,0,0,4970,1514
17.086,fq_codel,1514,1,0,12429,,,,,,23,0,1,0,4976,1514
17.097,fq_codel,0,0,0,12435,,,,,,23,0,0,0,4982,1514
17.108,fq_codel,0,0,0,12441,,,,,,23,0,0,0,4988,1514
17.120,fq_codel,0,0,0,12445,,,,,,23,0,0,0,4992,1514
17.131,fq_codel,3028,2,0,12454,,,,,,23,0,1,0,4997,1514
17.143,fq_codel,0,0,0,12459,,,,,,23,0,0,0,5000,1514
17.154,fq_codel,1514,1,0,12465,,,,,,23,0,1,0,5006,1514
17.165,fq_codel,0,0,0,12469,,,,,,23,0,0,0,5010,1514
17.177,fq_codel,3028,2,0,12480,,,,,,23,0,0,1,5012,1514
17.188,fq_codel,0,0,0,12485,,,,,,23,0,0,0,5015,1514
17.199,fq_codel,1514,1,0,12491,,,,,,23,0,1,0,5021,1514
17.211,fq_codel,3028,2,0,12497,,,,,,23,0,1,0,5027,1514
17.222,fq_codel,3028,2,0,12506,,,,,,23,0,0,1,5027,1514
17.233,fq_codel,0,0,0,12511,,,,,,23,0,0,0,5031,1514
17.244,fq_codel,0,0,0,12515,,,,,,23,0,0,0,5035,1514
17.256,fq_codel,1514,1,0,12525,,,,,,23,0,0,1,5044,1514
17.269,fq_codel,0,0,0,12535,,,,,,23,0,0,0,5049,1514
17.282,fq_codel,1514,1,0,12541,,,,,,23,0,1,0,5055,1514
17.294,fq_codel,1514,1,0,12548,,,,,,23,0,0,1,5061,1514
17.305,fq_codel,3028,2,0,12557,,,,,,23,0,1,0,5066,1514
17.317,fq_codel,0,0,0,12563,,,,,,23,0,0,0,5069,1514
17.328,fq_codel,0,0,0,12567,,,,,,23,0,0,0,5073,1514
17.339,fq_codel,1514,1,0,12577,,,,,,23,0,0,1,5082,1514
17.350,fq_codel,3028,2,0,12586,,,,,,23,0,1,0,5087,1514
17.362,fq_codel,0,0,0,12592,,,,,,23,0,0,0,5090,1514
17.373,fq_codel,1514,1,0,12599,,,,,,23,0,1,0,5097,1514
17.385,fq_codel,1514,1,0,12608,,,,,,23,0,0,1,5103,1514
17.396,fq_codel,3028,2,0,12618,,,,,,23,0,0,1,5108,1514
17.407,fq_codel,0,0,0,12623,,,,,,23,0,0,0,5112,1514
17.418,fq_codel,1514,1,0,12631,,,,,,23,0,1,0,5120,1514
17.430,fq_codel,3028,2,0,12640,,,,,,23,0,1,0,5126,1514
17.441,fq_codel,1514,1,0,12649,,,,,,23,0,0,1,5130,1514
17.453,fq_codel,1514,1,0,12654,,,,,,23,0,1,0,5134,1514
17.464,fq_codel,1514,1,0,12663,,,,,,23,0,0,1,5142,1514
17.475,fq_codel,3028,2,0,12673,,,,,,23,0,0,1,5145,1514
17.487,fq_codel,1514,1,0,12682,,,,,,23,0,1,0,5147,1514
17.498,fq_codel,0,0,0,12687,,,,,,23,0,0,0,5152,1514
17.509,fq_codel,1514,1,0,12697,,,,,,23,0,0,1,5161,1514
17.521,fq_codel,1514,1,0,12707,,,,,,23,0,0,1,5166,1514
17.532,fq_codel,0,0,0,12713,,,,,,23,0,0,0,5169,1514
17.543,fq_codel,1514,1,0,12722,,,,,,23,0,1,0,5178,1514
17.554,fq_codel,3028,2,0,12732,,,,,,23,0,1,0,5185,1514
17.566,fq_codel,1514,1,0,12741,,,,,,23,0,0,1,5189,1514
17.577,fq_codel,0,0,0,12748,,,,,,23,0,0,0,5194,1514
17.588,fq_codel,1514,1,0,12759,,,,,,23,0,1,0,5205,1514
17.600,fq_codel,3028,2,0,12768,,,,,,23,0,1,0,5211,1514
17.611,fq_codel,1514,1,0,12777,,,,,,23,0,0,1,5215,1514
17.622,fq_codel,1514,1,0,12785,,,,,,23,0,1,0,5222,1514
17.633,fq_codel,1514,1,0,12795,,,,,,23,0,0,1,5231,1514
17.645,fq_codel,3028,2,0,12804,,,,,,23,0,1,0,5236,1514
17.656,fq_codel,1514,1,0,12813,,,,,,23,0,0,1,5240,1514
17.667,fq_codel,0,0,0,12822,,,,,,23,0,0,0,5248,1514
17.679,fq_codel,1514,1,0,12833,,,,,,23,0,0,1,5254,1514
17.690,fq_codel,3028,2,0,12842,,,,,,23,0,0,1,5254,1514
17.701,fq_codel,3028,2,0,12852,,,,,,23,0,0,1,5254,1514
17.713,fq_codel,3028,2,0,12861,,,,,,23,0,1,0,5255,1514
17.724,fq_codel,3028,2,0,12870,,,,,,23,0,0,1,5257,1514
17.735,fq_codel,3028,2,0,12880,,,,,,23,0,0,1,5257,1514
17.746,fq_codel,4542,3,0,12889,,,,,,23,0,0,1,5257,1514
17.758,fq_codel,3028,2,0,12899,,,,,,23,0,0,1,5257,1514
17.769,fq_codel,4542,3,0,12908,,,,,,23,0,0,1,5257,1514
17.781,fq_codel,6056,4,0,12918,,,,,,23,0,0,1,5258,1514
17.792,fq_codel,6056,4,0,12928,,,,,,23,0,0,1,5258,1514
17.803,fq_codel,6056,4,0,12937,,,,,,23,0,0,1,5258,1514
17.815,fq_codel,6056,4,0,12946,,,,,,23,0,0,1,5258,1514
17.826,fq_codel,6056,4,0,12956,,,,,,23,0,0,1,5258,1514
17.837,fq_codel,7570,5,0,12965,,,,,,23,0,0,1,5258,1514
17.849,fq_codel,7570,5,0,12974,,,,,,23,0,0,1,5258,1514
17.860,fq_codel,7570,5,0,12984,,,,,,23,0,0,1,5258,1514
17.871,fq_codel,9084,6,0,12994,,,,,,23,0,0,1,5259,1514
17.883,fq_codel,7570,5,0,13003,,,,,,23,0,0,1,5259,1514
17.894,fq_codel,7570,5,0,13013,,,,,,23,0,0,1,5259,1514
17.906,fq_codel,9084,6,0,13022,,,,,,23,0,0,1,5259,1514
17.917,fq_codel,9084,6,0,13032,,,,,,23,0,0,1,5259,1514
17.928,fq_codel,10598,7,0,13041,,,,,,23,0,0,1,5259,1514
17.940,fq_codel,9084,6,0,13050,,,,,,23,0,0,1,5259,1514
17.951,fq_codel,10598,7,0,13060,,,,,,23,0,0,1,5259,1514
17.962,fq_codel,12112,8,0,13069,,,,,,23,0,0,1,5259,1514
17.974,fq_codel,12112,8,0,13080,,,,,,23,0,0,1,5260,1514
17.985,fq_codel,10598,7,0,13089,,,,,,23,0,0,1,5260,1514
17.997,fq_codel,12112,8,0,13098,,,,,,23,0,0,1,5260,1514
18.008,fq_codel,12112,8,0,13108,,,,,,24,0,0,1,5260,1514
18.019,fq_codel,13626,9,0,13117,,,,,,24,0,0,1,5260,1514
18.030,fq_codel,12112,8,0,13126,,,,,,24,0,0,1,5260,1514
18.042,fq_codel,13626,9,0,13135,,,,,,24,0,0,1,5260,1514
18.053,fq_codel,9084,6,0,13145,,,,,,24,0,0,1,5260,1514
18.064,fq_codel,1514,1,0,13154,,,,,,24,0,0,1,5260,1514
18.075,fq_codel,0,0,0,13160,,,,,,24,0,0,0,5266,1514
18.087,fq_codel,0,0,0,13165,,,,,,24,0,0,0,5271,1514
18.098,fq_codel,1514,1,0,13170,,,,,,24,0,1,0,5276,1514
18.109,fq_codel,0,0,0,13178,,,,,,24,0,0,0,5284,1514
18.121,fq_codel,0,0,0,13182,,,,,,24,0,0,0,5288,1514
18.132,fq_codel,1514,1,0,13188,,,,,,24,0,1,0,5294,1514
18.143,fq_codel,1514,1,0,13194,,,,,,24,0,0,1,5297,1514
18.154,fq_codel,0,0,0,13202,,,,,,24,0,0,0,5302,1514
18.166,fq_codel,0,0,0,13206,,,,,,24,0,0,0,5306,1514
18.177,fq_codel,0,0,0,13211,,,,,,24,0,0,0,5311,1514
18.188,fq_codel,1514,1,0,13220,,,,,,24,0,0,1,5316,1514
18.199,fq_codel,1514,1,0,13228,,,,,,24,0,1,0,5322,1514
18.211,fq_codel,0,0,0,13232,,,,,,24,0,0,0,5326,1514
18.222,fq_codel,1514,1,0,13238,,,,,,24,0,1,0,5332,1514
18.233,fq_codel,3028,2,0,13247,,,,,,24,0,1,0,5337,1514
18.245,fq_codel,0,0,0,13252,,,,,,24,0,0,0,5340,1514
18.256,fq_codel,0,0,0,13258,,,,,,24,0,0,0,5346,1514
18.269,fq_codel,1514,1,0,13266,,,,,,24,0,1,0,5354,1514
18.280,fq_codel,1514,1,0,13276,,,,,,24,0,0,1,5356,1514
18.291,fq_codel,1514,1,0,13282,,,,,,24,0,1,0,5361,1514
18.303,fq_codel,1514,1,0,13286,,,,,,24,0,1,0,5365,1514
18.314,fq_codel,3028,2,0,13296,,,,,,24,0,1,0,5372,1514
18.326,fq_codel,0,0,0,13304,,,,,,24,0,0,0,5375,1514
18.337,fq_codel,0,0,0,13308,,,,,,24,0,0,0,5379,1514
18.349,fq_codel,1514,1,0,13316,,,,,,24,0,1,0,5387,1514
18.360,fq_codel,3028,2,0,13325,,,,,,24,0,0,1,5392,1514
18.371,fq_codel,0,0,0,13334,,,,,,24,0,0,0,5395,1514
18.384,fq_codel,0,0,0,13338,,,,,,24,0,0,0,5399,1514
18.395,fq_codel,3028,2,0,13348,,,,,,24,0,1,0,5408,1514
18.407,fq_codel,3028,2,0,13358,,,,,,24,0,1,0,5413,1514
18.418,fq_codel,0,0,0,13364,,,,,,24,0,0,0,5416,1514
18.430,fq_codel,0,0,0,13370,,,,,,24,0,0,0,5422,1514
18.441,fq_codel,3028,2,0,13381,,,,,,24,0,1,0,5431,1514
18.454,fq_codel,0,0,0,13390,,,,,,24,0,0,0,5435,1514
18.465,fq_codel,0,0,0,13395,,,,,,24,0,0,0,5439,1514
18.477,fq_codel,3028,2,0,13406,,,,,,24,0,0,1,5446,1514
18.488,fq_codel,1514,1,0,13415,,,,,,24,0,0,1,5446,1514
18.500,fq_codel,0,0,0,13423,,,,,,24,0,0,0,5447,1514
18.512,fq_codel,0,0,0,13430,,,,,,24,0,0,0,5453,1514
18.523,fq_codel,1514,1,0,13440,,,,,,24,0,0,1,5462,1514
18.535,fq_codel,1514,1,0,13450,,,,,,24,0,0,1,5467,1514
18.547,fq_codel,0,0,0,13456,,,,,,24,0,0,0,5470,1514
18.559,fq_codel,0,0,0,13465,,,,,,24,0,0,0,5478,1514
18.570,fq_codel,1514,1,0,13476,,,,,,24,0,0,1,5485,1514
18.582,fq_codel,1514,1,0,13487,,,,,,24,0,0,1,5487,1514
18.594,fq_codel,1514,1,0,13494,,,,,,24,0,1,0,5492,1514
18.605,fq_codel,1514,1,0,13504,,,,,,24,0,1,0,5502,1514
18.617,fq_codel,1514,1,0,13514,,,,,,24,0,0,1,5507,1514
18.629,fq_codel,0,0,0,13522,,,,,,24,0,0,0,5511,1514
18.641,fq_codel,0,0,0,13531,,,,,,24,0,0,0,5520,1514
18.652,fq_codel,3028,2,0,13541,,,,,,24,0,1,0,5528,1514
18.664,fq_codel,3028,2,0,13551,,,,,,24,0,1,0,5533,1514
18.675,fq_codel,1514,1,0,13561,,,,,,24,0,0,1,5538,1514
18.687,fq_codel,0,0,0,13570,,,,,,24,0,0,0,5542,1514
18.699,fq_codel,3028,2,0,13581,,,,,,24,0,0,1,5544,1514
18.711,fq_codel,1514,1,0,13590,,,,,,24,0,0,1,5544,1514
18.722,fq_codel,1514,1,0,13600,,,,,,24,0,0,1,5547,1514
18.734,fq_codel,4542,3,0,13610,,,,,,24,0,0,1,5551,1514
18.746,fq_codel,4542,3,0,13620,,,,,,24,0,0,1,5551,1514
18.758,fq_codel,3028,2,0,13629,,,,,,24,0,0,1,5551,1514
18.769,fq_codel,4542,3,0,13639,,,,,,24,0,0,1,5551,1514
18.781,fq_codel,6056,4,0,13649,,,,,,24,0,0,1,5552,1514
18.792,fq_codel,6056,4,0,13659,,,,,,24,0,0,1,5552,1514
18.804,fq_codel,4542,3,0,13668,,,,,,24,0,0,1,5552,1514
18.815,fq_codel,6056,4,0,13678,,,,,,24,0,0,1,5552,1514
18.826,fq_codel,6056,4,0,13687,,,,,,24,0,0,1,5552,1514
18.838,fq_codel,7570,5,0,13696,,,,,,24,0,0,1,5552,1514
18.849,fq_codel,7570,5,0,13706,,,,,,24,0,0,1,5552,1514
18.861,fq_codel,6056,4,0,13715,,,,,,24,0,0,1,5552,1514
18.872,fq_codel,7570,5,0,13725,,,,,,24,0,0,1,5552,1514
18.883,fq_codel,9084,6,0,13735,,,,,,24,0,0,1,5553,1514
18.895,fq_codel,7570,5,0,13744,,,,,,24,0,0,1,5553,1514
18.906,fq_codel,9084,6,0,13753,,,,,,24,0,0,1,5553,1514
18.917,fq_codel,9084,6,0,13763,,,,,,24,0,0,1,5553,1514
18.928,fq_codel,10598,7,0,13772,,,,,,24,0,0,1,5553,1514
18.940,fq_codel,10598,7,0,13782,,,,,,24,0,0,1,5553,1514
18.951,fq_codel,9084,6,0,13791,,,,,,24,0,0,1,5553,1514
18.963,fq_codel,9084,6,0,13800,,,,,,24,0,0,1,5553,1514
18.974,fq_codel,12112,8,0,13810,,,,,,24,0,0,1,5553,1514
18.985,fq_codel,10598,7,0,13820,,,,,,24,0,0,1,5554,1514
18.997,fq_codel,12112,8,0,13829,,,,,,24,0,0,1,5554,1514
19.008,fq_codel,12112,8,0,13839,,,,,,24,0,0,1,5554,1514
19.019,fq_codel,13626,9,0,13848,,,,,,24,0,0,1,5554,1514
19.031,fq_codel,12112,8,0,13857,,,,,,25,0,0,1,5554,1514
19.042,fq_codel,12112,8,0,13867,,,,,,25,0,0,1,5554,1514
19.053,fq_codel,13626,9,0,13876,,,,,,25,0,0,1,5554,1514
19.065,fq_codel,10598,7,0,13885,,,,,,25,0,0,1,5554,1514
19.076,fq_codel,3028,2,0,13896,,,,,,25,0,0,1,5555,1514
19.087,fq_codel,0,0,0,13902,,,,,,25,0,0,0,5558,1514
19.099,fq_codel,0,0,0,13907,,,,,,25,0,0,0,5563,1514
19.110,fq_codel,0,0,0,13910,,,,,,25,0,0,0,5566,1514
19.121,fq_codel,0,0,0,13919,,,,,,25,0,0,0,5575,1514
19.133,fq_codel,0,0,0,13925,,,,,,25,0,0,0,5581,1514
19.144,fq_codel,0,0,0,13929,,,,,,25,0,0,0,5585,1514
19.155,fq_codel,3028,2,0,13935,,,,,,25,0,1,0,5590,1514
19.167,fq_codel,0,0,0,13943,,,,,,25,0,0,0,5593,1514
19.178,fq_codel,1514,1,0,13950,,,,,,25,0,1,0,5600,1514
19.189,fq_codel,0,0,0,13954,,,,,,25,0,0,0,5604,1514
19.200,fq_codel,3028,2,0,13962,,,,,,25,0,0,1,5609,1514
19.212,fq_codel,0,0,0,13969,,,,,,25,0,0,0,5613,1514
19.223,fq_codel,0,0,0,13973,,,,,,25,0,0,0,5617,1514
19.234,fq_codel,1514,1,0,13979,,,,,,25,0,1,0,5623,1514
19.246,fq_codel,3028,2,0,13988,,,,,,25,0,0,1,5629,1514
19.257,fq_codel,0,0,0,13995,,,,,,25,0,0,0,5633,1514
19.271,fq_codel,0,0,0,14001,,,,,,25,0,0,0,5639,1514
19.282,fq_codel,0,0,0,14008,,,,,,25,0,0,0,5644,1514
19.293,fq_codel,3028,2,0,14018,,,,,,25,0,0,1,5645,1514
19.305,fq_codel,0,0,0,14023,,,,,,25,0,0,0,5648,1514
19.316,fq_codel,0,0,0,14027,,,,,,25,0,0,0,5652,1514
19.327,fq_codel,3028,2,0,14037,,,,,,25,0,1,0,5660,1514
19.339,fq_codel,1514,1,0,14047,,,,,,25,0,0,1,5664,1514
19.350,fq_codel,0,0,0,14051,,,,,,25,0,0,0,5668,1514
19.361,fq_codel,1514,1,0,14057,,,,,,25,0,1,0,5674,1514
19.373,fq_codel,1514,1,0,14067,,,,,,25,0,0,1,5681,1514
19.384,fq_codel,1514,1,0,14077,,,,,,25,0,0,1,5684,1514
19.396,fq_codel,0,0,0,14081,,,,,,25,0,0,0,5688,1514
19.407,fq_codel,3028,2,0,14089,,,,,,25,0,1,0,5696,1514
19.419,fq_codel,3028,2,0,14099,,,,,,25,0,1,0,5701,1514
19.430,fq_codel,1514,1,0,14107,,,,,,25,0,1,0,5705,1514
19.442,fq_codel,0,0,0,14111,,,,,,25,0,0,0,5709,1514
19.453,fq_codel,1514,1,0,14121,,,,,,25,0,0,1,5718,1514
19.464,fq_codel,3028,2,0,14130,,,,,,25,0,1,0,5723,1514
19.476,fq_codel,1514,1,0,14138,,,,,,25,0,1,0,5727,1514
19.487,fq_codel,1514,1,0,14145,,,,,,25,0,1,0,5734,1514
19.498,fq_codel,1514,1,0,14154,,,,,,25,0,0,1,5740,1514
19.510,fq_codel,1514,1,0,14164,,,,,,25,0,0,1,5745,1514
19.521,fq_codel,0,0,0,14169,,,,,,25,0,0,0,5749,1514
19.533,fq_codel,1514,1,0,14179,,,,,,25,0,1,0,5759,1514
19.544,fq_codel,3028,2,0,14188,,,,,,25,0,1,0,5765,1514
19.555,fq_codel,1514,1,0,14197,,,,,,25,0,0,1,5769,1514
19.567,fq_codel,1514,1,0,14204,,,,,,25,0,1,0,5775,1514
19.578,fq_codel,1514,1,0,14214,,,,,,25,0,0,2,5784,1514
19.589,fq_codel,3028,2,0,14223,,,,,,25,0,0,1,5784,1514
19.601,fq_codel,0,0,0,14232,,,,,,25,0,0,0,5784,1514
19.612,fq_codel,0,0,0,14239,,,,,,25,0,0,0,5791,1514
19.623,fq_codel,1514,1,0,14249,,,,,,25,0,0,1,5800,1514
19.634,fq_codel,3028,2,0,14258,,,,,,25,0,1,0,5805,1514
19.646,fq_codel,1514,1,0,14267,,,,,,25,0,1,0,5810,1514
19.657,fq_codel,1514,1,0,14276,,,,,,25,0,1,0,5819,1514
19.668,fq_codel,3028,2,0,14286,,,,,,25,0,1,0,5826,1514
19.680,fq_codel,1514,1,0,14298,,,,,,25,0,0,1,5830,1514
19.694,fq_codel,0,0,0,14306,,,,,,25,0,0,0,5833,1514
19.705,fq_codel,1514,1,0,14317,,,,,,25,0,0,1,5838,1514
19.716,fq_codel,3028,2,0,14326,,,,,,25,0,0,1,5838,1514
19.728,fq_codel,1514,1,0,14335,,,,,,25,0,0,1,5841,1514
19.739,fq_codel,3028,2,0,14345,,,,,,25,0,0,1,5846,1514
19.750,fq_codel,3028,2,0,14354,,,,,,25,0,0,1,5849,1514
19.761,fq_codel,4542,3,0,14363,,,,,,25,0,0,1,5849,1514
19.773,fq_codel,4542,3,0,14373,,,,,,25,0,0,1,5849,1514
19.784,fq_codel,4542,3,0,14383,,,,,,25,0,0,1,5850,1514
19.796,fq_codel,6056,4,0,14392,,,,,,25,0,0,1,5850,1514
19.807,fq_codel,6056,4,0,14402,,,,,,25,0,0,1,5850,1514
19.818,fq_codel,6056,4,0,14412,,,,,,25,0,0,1,5850,1514
19.830,fq_codel,6056,4,0,14421,,,,,,25,0,0,1,5850,1514
19.841,fq_codel,6056,4,0,14430,,,,,,25,0,0,1,5850,1514
19.853,fq_codel,6056,4,0,14440,,,,,,25,0,0,1,5850,1514
19.864,fq_codel,7570,5,0,14449,,,,,,25,0,0,1,5850,1514
19.876,fq_codel,6056,4,0,14459,,,,,,25,0,0,1,5850,1514
19.887,fq_codel,7570,5,0,14469,,,,,,25,0,0,1,5851,1514
19.899,fq_codel,9084,6,0,14478,,,,,,25,0,0,1,5851,1514
19.910,fq_codel,9084,6,0,14488,,,,,,25,0,0,1,5851,1514
19.922,fq_codel,6056,4,0,14498,,,,,,25,0,0,1,5851,1514
19.933,fq_codel,10598,7,0,14507,,,,,,25,0,0,1,5851,1514
19.945,fq_codel,10598,7,0,14517,,,,,,25,0,0,1,5851,1514
19.956,fq_codel,9084,6,0,14526,,,,,,25,0,0,1,5851,1514
19.967,fq_codel,10598,7,0,14535,,,,,,25,0,0,1,5851,1514
19.979,fq_codel,10598,7,0,14547,,,,,,25,0,0,1,5852,1514
19.992,fq_codel,10598,7,0,14557,,,,,,25,0,0,1,5852,1514
20.004,fq_codel,12112,8,0,14566,,,,,,25,0,0,1,5852,1514
20.015,fq_codel,13626,9,0,14575,,,,,,25,0,0,1,5852,1514
20.027,fq_codel,13626,9,0,14585,,,,,,25,0,0,1,5852,1514
20.038,fq_codel,12112,8,0,14594,,,,,,26,0,0,1,5852,1514
20.049,fq_codel,12112,8,0,14604,,,,,,26,0,0,1,5852,1514
20.061,fq_codel,13626,9,0,14613,,,,,,26,0,0,1,5852,1514
20.072,fq_codel,13626,9,0,14623,,,,,,26,0,0,1,5852,1514
20.084,fq_codel,7570,5,0,14632,,,,,,26,0,0,1,5852,1514
20.095,fq_codel,1514,1,0,14641,,,,,,26,0,1,0,5853,1514
20.106,fq_codel,0,0,0,14645,,,,,,26,0,0,0,5857,1514
20.117,fq_codel,0,0,0,14650,,,,,,26,0,0,0,5862,1514
20.129,fq_codel,0,0,0,14655,,,,,,26,0,0,0,5867,1514
20.140,fq_codel,0,0,0,14663,,,,,,26,0,0,0,5875,1514
20.151,fq_codel,1514,1,0,14669,,,,,,26,0,1,0,5881,1514
20.163,fq_codel,0,0,0,14673,,,,,,26,0,0,0,5885,1514
20.174,fq_codel,1514,1,0,14681,,,,,,26,0,0,1,5889,1514
20.185,fq_codel,0,0,0,14687,,,,,,26,0,0,0,5893,1514
20.197,fq_codel,0,0,0,14691,,,,,,26,0,0,0,5897,1514
20.208,fq_codel,1514,1,0,14697,,,,,,26,0,1,0,5903,1514
20.220,fq_codel,3028,2,0,14707,,,,,,26,0,0,1,5905,1514
20.232,fq_codel,0,0,0,14712,,,,,,26,0,0,0,5909,1514
20.243,fq_codel,1514,1,0,14718,,,,,,26,0,1,0,5915,1514
20.254,fq_codel,3028,2,0,14724,,,,,,26,0,1,0,5921,1514
20.266,fq_codel,1514,1,0,14734,,,,,,26,0,0,1,5925,1514
20.278,fq_codel,0,0,0,14738,,,,,,26,0,0,0,5929,1514
20.290,fq_codel,0,0,0,14742,,,,,,26,0,0,0,5933,1514
20.301,fq_codel,1514,1,0,14752,,,,,,26,0,0,1,5942,1514
20.312,fq_codel,1514,1,0,14761,,,,,,26,0,1,0,5944,1514
20.323,fq_codel,0,0,0,14765,,,,,,26,0,0,0,5948,1514
20.335,fq_codel,1514,1,0,14771,,,,,,26,0,1,0,5954,1514
20.346,fq_codel,3028,2,0,14781,,,,,,26,0,1,0,5960,1514
20.358,fq_codel,1514,1,0,14789,,,,,,26,0,1,0,5964,1514
20.369,fq_codel,0,0,0,14793,,,,,,26,0,0,0,5968,1514
20.380,fq_codel,1514,1,0,14801,,,,,,26,0,1,0,5976,1514
20.392,fq_codel,3028,2,0,14810,,,,,,26,0,1,0,5981,1514
20.403,fq_codel,0,0,0,14816,,,,,,26,0,0,0,5984,1514
20.414,fq_codel,1514,1,0,14822,,,,,,26,0,1,0,5990,1514
20.426,fq_codel,1514,1,0,14831,,,,,,26,0,0,1,5997,1514
20.437,fq_codel,1514,1,0,14841,,,,,,26,0,0,1,6002,1514
20.449,fq_codel,0,0,0,14846,,,,,,26,0,0,0,6005,1514
20.460,fq_codel,1514,1,0,14854,,,,,,26,0,1,0,6013,1514
20.472,fq_codel,3028,2,0,14863,,,,,,26,0,1,0,6020,1514
20.483,fq_codel,0,0,0,14872,,,,,,26,0,0,0,6024,1514
20.495,fq_codel,0,0,0,14877,,,,,,26,0,0,0,6029,1514
20.507,fq_codel,3028,2,0,14887,,,,,,26,0,1,0,6039,1514
20.518,fq_codel,3028,2,0,14897,,,,,,26,0,1,0,6044,1514
20.530,fq_codel,1514,1,0,14906,,,,,,26,0,1,0,6049,1514
20.542,fq_codel,0,0,0,14911,,,,,,26,0,0,0,6054,1514
20.554,fq_codel,3028,2,0,14922,,,,,,26,0,1,0,6064,1514
20.565,fq_codel,3028,2,0,14932,,,,,,26,0,1,0,6069,1514
20.577,fq_codel,0,0,0,14937,,,,,,26,0,0,0,6072,1514
20.589,fq_codel,1514,1,0,14948,,,,,,26,0,1,0,6083,1514
20.600,fq_codel,1514,1,0,14957,,,,,,26,0,0,1,6088,1514
20.612,fq_codel,1514,1,0,14967,,,,,,26,0,0,1,6093,1514
20.624,fq_codel,0,0,0,14974,,,,,,26,0,0,0,6099,1514
20.635,fq_codel,1514,1,0,14984,,,,,,26,0,1,0,6109,1514
20.647,fq_codel,1514,1,0,14994,,,,,,26,0,0,1,6114,1514
20.659,fq_codel,0,0,0,15002,,,,,,26,0,0,0,6118,1514
20.670,fq_codel,0,0,0,15011,,,,,,26,0,0,0,6127,1514
20.682,fq_codel,1514,1,0,15022,,,,,,26,0,0,1,6135,1514
20.694,fq_codel,3028,2,0,15031,,,,,,26,0,1,0,6140,1514
20.705,fq_codel,0,0,0,15040,,,,,,26,0,0,0,6146,1514
20.716,fq_codel,0,0,0,15049,,,,,,26,0,0,0,6155,1514
20.728,fq_codel,3028,2,0,15060,,,,,,26,0,1,0,6163,1514
20.740,fq_codel,1514,1,0,15069,,,,,,26,0,0,1,6167,1514
20.751,fq_codel,1514,1,0,15079,,,,,,26,0,0,1,6172,1514
20.762,fq_codel,3028,2,0,15088,,,,,,26,0,0,1,6176,1514
20.774,fq_codel,3028,2,0,15098,,,,,,26,0,0,1,6176,1514
20.785,fq_codel,0,0,0,15102,,,,,,26,0,0,0,6176,1514
20.797,fq_codel,0,0,0,15102,,,,,,26,0,0,0,6176,1514
20.809,fq_codel,0,0,0,15102,,,,,,26,0,0,0,6176,1514
20.820,fq_codel,0,0,0,15103,,,,,,26,0,0,0,6177,1514
20.832,fq_codel,0,0,0,15103,,,,,,26,0,0,0,6177,1514
20.843,fq_codel,0,0,0,15103,,,,,,26,0,0,0,6177,1514
20.854,fq_codel,0,0,0,15103,,,,,,26,0,0,0,6177,1514
20.866,fq_codel,0,0,0,15103,,,,,,26,0,0,0,6177,1514
20.878,fq_codel,0,0,0,15103,,,,,,26,0,0,0,6177,1514
20.889,fq_codel,0,0,0,15103,,,,,,26,0,0,0,6177,1514
20.900,fq_codel,0,0,0,15103,,,,,,26,0,0,0,6177,1514
20.912,fq_codel,0,0,0,15103,,,,,,26,0,0,0,6177,1514
20.923,fq_codel,0,0,0,15103,,,,,,26,0,0,0,6177,1514
20.934,fq_codel,0,0,0,15103,,,,,,26,0,0,0,6177,1514
20.946,fq_codel,0,0,0,15103,,,,,,26,0,0,0,6177,1514
20.957,fq_codel,0,0,0,15103,,,,,,26,0,0,0,6177,1514
20.969,fq_codel,0,0,0,15103,,,,,,26,0,0,0,6177,1514
20.980,fq_codel,0,0,0,15103,,,,,,26,0,0,0,6177,1514
20.991,fq_codel,0,0,0,15103,,,,,,26,0,0,0,6177,1514
