M,N,M_over_N,k,trials,min_entries,max_entries,maglev_extra_pct,maglev_total_pct,modn_extra_pct
251,100,2.51,1,20,2,3,2.869,3.884,81.67
251,100,2.51,3,20,2,3,7.629,10.637,89.64
509,100,5.09,1,20,5,6,3.576,4.578,87.57
509,100,5.09,3,20,5,6,7.849,10.855,93.06
1021,100,10.21,1,20,10,11,3.340,4.329,93.23
1021,100,10.21,3,20,10,11,7.179,10.162,94.40
2039,100,20.39,1,20,20,21,3.337,4.333,96.23
2039,100,20.39,3,20,20,21,5.493,8.494,95.58
4093,100,40.93,1,20,40,41,3.052,4.052,97.87
4093,100,40.93,3,20,40,41,3.792,6.792,95.69
8191,100,81.91,1,20,81,82,1.952,2.951,98.35
8191,100,81.91,3,20,81,82,2.572,5.573,96.18
16381,100,163.81,1,20,163,164,1.335,2.335,98.08
16381,100,163.81,3,20,163,164,1.686,4.687,95.98
32749,100,327.49,1,20,327,328,0.825,1.826,97.96
32749,100,327.49,3,20,327,328,1.141,4.142,95.97
65521,100,655.21,1,20,655,656,0.556,1.556,98.03
65521,100,655.21,3,20,655,656,0.767,3.767,96.01
131071,100,1310.71,1,20,1310,1311,0.360,1.360,97.97
131071,100,1310.71,3,20,1310,1311,0.509,3.509,96.00
