W,cwnd_mean,unacked_mean,goodput_mbps,rtt_ms,pkts_per_s,littles_inflight,retrans
5,5,5,1.272,46.61,109.8,5.1,0
10,10,10,2.688,43.15,232.0,10.0,0
15,15,15,4.021,43.33,347.1,15.0,0
20,20,20,5.39,43.01,465.3,20.0,0
25,25,25,6.789,42.71,586.1,25.0,0
30,30,30,8.19,42.51,707.0,30.1,0
33,33,33,9.004,42.65,777.3,33.2,0
36,36,36,9.563,43.6,825.6,36.0,0
40,40,40,9.565,48.45,825.7,40.0,0
50,50,50,9.565,60.56,825.7,50.0,0
60,60,60,9.562,72.67,825.5,60.0,0
70,70,70,9.563,84.78,825.6,70.0,0
80,80,80,9.561,96.9,825.4,80.0,0
none,65.3,67.5,9.564,79.4,825.7,65.6,90
