kind,requested_ms,elapsed_ms,late_ms
wheel,20,20.426,0.426
hrtimer,20,20.083,0.083
wheel,50,50.462,0.462
wheel,20,20.233,0.233
hrtimer,20,20.091,0.091
hrtimer,50,50.086,0.086
wheel,20,20.373,0.373
wheel,100,105.073,5.073
hrtimer,20,20.115,0.115
wheel,20,20.505,0.505
wheel,50,50.529,0.529
hrtimer,20,20.092,0.092
wheel,20,20.271,0.271
wheel,200,201.287,1.287
hrtimer,50,50.059,0.059
hrtimer,100,100.083,0.083
hrtimer,20,20.084,0.084
wheel,20,20.731,0.731
hrtimer,20,20.063,0.063
wheel,50,50.445,0.445
wheel,20,20.037,0.037
hrtimer,20,20.057,0.057
hrtimer,50,50.077,0.077
wheel,20,20.807,0.807
wheel,100,103.114,3.114
hrtimer,20,20.078,0.078
wheel,20,20.358,0.358
wheel,50,50.217,0.217
hrtimer,20,20.076,0.076
wheel,20,20.677,0.677
hrtimer,200,200.082,0.082
hrtimer,50,50.077,0.077
wheel,400,403.326,3.326
hrtimer,20,20.077,0.077
hrtimer,100,100.078,0.078
wheel,20,20.172,0.172
hrtimer,20,20.086,0.086
wheel,50,50.567,0.567
wheel,20,20.342,0.342
hrtimer,20,20.077,0.077
hrtimer,50,50.079,0.079
wheel,20,20.894,0.894
wheel,100,107.788,7.788
hrtimer,20,20.077,0.077
wheel,50,50.295,0.295
wheel,20,20.15,0.15
hrtimer,20,20.077,0.077
wheel,20,20.232,0.232
hrtimer,50,50.078,0.078
wheel,200,203.712,3.712
hrtimer,20,20.077,0.077
hrtimer,100,100.077,0.077
wheel,20,20.879,0.879
wheel,50,50.07,0.07
hrtimer,20,20.083,0.083
wheel,20,20.288,0.288
hrtimer,20,20.077,0.077
hrtimer,50,50.09,0.09
wheel,20,20.715,0.715
wheel,100,107.444,7.444
hrtimer,20,20.088,0.088
wheel,50,50.433,0.433
wheel,20,20.302,0.302
hrtimer,20,20.077,0.077
wheel,20,20.811,0.811
hrtimer,50,50.163,0.163
hrtimer,200,200.079,0.079
hrtimer,400,400.107,0.107
hrtimer,20,20.077,0.077
hrtimer,100,100.082,0.082
wheel,800,832.672,32.672
wheel,50,50.402,0.402
hrtimer,50,50.091,0.091
wheel,100,101.782,1.782
wheel,50,50.391,0.391
hrtimer,50,50.078,0.078
wheel,200,203.023,3.023
hrtimer,100,100.082,0.082
wheel,50,50.104,0.104
hrtimer,50,50.078,0.078
wheel,100,103.698,3.698
wheel,50,50.56,0.56
hrtimer,50,50.084,0.084
wheel,400,405.04,5.04
hrtimer,200,200.08,0.08
hrtimer,100,100.087,0.087
wheel,50,50.381,0.381
hrtimer,50,50.101,0.101
wheel,100,104.494,4.494
wheel,50,50.396,0.396
hrtimer,50,50.101,0.101
wheel,200,207.385,7.385
hrtimer,100,100.101,0.101
wheel,50,51.02,1.02
hrtimer,50,50.101,0.101
wheel,1500,1551.962,51.962
wheel,50,50.614,0.614
wheel,100,105.062,5.062
hrtimer,50,50.099,0.099
hrtimer,400,400.086,0.086
hrtimer,200,200.087,0.087
hrtimer,800,800.096,0.096
wheel,50,50.734,0.734
hrtimer,100,100.088,0.088
hrtimer,50,50.091,0.091
wheel,50,50.222,0.222
wheel,100,104.74,4.74
hrtimer,50,50.098,0.098
wheel,200,207.768,7.768
wheel,50,50.415,0.415
hrtimer,100,100.078,0.078
hrtimer,50,50.078,0.078
wheel,50,50.258,0.258
wheel,100,101.305,1.305
hrtimer,50,50.096,0.096
wheel,400,400.758,0.758
hrtimer,200,200.084,0.084
hrtimer,100,100.082,0.082
wheel,100,101.262,1.262
wheel,200,204.947,4.947
hrtimer,100,100.084,0.084
wheel,100,101.175,1.175
hrtimer,400,400.084,0.084
hrtimer,200,200.082,0.082
hrtimer,100,100.095,0.095
wheel,800,832.867,32.867
wheel,100,106.419,6.419
wheel,200,202.639,2.639
hrtimer,100,100.104,0.104
wheel,100,107.1,7.1
wheel,400,406.931,6.931
hrtimer,200,200.097,0.097
hrtimer,100,100.108,0.108
wheel,100,104.891,4.891
hrtimer,1500,1500.106,0.106
wheel,200,202.808,2.808
wheel,3000,3051.938,51.938
hrtimer,100,100.188,0.188
wheel,100,104.134,4.134
hrtimer,400,400.085,0.085
hrtimer,200,200.09,0.09
hrtimer,800,800.106,0.106
hrtimer,100,100.09,0.09
wheel,100,103.527,3.527
wheel,200,200.466,0.466
hrtimer,100,100.098,0.098
wheel,400,405.391,5.391
wheel,100,105.88,5.88
hrtimer,200,200.093,0.093
hrtimer,100,100.109,0.109
wheel,100,104.626,4.626
wheel,200,201.318,1.318
hrtimer,100,100.098,0.098
hrtimer,400,400.103,0.103
wheel,100,106.816,6.816
hrtimer,200,200.092,0.092
hrtimer,100,100.093,0.093
wheel,800,838.572,38.572
wheel,200,207.635,7.635
wheel,400,405.732,5.732
hrtimer,200,200.101,0.101
wheel,1500,1531.593,31.593
wheel,200,200.164,0.164
hrtimer,400,400.069,0.069
hrtimer,200,200.085,0.085
hrtimer,800,800.082,0.082
wheel,200,207.605,7.605
wheel,5000,5010.207,10.207
wheel,400,402.049,2.049
hrtimer,200,200.085,0.085
wheel,200,203.432,3.432
hrtimer,400,400.076,0.076
hrtimer,200,200.085,0.085
wheel,800,804.299,4.299
wheel,200,207.324,7.324
wheel,400,405.829,5.829
hrtimer,3000,3000.099,0.099
hrtimer,200,200.088,0.088
hrtimer,1500,1500.139,0.139
wheel,200,204.779,4.779
hrtimer,400,400.171,0.171
hrtimer,200,200.082,0.082
hrtimer,800,800.099,0.099
wheel,200,201.912,1.912
wheel,400,400.686,0.686
hrtimer,200,200.085,0.085
wheel,200,202.723,2.723
hrtimer,400,400.108,0.108
hrtimer,200,200.068,0.068
wheel,800,811.676,11.676
wheel,200,203.862,3.862
wheel,1500,1503.406,3.406
wheel,400,407.683,7.683
hrtimer,200,200.08,0.08
wheel,200,207.227,7.227
hrtimer,400,400.074,0.074
hrtimer,200,200.089,0.089
hrtimer,800,800.089,0.089
wheel,400,406.604,6.604
hrtimer,400,400.08,0.08
hrtimer,1500,1500.084,0.084
wheel,800,802.559,2.559
wheel,3000,3054.771,54.771
wheel,400,401.426,1.426
hrtimer,400,400.062,0.062
hrtimer,800,800.092,0.092
wheel,400,402.513,2.513
hrtimer,5000,5000.091,0.091
wheel,10000,10019.9,19.9
hrtimer,400,400.08,0.08
wheel,1500,1526.009,26.009
wheel,800,806.61,6.61
wheel,400,400.174,0.174
hrtimer,400,400.088,0.088
hrtimer,800,800.088,0.088
wheel,400,400.892,0.892
hrtimer,400,400.068,0.068
hrtimer,3000,3000.089,0.089
hrtimer,1500,1500.092,0.092
wheel,800,836.314,36.314
hrtimer,800,800.09,0.09
wheel,1500,1511.853,11.853
wheel,800,834.783,34.783
hrtimer,800,800.102,0.102
wheel,3000,3009.91,9.91
hrtimer,1500,1500.097,0.097
wheel,800,848.861,48.861
wheel,5000,5473.389,473.389
hrtimer,800,800.091,0.091
wheel,1500,1514.593,14.593
hrtimer,3000,3000.097,0.097
hrtimer,1500,1500.092,0.092
wheel,1500,1540.833,40.833
hrtimer,10000,10000.087,0.087
hrtimer,5000,5000.117,0.117
wheel,3000,3041.416,41.416
hrtimer,1500,1500.104,0.104
wheel,1500,1535.537,35.537
hrtimer,3000,3000.075,0.075
hrtimer,1500,1500.51,0.51
wheel,5000,5397.076,397.076
wheel,3000,3006.977,6.977
hrtimer,3000,3000.064,0.064
wheel,10000,10431.59,431.59
hrtimer,5000,5000.084,0.084
wheel,3000,3024.265,24.265
hrtimer,3000,3000.085,0.085
wheel,5000,5401.343,401.343
hrtimer,10000,10000.425,0.425
hrtimer,5000,5000.09,0.09
wheel,5000,5377.921,377.921
wheel,10000,10142.01,142.01
hrtimer,5000,5000.085,0.085
hrtimer,10000,10000.429,0.429
