t_s,ca_state,cwnd,ssthresh,rtt_ms,rttvar_ms,rto_ms,backoff,unacked,lost,total_retrans,pacing_mbps,delivery_mbps,bytes_acked
0.000,open,10,,40.213,20.106,275.0,0,0,0,0,5.761,0.0,1
0.011,open,10,,40.213,20.106,275.0,0,10,0,0,5.761,0.0,1
0.021,open,10,,40.213,20.106,275.0,0,10,0,0,5.761,0.0,1
0.032,open,10,,40.213,20.106,275.0,0,10,0,0,5.761,0.0,1
0.043,open,10,,40.213,20.106,275.0,0,10,0,0,5.761,0.0,1
0.053,open,19,,45.858,7.039,246.0,0,19,0,0,9.599,1.995,13033
0.063,open,20,,46.81,7.182,247.0,0,20,0,0,9.899,2.166,14481
0.074,open,20,,46.81,7.182,247.0,0,20,0,0,9.899,2.166,14481
0.084,open,20,,46.81,7.182,247.0,0,20,0,0,9.899,2.166,14481
0.094,open,28,,45.699,1.98,246.0,0,28,0,0,14.195,3.427,26065
0.104,open,36,,48.193,3.553,249.0,0,36,0,0,17.306,3.948,37649
0.114,open,40,,49.598,4.496,250.0,0,40,0,0,18.684,4.207,43441
0.124,open,40,,49.598,4.496,250.0,0,40,0,0,18.684,4.207,43441
0.135,open,47,,46.715,3.149,247.0,0,47,0,0,23.309,5.887,53577
0.145,open,55,,47.993,2.021,248.0,0,55,0,0,26.55,6.245,65161
0.155,open,64,,52.177,3.838,253.0,0,64,0,0,28.418,6.604,78193
0.165,open,72,,56.013,4.087,257.0,0,72,0,0,29.78,6.909,89777
0.175,open,80,,59.682,4.982,260.0,0,80,0,0,31.055,7.118,101361
0.185,open,80,,54.364,3.013,255.0,0,80,0,0,34.093,9.558,114393
0.195,open,80,,55.928,2.19,256.0,0,80,0,0,33.14,9.556,125977
0.205,open,80,,59.671,3.722,260.0,0,80,0,0,31.061,9.553,137561
0.215,open,80,,64.761,4.551,265.0,0,80,0,0,28.62,9.554,150593
0.225,open,80,,69.492,4.773,270.0,0,80,0,0,26.671,9.555,162177
0.236,open,80,,73.806,5.055,274.0,0,80,0,0,25.112,9.555,173761
0.246,open,80,,77.208,6.342,278.0,0,80,0,0,24.006,9.556,185345
0.256,open,80,,81.207,7.527,282.0,0,80,0,0,22.823,9.556,196929
0.266,open,80,,87.985,6.392,288.0,0,80,0,0,21.065,9.557,209961
0.276,open,80,,93.638,4.708,294.0,0,80,0,0,19.794,9.564,222993
0.286,open,80,,95.775,2.057,296.0,0,80,0,0,19.352,9.564,234577
0.296,open,80,,96.51,0.751,297.0,0,80,0,0,19.205,9.564,246161
0.306,open,80,,96.778,0.23,297.0,0,80,0,0,19.151,9.564,259193
0.316,open,80,,96.854,0.08,297.0,0,80,0,0,19.136,9.564,270777
0.326,open,80,,96.88,0.028,297.0,0,80,0,0,19.131,9.564,282361
0.337,open,80,,96.988,0.208,297.0,0,80,0,0,19.11,9.564,295393
0.347,open,80,,96.95,0.116,297.0,0,80,0,0,19.117,9.564,306977
0.357,open,80,,97.078,0.351,298.0,0,80,0,0,19.092,9.564,318561
0.367,open,80,,97.504,0.667,298.0,0,80,0,0,19.009,9.564,330145
0.377,open,80,,97.753,0.536,298.0,0,80,0,0,18.96,9.564,341729
0.387,open,80,,97.9,0.36,298.0,0,80,0,0,18.932,9.564,353313
0.397,open,80,,98.001,0.2,299.0,0,80,0,0,18.912,9.564,367793
0.407,open,80,,98.046,0.122,299.0,0,80,0,0,18.904,9.564,379377
0.417,open,80,,98.071,0.072,299.0,0,80,0,0,18.899,9.564,390961
0.428,open,80,,97.936,0.085,298.0,0,80,0,0,18.925,9.564,402545
0.438,open,80,,97.506,0.177,298.0,0,80,0,0,19.008,9.564,414129
0.448,open,80,,97.209,0.22,298.0,0,80,0,0,19.067,9.564,428609
0.458,open,80,,97.079,0.221,298.0,0,80,0,0,19.092,9.564,440193
0.468,open,80,,97.003,0.169,298.0,0,80,0,0,19.107,9.564,451777
0.478,open,80,,96.959,0.111,297.0,0,80,0,0,19.116,9.564,463361
0.488,open,80,,96.932,0.071,297.0,0,80,0,0,19.121,9.564,474945
0.498,open,80,,96.917,0.041,297.0,0,80,0,0,19.124,9.564,486529
0.508,open,80,,96.906,0.023,297.0,0,80,0,0,19.126,9.564,501009
0.519,open,80,,96.9,0.014,297.0,0,80,0,0,19.127,9.564,512593
0.529,open,80,,96.897,0.008,297.0,0,80,0,0,19.128,9.564,524177
0.539,open,80,,96.896,0.004,297.0,0,80,0,0,19.128,9.564,535761
0.549,open,80,,96.895,0.002,297.0,0,80,0,0,19.128,9.564,547345
0.559,open,80,,96.895,0.001,297.0,0,80,0,0,19.128,9.564,558929
0.569,open,80,,96.894,0.001,297.0,0,80,0,0,19.128,9.564,573409
0.579,open,80,,96.895,0.003,297.0,0,80,0,0,19.128,9.563,584993
0.589,open,80,,96.895,0.003,297.0,0,80,0,0,19.128,9.564,596577
0.599,open,80,,96.894,0.002,297.0,0,80,0,0,19.128,9.564,608161
0.610,open,80,,96.899,0.008,297.0,0,80,0,0,19.128,9.563,619745
0.620,open,80,,96.9,0.007,297.0,0,80,0,0,19.127,9.564,631329
0.630,open,80,,96.901,0.005,297.0,0,80,0,0,19.127,9.564,645809
0.640,open,80,,96.906,0.014,297.0,0,80,0,0,19.126,9.564,657393
0.650,open,80,,96.903,0.009,297.0,0,80,0,0,19.127,9.563,668977
0.660,open,80,,96.901,0.007,297.0,0,80,0,0,19.127,9.564,680561
0.670,open,80,,96.903,0.007,297.0,0,80,0,0,19.127,9.563,692145
0.680,open,80,,96.899,0.005,297.0,0,80,0,0,19.128,9.564,703729
0.690,open,80,,96.901,0.005,297.0,0,80,0,0,19.127,9.563,718209
0.700,open,80,,96.898,0.005,297.0,0,80,0,0,19.128,9.563,729793
0.710,open,80,,96.891,0.005,297.0,0,80,0,0,19.129,9.563,741377
0.720,open,80,,96.89,0.005,297.0,0,80,0,0,19.129,9.563,752961
0.730,open,80,,96.881,0.006,297.0,0,80,0,0,19.131,9.558,764545
0.741,open,80,,96.885,0.009,297.0,0,80,0,0,19.13,9.564,776129
0.751,open,80,,96.887,0.007,297.0,0,80,0,0,19.13,9.564,787713
0.761,open,80,,96.884,0.006,297.0,0,80,0,0,19.13,9.561,802193
0.771,open,80,,96.886,0.004,297.0,0,80,0,0,19.13,9.563,813777
0.781,open,80,,96.887,0.008,297.0,0,80,0,0,19.13,9.562,825361
0.791,open,80,,96.892,0.008,297.0,0,80,0,0,19.129,9.564,836945
0.801,open,80,,96.894,0.005,297.0,0,80,0,0,19.128,9.564,848529
0.811,open,80,,96.901,0.009,297.0,0,80,0,0,19.127,9.562,863009
0.821,open,80,,96.901,0.008,297.0,0,80,0,0,19.127,9.564,874593
0.831,open,80,,96.899,0.006,297.0,0,80,0,0,19.128,9.564,886177
0.842,open,80,,96.897,0.003,297.0,0,80,0,0,19.128,9.564,897761
0.852,open,80,,96.896,0.002,297.0,0,80,0,0,19.128,9.564,909345
0.862,open,80,,96.896,0.001,297.0,0,80,0,0,19.128,9.564,920929
0.872,open,80,,96.897,0.001,297.0,0,80,0,0,19.128,9.564,935409
0.882,open,80,,96.892,0.002,297.0,0,80,0,0,19.129,9.563,946993
0.892,open,80,,96.889,0.002,297.0,0,80,0,0,19.129,9.563,958577
0.902,open,80,,96.887,0.004,297.0,0,80,0,0,19.13,9.562,970161
0.912,open,80,,96.884,0.004,297.0,0,80,0,0,19.13,9.562,981745
0.922,open,80,,96.888,0.006,297.0,0,80,0,0,19.13,9.564,993329
0.933,open,80,,96.891,0.005,297.0,0,80,0,0,19.129,9.564,1007809
0.943,open,80,,96.893,0.004,297.0,0,80,0,0,19.129,9.564,1019393
0.953,open,80,,96.894,0.003,297.0,0,80,0,0,19.128,9.564,1030977
0.963,open,80,,96.895,0.002,297.0,0,80,0,0,19.128,9.564,1042561
0.973,open,80,,96.895,0.002,297.0,0,80,0,0,19.128,9.564,1054145
0.983,open,80,,96.895,0.001,297.0,0,80,0,0,19.128,9.564,1065729
0.993,open,80,,96.894,0.001,297.0,0,80,0,0,19.128,9.564,1080209
1.003,open,80,,96.894,0.0,297.0,0,80,0,0,19.128,9.564,1091793
1.013,open,80,,96.894,0.0,297.0,0,80,0,0,19.128,9.564,1103377
1.023,open,80,,96.895,0.001,297.0,0,80,0,0,19.128,9.564,1114961
1.034,open,80,,96.894,0.0,297.0,0,80,0,0,19.128,9.564,1126545
1.044,open,80,,96.894,0.001,297.0,0,80,0,0,19.128,9.564,1138129
1.054,open,80,,96.924,0.053,297.0,0,80,0,0,19.122,9.552,1152609
1.064,open,80,,96.965,0.069,297.0,0,80,0,0,19.114,9.551,1164193
1.074,open,80,,96.989,0.053,297.0,0,80,0,0,19.11,9.551,1175777
1.084,open,80,,97.003,0.036,298.0,0,80,0,0,19.107,9.551,1187361
1.094,open,80,,97.011,0.022,298.0,0,80,0,0,19.105,9.551,1198945
1.104,open,80,,97.016,0.013,298.0,0,80,0,0,19.104,9.552,1210529
1.114,open,80,,97.02,0.007,298.0,0,80,0,0,19.104,9.551,1225009
1.124,open,80,,97.021,0.004,298.0,0,80,0,0,19.103,9.551,1236593
1.135,open,80,,97.024,0.006,298.0,0,80,0,0,19.103,9.551,1248177
1.145,open,80,,97.025,0.003,298.0,0,80,0,0,19.103,9.551,1259761
1.155,open,80,,96.985,0.012,297.0,0,80,0,0,19.11,9.552,1271345
1.165,open,80,,96.951,0.018,297.0,0,80,0,0,19.117,9.552,1282929
1.175,open,80,,96.925,0.021,297.0,0,80,0,0,19.122,9.551,1297409
1.185,open,80,,96.913,0.021,297.0,0,80,0,0,19.125,9.551,1308993
1.195,open,80,,96.906,0.016,297.0,0,80,0,0,19.126,9.551,1320577
1.205,open,80,,96.902,0.01,297.0,0,80,0,0,19.127,9.551,1332161
1.215,open,80,,96.899,0.007,297.0,0,80,0,0,19.127,9.551,1343745
1.226,open,80,,96.898,0.005,297.0,0,80,0,0,19.128,9.551,1358225
1.236,open,80,,96.893,0.005,297.0,0,80,0,0,19.129,9.55,1369809
1.246,open,80,,96.892,0.003,297.0,0,80,0,0,19.129,9.563,1381393
1.256,open,80,,96.89,0.002,297.0,0,80,0,0,19.129,9.562,1392977
1.266,open,80,,96.895,0.008,297.0,0,80,0,0,19.128,9.564,1404561
1.276,open,80,,96.896,0.006,297.0,0,80,0,0,19.128,9.563,1416145
1.286,open,80,,96.899,0.006,297.0,0,80,0,0,19.127,9.564,1430625
1.296,open,80,,96.897,0.004,297.0,0,80,0,0,19.128,9.564,1442209
1.306,open,80,,96.896,0.002,297.0,0,80,0,0,19.128,9.564,1453793
1.317,open,80,,96.893,0.002,297.0,0,80,0,0,19.129,9.562,1465377
1.327,open,80,,96.895,0.002,297.0,0,80,0,0,19.128,9.564,1476961
1.337,open,80,,96.895,0.002,297.0,0,80,0,0,19.128,9.564,1488545
1.347,open,80,,96.896,0.001,297.0,0,80,0,0,19.128,9.564,1503025
1.357,open,80,,96.892,0.002,297.0,0,80,0,0,19.129,9.563,1514609
1.367,open,80,,96.891,0.006,297.0,0,80,0,0,19.129,9.563,1526193
1.377,open,80,,96.889,0.005,297.0,0,80,0,0,19.129,9.562,1537777
1.387,open,80,,96.891,0.005,297.0,0,80,0,0,19.129,9.564,1549361
1.397,open,80,,96.893,0.004,297.0,0,80,0,0,19.129,9.564,1560945
1.408,open,80,,96.895,0.005,297.0,0,80,0,0,19.128,9.563,1575425
1.418,open,80,,96.896,0.002,297.0,0,80,0,0,19.128,9.564,1587009
1.428,open,80,,96.897,0.004,297.0,0,80,0,0,19.128,9.564,1598593
1.438,open,80,,96.897,0.003,297.0,0,80,0,0,19.128,9.564,1610177
1.448,open,80,,96.897,0.002,297.0,0,80,0,0,19.128,9.564,1621761
1.458,open,80,,96.896,0.001,297.0,0,80,0,0,19.128,9.564,1633345
1.468,open,80,,96.895,0.001,297.0,0,80,0,0,19.128,9.564,1647825
1.478,open,80,,96.895,0.001,297.0,0,80,0,0,19.128,9.564,1659409
1.488,open,80,,96.895,0.001,297.0,0,80,0,0,19.128,9.564,1670993
1.498,open,80,,96.895,0.001,297.0,0,80,0,0,19.128,9.564,1682577
1.509,open,80,,96.893,0.001,297.0,0,80,0,0,19.129,9.564,1694161
1.519,open,80,,96.894,0.001,297.0,0,80,0,0,19.128,9.564,1708641
1.529,open,80,,96.892,0.001,297.0,0,80,0,0,19.129,9.563,1720225
1.539,open,80,,96.892,0.001,297.0,0,80,0,0,19.129,9.564,1731809
1.549,open,80,,96.893,0.001,297.0,0,80,0,0,19.129,9.564,1743393
1.559,open,80,,96.894,0.002,297.0,0,80,0,0,19.129,9.564,1754977
1.569,open,80,,96.894,0.001,297.0,0,80,0,0,19.128,9.564,1766561
1.579,open,80,,96.895,0.001,297.0,0,80,0,0,19.128,9.564,1781041
1.589,open,80,,96.896,0.002,297.0,0,80,0,0,19.128,9.564,1792625
1.600,open,80,,96.9,0.007,297.0,0,80,0,0,19.127,9.563,1804209
1.610,open,80,,96.901,0.004,297.0,0,80,0,0,19.127,9.563,1815793
1.620,open,80,,96.904,0.007,297.0,0,80,0,0,19.126,9.563,1827377
1.630,open,80,,96.903,0.004,297.0,0,80,0,0,19.127,9.563,1838961
1.640,open,80,,96.903,0.002,297.0,0,80,0,0,19.127,9.563,1853441
1.650,open,80,,96.904,0.003,297.0,0,80,0,0,19.127,9.563,1865025
1.660,open,80,,96.907,0.005,297.0,0,80,0,0,19.126,9.563,1876609
1.670,open,80,,96.909,0.009,297.0,0,80,0,0,19.125,9.563,1888193
1.680,open,80,,96.908,0.006,297.0,0,80,0,0,19.126,9.564,1899777
1.691,open,80,,96.908,0.014,297.0,0,80,0,0,19.126,9.563,1911361
1.701,open,80,,96.902,0.009,297.0,0,80,0,0,19.127,9.563,1925841
1.711,open,80,,96.896,0.008,297.0,0,80,0,0,19.128,9.561,1937425
1.721,open,80,,96.897,0.005,297.0,0,80,0,0,19.128,9.563,1949009
1.731,open,80,,96.898,0.003,297.0,0,80,0,0,19.128,9.563,1960593
1.741,open,80,,96.898,0.001,297.0,0,80,0,0,19.128,9.563,1972177
1.751,open,80,,96.893,0.002,297.0,0,80,0,0,19.129,9.56,1986657
1.762,open,80,,96.884,0.004,297.0,0,80,0,0,19.13,9.559,1998241
1.772,open,80,,96.887,0.005,297.0,0,80,0,0,19.13,9.563,2009825
1.782,open,80,,96.883,0.007,297.0,0,80,0,0,19.131,9.559,2021409
1.792,open,80,,96.888,0.009,297.0,0,80,0,0,19.13,9.564,2032993
1.802,open,80,,96.889,0.005,297.0,0,80,0,0,19.129,9.564,2044577
1.812,open,80,,96.889,0.003,297.0,0,80,0,0,19.129,9.563,2059057
1.822,open,80,,96.888,0.003,297.0,0,80,0,0,19.13,9.563,2070641
1.832,open,80,,96.885,0.003,297.0,0,80,0,0,19.13,9.563,2082225
1.842,open,80,,96.89,0.007,297.0,0,80,0,0,19.129,9.563,2093809
1.853,open,80,,96.894,0.006,297.0,0,80,0,0,19.128,9.564,2105393
1.863,open,80,,96.896,0.007,297.0,0,80,0,0,19.128,9.563,2116977
1.873,open,80,,96.896,0.005,297.0,0,80,0,0,19.128,9.563,2131457
1.883,open,80,,96.895,0.004,297.0,0,80,0,0,19.128,9.564,2143041
1.893,open,80,,96.894,0.003,297.0,0,80,0,0,19.129,9.564,2154625
1.903,open,80,,96.896,0.005,297.0,0,80,0,0,19.128,9.563,2166209
1.913,open,80,,96.895,0.004,297.0,0,80,0,0,19.128,9.564,2177793
1.923,open,80,,96.896,0.003,297.0,0,80,0,0,19.128,9.564,2192273
1.934,open,80,,96.895,0.005,297.0,0,80,0,0,19.128,9.563,2203857
1.944,open,80,,96.888,0.006,297.0,0,80,0,0,19.13,9.564,2215441
1.954,open,80,,96.886,0.005,297.0,0,80,0,0,19.13,9.563,2227025
1.964,open,80,,96.883,0.004,297.0,0,80,0,0,19.131,9.564,2238609
1.974,open,80,,96.885,0.004,297.0,0,80,0,0,19.13,9.564,2250193
1.984,open,80,,96.884,0.002,297.0,0,80,0,0,19.13,9.564,2264673
1.994,open,80,,96.883,0.003,297.0,0,80,0,0,19.131,9.563,2276257
2.004,open,80,,96.884,0.002,297.0,0,80,0,0,19.13,9.563,2287841
2.014,open,80,,96.907,0.039,297.0,0,80,0,0,19.126,9.556,2299425
2.024,open,80,,96.93,0.043,297.0,0,80,0,0,19.121,9.557,2311009
2.034,open,80,,96.947,0.035,297.0,0,80,0,0,19.118,9.556,2322593
2.045,open,80,,96.958,0.019,297.0,0,80,0,0,19.116,9.557,2337073
2.055,open,80,,96.96,0.009,297.0,0,80,0,0,19.116,9.557,2348657
2.065,open,80,,96.963,0.007,297.0,0,80,0,0,19.115,9.557,2360241
2.075,open,80,,96.965,0.005,297.0,0,80,0,0,19.114,9.557,2371825
2.085,open,80,,96.966,0.003,297.0,0,80,0,0,19.114,9.557,2383409
2.095,open,80,,96.966,0.002,297.0,0,80,0,0,19.114,9.557,2394993
2.105,open,80,,96.963,0.002,297.0,0,80,0,0,19.115,9.558,2409473
2.115,open,80,,96.93,0.009,297.0,0,80,0,0,19.121,9.557,2421057
2.125,open,80,,96.911,0.013,297.0,0,80,0,0,19.125,9.555,2432641
2.136,open,80,,96.897,0.014,297.0,0,80,0,0,19.128,9.555,2444225
2.146,open,80,,96.896,0.006,297.0,0,80,0,0,19.128,9.557,2455809
2.156,open,80,,96.897,0.003,297.0,0,80,0,0,19.128,9.557,2467393
2.166,open,80,,96.895,0.002,297.0,0,80,0,0,19.128,9.557,2481873
2.176,open,80,,96.895,0.001,297.0,0,80,0,0,19.128,9.557,2493457
2.186,open,80,,96.895,0.001,297.0,0,80,0,0,19.128,9.557,2505041
2.196,open,80,,96.895,0.0,297.0,0,80,0,0,19.128,9.557,2516625
2.206,open,80,,96.895,0.001,297.0,0,80,0,0,19.128,9.564,2528209
2.216,open,80,,96.896,0.002,297.0,0,80,0,0,19.128,9.564,2542689
2.227,open,80,,96.895,0.001,297.0,0,80,0,0,19.128,9.564,2554273
2.237,open,80,,96.894,0.001,297.0,0,80,0,0,19.128,9.564,2565857
2.247,open,80,,96.894,0.002,297.0,0,80,0,0,19.128,9.564,2577441
2.257,open,80,,96.894,0.001,297.0,0,80,0,0,19.128,9.564,2589025
2.267,open,80,,96.895,0.001,297.0,0,80,0,0,19.128,9.564,2600609
2.277,open,80,,96.895,0.001,297.0,0,80,0,0,19.128,9.564,2612193
2.287,open,80,,96.895,0.001,297.0,0,80,0,0,19.128,9.564,2626673
2.297,open,80,,96.895,0.0,297.0,0,80,0,0,19.128,9.564,2638257
2.307,open,80,,96.895,0.0,297.0,0,80,0,0,19.128,9.564,2649841
2.317,open,80,,96.893,0.002,297.0,0,80,0,0,19.129,9.564,2661425
2.327,open,80,,96.894,0.001,297.0,0,80,0,0,19.128,9.564,2673009
2.337,open,80,,96.894,0.002,297.0,0,80,0,0,19.128,9.564,2684593
2.347,open,80,,96.895,0.002,297.0,0,80,0,0,19.128,9.563,2699073
2.357,open,80,,96.894,0.002,297.0,0,80,0,0,19.128,9.564,2710657
2.367,open,80,,96.895,0.002,297.0,0,80,0,0,19.128,9.564,2722241
2.378,open,80,,96.895,0.001,297.0,0,80,0,0,19.128,9.564,2733825
2.388,open,80,,96.897,0.004,297.0,0,80,0,0,19.128,9.563,2745409
2.398,open,80,,96.897,0.002,297.0,0,80,0,0,19.128,9.564,2756993
2.408,open,80,,96.898,0.002,297.0,0,80,0,0,19.128,9.563,2771473
2.418,open,80,,96.899,0.002,297.0,0,80,0,0,19.127,9.564,2783057
2.428,open,80,,96.898,0.002,297.0,0,80,0,0,19.128,9.564,2794641
2.438,open,80,,96.899,0.003,297.0,0,80,0,0,19.127,9.564,2806225
2.448,open,80,,96.897,0.002,297.0,0,80,0,0,19.128,9.564,2817809
2.458,open,80,,96.897,0.002,297.0,0,80,0,0,19.128,9.564,2829393
2.468,open,80,,96.895,0.001,297.0,0,80,0,0,19.128,9.564,2840977
2.478,open,80,,96.895,0.001,297.0,0,80,0,0,19.128,9.564,2855457
2.488,open,80,,96.892,0.001,297.0,0,80,0,0,19.129,9.564,2867041
2.498,open,80,,96.892,0.001,297.0,0,80,0,0,19.129,9.564,2878625
2.508,open,80,,96.89,0.001,297.0,0,80,0,0,19.129,9.563,2890209
2.519,open,80,,96.89,0.002,297.0,0,80,0,0,19.129,9.564,2901793
2.529,open,80,,96.89,0.002,297.0,0,80,0,0,19.129,9.562,2913377
2.539,open,80,,96.891,0.003,297.0,0,80,0,0,19.129,9.564,2927857
2.549,open,80,,96.892,0.002,297.0,0,80,0,0,19.129,9.564,2939441
2.559,open,80,,96.893,0.001,297.0,0,80,0,0,19.129,9.564,2951025
2.569,open,80,,96.894,0.001,297.0,0,80,0,0,19.129,9.564,2962609
2.579,open,80,,96.894,0.001,297.0,0,80,0,0,19.128,9.564,2974193
2.589,open,80,,96.895,0.001,297.0,0,80,0,0,19.128,9.564,2985777
2.599,open,80,,96.896,0.002,297.0,0,80,0,0,19.128,9.564,3000257
2.609,open,80,,96.894,0.002,297.0,0,80,0,0,19.128,9.564,3011841
2.619,open,80,,96.895,0.001,297.0,0,80,0,0,19.128,9.564,3023425
2.629,open,80,,96.894,0.002,297.0,0,80,0,0,19.128,9.564,3035009
2.640,open,80,,96.895,0.001,297.0,0,80,0,0,19.128,9.564,3046593
2.650,open,80,,96.896,0.002,297.0,0,80,0,0,19.128,9.564,3058177
2.660,open,80,,96.898,0.004,297.0,0,80,0,0,19.128,9.564,3072657
2.670,open,80,,96.896,0.003,297.0,0,80,0,0,19.128,9.564,3084241
2.680,open,80,,96.899,0.006,297.0,0,80,0,0,19.127,9.564,3095825
2.690,open,80,,96.899,0.008,297.0,0,80,0,0,19.128,9.563,3107409
2.700,open,80,,96.897,0.005,297.0,0,80,0,0,19.128,9.564,3118993
2.710,open,80,,96.897,0.002,297.0,0,80,0,0,19.128,9.564,3130577
2.720,open,80,,96.895,0.002,297.0,0,80,0,0,19.128,9.563,3142161
2.730,open,80,,96.895,0.001,297.0,0,80,0,0,19.128,9.564,3156641
2.740,open,80,,96.894,0.001,297.0,0,80,0,0,19.128,9.564,3168225
2.750,open,80,,96.894,0.001,297.0,0,80,0,0,19.128,9.564,3179809
2.760,open,80,,96.891,0.001,297.0,0,80,0,0,19.129,9.563,3191393
2.770,open,80,,96.892,0.001,297.0,0,80,0,0,19.129,9.564,3202977
2.781,open,80,,96.889,0.002,297.0,0,80,0,0,19.129,9.563,3214561
2.791,open,80,,96.891,0.006,297.0,0,80,0,0,19.129,9.564,3229041
2.801,open,80,,96.892,0.004,297.0,0,80,0,0,19.129,9.564,3240625
2.811,open,80,,96.893,0.002,297.0,0,80,0,0,19.129,9.564,3252209
2.821,open,80,,96.893,0.001,297.0,0,80,0,0,19.129,9.564,3263793
2.831,open,80,,96.894,0.002,297.0,0,80,0,0,19.128,9.564,3275377
2.841,open,80,,96.895,0.002,297.0,0,80,0,0,19.128,9.564,3286961
2.851,open,80,,96.896,0.002,297.0,0,80,0,0,19.128,9.564,3298545
2.861,open,80,,96.896,0.002,297.0,0,80,0,0,19.128,9.564,3313025
2.871,open,80,,96.896,0.001,297.0,0,80,0,0,19.128,9.564,3324609
2.881,open,80,,96.896,0.0,297.0,0,80,0,0,19.128,9.564,3336193
2.891,open,80,,96.896,0.001,297.0,0,80,0,0,19.128,9.564,3347777
2.902,open,80,,96.896,0.0,297.0,0,80,0,0,19.128,9.564,3359361
2.912,open,80,,96.896,0.0,297.0,0,80,0,0,19.128,9.564,3373841
2.922,open,80,,96.897,0.002,297.0,0,80,0,0,19.128,9.564,3385425
2.932,open,80,,96.896,0.001,297.0,0,80,0,0,19.128,9.564,3397009
2.942,open,80,,96.895,0.001,297.0,0,80,0,0,19.128,9.564,3408593
2.952,open,80,,96.895,0.001,297.0,0,80,0,0,19.128,9.564,3420177
2.962,open,80,,96.895,0.0,297.0,0,80,0,0,19.128,9.564,3431761
2.972,open,80,,96.895,0.001,297.0,0,80,0,0,19.128,9.564,3446241
2.982,open,80,,96.895,0.0,297.0,0,80,0,0,19.128,9.564,3457825
2.992,open,80,,96.895,0.001,297.0,0,80,0,0,19.128,9.564,3469409
3.003,open,80,,96.895,0.0,297.0,0,80,0,0,19.128,9.564,3480993
3.013,open,80,,96.895,0.0,297.0,0,80,0,0,19.128,9.564,3492577
3.023,open,80,,96.895,0.002,297.0,0,80,0,0,19.128,9.564,3504161
3.033,open,80,,96.895,0.001,297.0,0,80,0,0,19.128,9.564,3518641
3.043,open,80,,96.896,0.002,297.0,0,80,0,0,19.128,9.564,3530225
3.053,open,80,,96.895,0.001,297.0,0,80,0,0,19.128,9.564,3541809
3.063,open,80,,96.895,0.001,297.0,0,80,0,0,19.128,9.564,3553393
3.073,open,80,,96.896,0.001,297.0,0,80,0,0,19.128,9.564,3564977
3.083,open,80,,96.895,0.001,297.0,0,80,0,0,19.128,9.564,3576561
3.094,open,80,,96.898,0.004,297.0,0,80,0,0,19.128,9.563,3591041
3.104,open,80,,96.899,0.005,297.0,0,80,0,0,19.127,9.564,3602625
3.114,open,80,,96.901,0.005,297.0,0,80,0,0,19.127,9.563,3614209
3.124,open,80,,96.9,0.008,297.0,0,80,0,0,19.127,9.564,3625793
3.134,open,80,,96.898,0.005,297.0,0,80,0,0,19.128,9.564,3637377
3.144,open,80,,96.898,0.006,297.0,0,80,0,0,19.128,9.563,3648961
3.154,open,80,,96.897,0.003,297.0,0,80,0,0,19.128,9.564,3663441
3.164,open,80,,96.898,0.003,297.0,0,80,0,0,19.128,9.564,3675025
3.174,open,80,,96.897,0.003,297.0,0,80,0,0,19.128,9.564,3686609
3.185,open,80,,96.894,0.003,297.0,0,80,0,0,19.128,9.563,3698193
3.195,open,80,,96.888,0.004,297.0,0,80,0,0,19.13,9.561,3709777
3.205,open,80,,96.893,0.008,297.0,0,80,0,0,19.129,9.563,3724257
3.215,open,80,,96.893,0.011,297.0,0,80,0,0,19.129,9.563,3735841
3.225,open,80,,96.898,0.011,297.0,0,80,0,0,19.128,9.563,3747425
3.235,open,80,,96.899,0.008,297.0,0,80,0,0,19.127,9.564,3759009
3.245,open,80,,96.895,0.006,297.0,0,80,0,0,19.128,9.564,3770593
3.255,open,80,,96.894,0.003,297.0,0,80,0,0,19.128,9.564,3782177
3.266,open,80,,96.893,0.003,297.0,0,80,0,0,19.129,9.564,3796657
3.276,open,80,,96.894,0.003,297.0,0,80,0,0,19.128,9.564,3808241
3.286,open,80,,96.894,0.001,297.0,0,80,0,0,19.128,9.564,3819825
3.296,open,80,,96.89,0.002,297.0,0,80,0,0,19.129,9.562,3831409
3.306,open,80,,96.885,0.003,297.0,0,80,0,0,19.13,9.561,3842993
3.316,open,80,,96.887,0.003,297.0,0,80,0,0,19.13,9.563,3854577
3.326,open,80,,96.885,0.005,297.0,0,80,0,0,19.13,9.564,3869057
3.336,open,80,,96.888,0.007,297.0,0,80,0,0,19.13,9.564,3880641
3.346,open,80,,96.891,0.005,297.0,0,80,0,0,19.129,9.564,3892225
3.356,open,80,,96.892,0.003,297.0,0,80,0,0,19.129,9.564,3903809
3.367,open,80,,96.894,0.004,297.0,0,80,0,0,19.129,9.564,3915393
3.377,open,80,,96.894,0.002,297.0,0,80,0,0,19.128,9.564,3926977
3.387,open,80,,96.896,0.003,297.0,0,80,0,0,19.128,9.563,3941457
3.397,open,80,,96.895,0.002,297.0,0,80,0,0,19.128,9.564,3953041
3.407,open,80,,96.895,0.001,297.0,0,80,0,0,19.128,9.564,3964625
3.417,open,80,,96.898,0.005,297.0,0,80,0,0,19.128,9.564,3976209
3.427,open,80,,96.899,0.004,297.0,0,80,0,0,19.127,9.563,3987793
3.437,open,80,,96.902,0.004,297.0,0,80,0,0,19.127,9.563,4002273
3.447,open,80,,96.905,0.006,297.0,0,80,0,0,19.126,9.562,4013857
3.458,open,80,,96.905,0.005,297.0,0,80,0,0,19.126,9.563,4025441
3.468,open,80,,96.902,0.003,297.0,0,80,0,0,19.127,9.563,4037025
3.478,open,80,,96.902,0.002,297.0,0,80,0,0,19.127,9.564,4048609
3.488,open,80,,96.899,0.003,297.0,0,80,0,0,19.127,9.564,4060193
3.498,open,80,,96.898,0.002,297.0,0,80,0,0,19.128,9.564,4074673
3.508,open,80,,96.894,0.002,297.0,0,80,0,0,19.128,9.562,4086257
3.518,open,80,,96.893,0.002,297.0,0,80,0,0,19.129,9.563,4097841
3.528,open,80,,96.889,0.002,297.0,0,80,0,0,19.129,9.563,4109425
3.538,open,80,,96.887,0.002,297.0,0,80,0,0,19.13,9.563,4121009
3.548,open,80,,96.882,0.002,297.0,0,80,0,0,19.131,9.562,4132593
3.559,open,80,,96.884,0.003,297.0,0,80,0,0,19.13,9.563,4147073
3.569,open,80,,96.885,0.002,297.0,0,80,0,0,19.13,9.563,4158657
3.579,open,80,,96.89,0.008,297.0,0,80,0,0,19.129,9.563,4170241
3.589,open,80,,96.892,0.006,297.0,0,80,0,0,19.129,9.564,4181825
3.599,open,80,,96.896,0.007,297.0,0,80,0,0,19.128,9.563,4193409
3.609,open,80,,96.897,0.004,297.0,0,80,0,0,19.128,9.564,4204993
3.619,open,80,,96.899,0.003,297.0,0,80,0,0,19.127,9.564,4219473
3.629,open,80,,96.901,0.004,297.0,0,80,0,0,19.127,9.564,4231057
3.639,open,80,,96.903,0.005,297.0,0,80,0,0,19.127,9.564,4242641
3.650,open,80,,96.906,0.006,297.0,0,80,0,0,19.126,9.562,4254225
3.660,open,80,,96.909,0.008,297.0,0,80,0,0,19.126,9.562,4265809
3.670,open,80,,96.911,0.01,297.0,0,80,0,0,19.125,9.563,4280289
3.680,open,80,,96.906,0.009,297.0,0,80,0,0,19.126,9.563,4291873
3.690,open,80,,96.902,0.009,297.0,0,80,0,0,19.127,9.564,4303457
3.700,open,80,,96.898,0.008,297.0,0,80,0,0,19.128,9.563,4315041
3.710,open,80,,96.897,0.003,297.0,0,80,0,0,19.128,9.564,4326625
3.721,open,80,,96.895,0.004,297.0,0,80,0,0,19.128,9.563,4338209
3.731,open,80,,96.896,0.006,297.0,0,80,0,0,19.128,9.562,4352689
3.741,open,80,,96.895,0.005,297.0,0,80,0,0,19.128,9.563,4364273
3.751,open,80,,96.894,0.003,297.0,0,80,0,0,19.128,9.563,4375857
3.761,open,80,,96.882,0.005,297.0,0,80,0,0,19.131,9.557,4387441
3.771,open,80,,96.884,0.004,297.0,0,80,0,0,19.13,9.563,4399025
3.781,open,80,,96.888,0.011,297.0,0,80,0,0,19.13,9.563,4413505
3.792,open,80,,96.892,0.008,297.0,0,80,0,0,19.129,9.564,4425089
3.802,open,80,,96.892,0.004,297.0,0,80,0,0,19.129,9.564,4436673
3.812,open,80,,96.892,0.003,297.0,0,80,0,0,19.129,9.564,4448257
3.822,open,80,,96.889,0.003,297.0,0,80,0,0,19.129,9.563,4459841
3.832,open,80,,96.886,0.003,297.0,0,80,0,0,19.13,9.564,4471425
3.842,open,80,,96.885,0.001,297.0,0,80,0,0,19.13,9.564,4485905
3.852,open,80,,96.887,0.003,297.0,0,80,0,0,19.13,9.564,4497489
3.862,open,80,,96.891,0.006,297.0,0,80,0,0,19.129,9.564,4509073
3.873,open,80,,96.892,0.004,297.0,0,80,0,0,19.129,9.564,4520657
3.883,open,80,,96.893,0.004,297.0,0,80,0,0,19.129,9.564,4532241
3.893,open,80,,96.892,0.002,297.0,0,80,0,0,19.129,9.564,4546721
3.903,open,80,,96.892,0.002,297.0,0,80,0,0,19.129,9.564,4558305
3.913,open,80,,96.891,0.002,297.0,0,80,0,0,19.129,9.565,4569889
3.923,open,80,,96.893,0.003,297.0,0,80,0,0,19.129,9.564,4581473
3.933,open,80,,96.894,0.002,297.0,0,80,0,0,19.129,9.564,4593057
3.943,open,80,,96.895,0.004,297.0,0,80,0,0,19.128,9.563,4604641
3.953,open,80,,96.891,0.003,297.0,0,80,0,0,19.129,9.563,4619121
3.963,open,80,,96.887,0.005,297.0,0,80,0,0,19.13,9.563,4630705
3.973,open,80,,96.886,0.003,297.0,0,80,0,0,19.13,9.564,4642289
3.983,open,80,,96.887,0.003,297.0,0,80,0,0,19.13,9.564,4653873
3.994,open,80,,96.888,0.003,297.0,0,80,0,0,19.13,9.564,4665457
4.004,open,80,,96.889,0.003,297.0,0,80,0,0,19.129,9.564,4677041
4.014,open,80,,96.891,0.002,297.0,0,80,0,0,19.129,9.564,4688625
4.024,open,80,,96.891,0.002,297.0,0,80,0,0,19.129,9.564,4703105
4.034,open,80,,96.892,0.002,297.0,0,80,0,0,19.129,9.564,4714689
4.044,open,80,,96.892,0.003,297.0,0,80,0,0,19.129,9.564,4726273
4.054,open,80,,96.892,0.002,297.0,0,80,0,0,19.129,9.564,4737857
4.064,open,80,,96.894,0.003,297.0,0,80,0,0,19.128,9.564,4749441
4.074,open,80,,96.893,0.001,297.0,0,80,0,0,19.129,9.564,4761025
4.084,open,80,,96.894,0.002,297.0,0,80,0,0,19.128,9.564,4775505
4.094,open,80,,96.894,0.001,297.0,0,80,0,0,19.128,9.564,4787089
4.104,open,80,,96.894,0.001,297.0,0,80,0,0,19.128,9.564,4798673
4.114,open,80,,96.894,0.0,297.0,0,80,0,0,19.128,9.564,4810257
4.124,open,80,,96.894,0.0,297.0,0,80,0,0,19.128,9.564,4821841
4.134,open,80,,96.895,0.002,297.0,0,80,0,0,19.128,9.564,4833425
4.144,open,80,,96.894,0.001,297.0,0,80,0,0,19.128,9.564,4845009
4.155,open,80,,96.894,0.002,297.0,0,80,0,0,19.128,9.564,4859489
4.165,open,80,,96.894,0.001,297.0,0,80,0,0,19.128,9.564,4871073
4.175,open,80,,96.895,0.002,297.0,0,80,0,0,19.128,9.564,4882657
4.185,open,80,,96.894,0.001,297.0,0,80,0,0,19.128,9.564,4894241
4.195,open,80,,96.895,0.001,297.0,0,80,0,0,19.128,9.564,4905825
4.205,open,80,,96.895,0.001,297.0,0,80,0,0,19.128,9.564,4917409
4.215,open,80,,96.896,0.002,297.0,0,80,0,0,19.128,9.564,4931889
4.225,open,80,,96.894,0.002,297.0,0,80,0,0,19.128,9.564,4943473
4.235,open,80,,96.896,0.004,297.0,0,80,0,0,19.128,9.563,4955057
4.245,open,80,,96.901,0.01,297.0,0,80,0,0,19.127,9.564,4966641
4.255,open,80,,96.899,0.007,297.0,0,80,0,0,19.127,9.563,4978225
4.265,open,80,,96.9,0.005,297.0,0,80,0,0,19.127,9.564,4989809
4.276,open,80,,96.897,0.004,297.0,0,80,0,0,19.128,9.564,5004289
4.286,open,80,,96.896,0.002,297.0,0,80,0,0,19.128,9.564,5015873
4.296,open,80,,96.896,0.001,297.0,0,80,0,0,19.128,9.564,5027457
4.306,open,80,,96.896,0.001,297.0,0,80,0,0,19.128,9.564,5039041
4.316,open,80,,96.895,0.0,297.0,0,80,0,0,19.128,9.564,5050625
4.326,open,80,,96.896,0.0,297.0,0,80,0,0,19.128,9.564,5062209
4.336,open,80,,96.891,0.002,297.0,0,80,0,0,19.129,9.562,5076689
4.346,open,80,,96.889,0.005,297.0,0,80,0,0,19.129,9.564,5088273
4.356,open,80,,96.888,0.004,297.0,0,80,0,0,19.13,9.562,5099857
4.366,open,80,,96.89,0.005,297.0,0,80,0,0,19.129,9.564,5111441
4.377,open,80,,96.892,0.004,297.0,0,80,0,0,19.129,9.564,5123025
4.387,open,80,,96.893,0.002,297.0,0,80,0,0,19.129,9.564,5134609
4.397,open,80,,96.894,0.002,297.0,0,80,0,0,19.128,9.564,5149089
4.407,open,80,,96.894,0.001,297.0,0,80,0,0,19.128,9.564,5160673
4.417,open,80,,96.896,0.003,297.0,0,80,0,0,19.128,9.563,5172257
4.427,open,80,,96.895,0.002,297.0,0,80,0,0,19.128,9.564,5183841
4.437,open,80,,96.898,0.006,297.0,0,80,0,0,19.128,9.562,5195425
4.447,open,80,,96.897,0.004,297.0,0,80,0,0,19.128,9.564,5207009
4.457,open,80,,96.897,0.002,297.0,0,80,0,0,19.128,9.564,5221489
4.467,open,80,,96.896,0.003,297.0,0,80,0,0,19.128,9.564,5233073
4.478,open,80,,96.895,0.001,297.0,0,80,0,0,19.128,9.564,5244657
4.488,open,80,,96.895,0.001,297.0,0,80,0,0,19.128,9.564,5256241
4.498,open,80,,96.895,0.001,297.0,0,80,0,0,19.128,9.564,5267825
4.508,open,80,,96.896,0.004,297.0,0,80,0,0,19.128,9.563,5279409
4.518,open,80,,96.895,0.004,297.0,0,80,0,0,19.128,9.563,5293889
4.528,open,80,,96.897,0.005,297.0,0,80,0,0,19.128,9.563,5305473
4.538,open,80,,96.895,0.007,297.0,0,80,0,0,19.128,9.563,5317057
4.548,open,80,,96.899,0.009,297.0,0,80,0,0,19.127,9.562,5328641
4.558,open,80,,96.895,0.006,297.0,0,80,0,0,19.128,9.563,5340225
4.569,open,80,,96.895,0.002,297.0,0,80,0,0,19.128,9.564,5351809
4.579,open,80,,96.895,0.001,297.0,0,80,0,0,19.128,9.564,5366289
4.589,open,80,,96.895,0.001,297.0,0,80,0,0,19.128,9.564,5377873
4.599,open,80,,96.896,0.001,297.0,0,80,0,0,19.128,9.564,5389457
4.609,open,80,,96.895,0.001,297.0,0,80,0,0,19.128,9.564,5401041
4.619,open,80,,96.893,0.001,297.0,0,80,0,0,19.129,9.563,5412625
4.629,open,80,,96.891,0.003,297.0,0,80,0,0,19.129,9.564,5427105
4.639,open,80,,96.889,0.002,297.0,0,80,0,0,19.129,9.564,5438689
4.649,open,80,,96.889,0.004,297.0,0,80,0,0,19.129,9.564,5450273
4.660,open,80,,96.893,0.008,297.0,0,80,0,0,19.129,9.563,5461857
4.670,open,80,,96.898,0.009,297.0,0,80,0,0,19.128,9.564,5473441
4.680,open,80,,96.898,0.005,297.0,0,80,0,0,19.128,9.564,5485025
4.690,open,80,,96.898,0.005,297.0,0,80,0,0,19.128,9.564,5499505
4.700,open,80,,96.897,0.003,297.0,0,80,0,0,19.128,9.564,5511089
4.710,open,80,,96.897,0.002,297.0,0,80,0,0,19.128,9.564,5522673
4.720,open,80,,96.896,0.001,297.0,0,80,0,0,19.128,9.564,5534257
4.730,open,80,,96.898,0.003,297.0,0,80,0,0,19.128,9.564,5545841
4.741,open,80,,96.897,0.003,297.0,0,80,0,0,19.128,9.564,5557425
4.751,open,80,,96.897,0.005,297.0,0,80,0,0,19.128,9.564,5571905
4.761,open,80,,96.889,0.006,297.0,0,80,0,0,19.129,9.56,5583489
4.771,open,80,,96.888,0.004,297.0,0,80,0,0,19.13,9.562,5595073
4.781,open,80,,96.887,0.004,297.0,0,80,0,0,19.13,9.562,5606657
4.791,open,80,,96.89,0.005,297.0,0,80,0,0,19.129,9.564,5618241
4.801,open,80,,96.891,0.003,297.0,0,80,0,0,19.129,9.564,5632721
4.811,open,80,,96.892,0.001,297.0,0,80,0,0,19.129,9.564,5644305
4.821,open,80,,96.891,0.002,297.0,0,80,0,0,19.129,9.563,5655889
4.831,open,80,,96.89,0.002,297.0,0,80,0,0,19.129,9.564,5667473
4.842,open,80,,96.892,0.003,297.0,0,80,0,0,19.129,9.564,5679057
4.852,open,80,,96.891,0.003,297.0,0,80,0,0,19.129,9.564,5690641
4.862,open,80,,96.893,0.002,297.0,0,80,0,0,19.129,9.564,5705121
4.872,open,80,,96.894,0.002,297.0,0,80,0,0,19.129,9.564,5716705
4.882,open,80,,96.894,0.002,297.0,0,80,0,0,19.128,9.564,5728289
4.892,open,80,,96.895,0.001,297.0,0,80,0,0,19.128,9.564,5739873
4.902,open,80,,96.895,0.001,297.0,0,80,0,0,19.128,9.564,5751457
4.912,open,80,,96.895,0.001,297.0,0,80,0,0,19.128,9.564,5763041
4.922,open,80,,96.895,0.001,297.0,0,80,0,0,19.128,9.564,5777521
4.932,open,80,,96.895,0.0,297.0,0,80,0,0,19.128,9.564,5789105
4.943,open,80,,96.895,0.001,297.0,0,80,0,0,19.128,9.564,5800689
4.953,open,80,,96.895,0.0,297.0,0,80,0,0,19.128,9.564,5812273
4.963,open,80,,96.893,0.001,297.0,0,80,0,0,19.129,9.563,5823857
4.973,open,80,,96.893,0.001,297.0,0,80,0,0,19.129,9.564,5835441
4.983,open,80,,96.894,0.001,297.0,0,80,0,0,19.128,9.564,5849921
4.993,open,80,,96.894,0.001,297.0,0,80,0,0,19.128,9.564,5861505
5.003,open,80,,96.895,0.001,297.0,0,80,0,0,19.128,9.564,5873089
5.013,open,80,,96.894,0.001,297.0,0,80,0,0,19.128,9.564,5884673
5.023,open,80,,96.894,0.001,297.0,0,80,0,0,19.128,9.564,5896257
5.033,open,80,,96.895,0.001,297.0,0,80,0,0,19.128,9.564,5907841
5.044,open,80,,96.895,0.0,297.0,0,80,0,0,19.128,9.564,5922321
5.054,open,80,,96.895,0.0,297.0,0,80,0,0,19.128,9.564,5933905
5.064,open,80,,96.895,0.0,297.0,0,80,0,0,19.128,9.564,5945489
5.074,open,80,,96.895,0.0,297.0,0,80,0,0,19.128,9.564,5957073
5.084,open,80,,96.895,0.0,297.0,0,80,0,0,19.128,9.564,5968657
5.094,open,80,,96.895,0.0,297.0,0,80,0,0,19.128,9.564,5980241
5.104,open,80,,96.895,0.001,297.0,0,80,0,0,19.128,9.564,5994721
5.114,open,80,,96.895,0.0,297.0,0,80,0,0,19.128,9.564,6006305
5.124,open,80,,96.895,0.001,297.0,0,80,0,0,19.128,9.564,6017889
5.135,open,80,,96.895,0.0,297.0,0,80,0,0,19.128,9.564,6029473
5.145,open,80,,96.896,0.001,297.0,0,80,0,0,19.128,9.564,6041057
5.155,open,80,,96.896,0.001,297.0,0,80,0,0,19.128,9.564,6055537
5.165,open,80,,96.896,0.001,297.0,0,80,0,0,19.128,9.564,6067121
5.175,open,80,,96.897,0.003,297.0,0,80,0,0,19.128,9.564,6078705
5.185,open,80,,96.897,0.002,297.0,0,80,0,0,19.128,9.564,6090289
5.195,open,80,,96.896,0.001,297.0,0,80,0,0,19.128,9.564,6101873
5.205,open,80,,96.896,0.001,297.0,0,80,0,0,19.128,9.564,6113457
5.215,open,80,,96.896,0.0,297.0,0,80,0,0,19.128,9.564,6127937
5.225,open,80,,96.895,0.001,297.0,0,80,0,0,19.128,9.564,6139521
5.236,open,80,,96.895,0.001,297.0,0,80,0,0,19.128,9.564,6151105
5.246,open,80,,96.893,0.001,297.0,0,80,0,0,19.129,9.564,6162689
5.256,open,80,,96.894,0.002,297.0,0,80,0,0,19.129,9.564,6174273
5.266,open,80,,96.894,0.001,297.0,0,80,0,0,19.129,9.564,6185857
5.276,open,80,,96.893,0.002,297.0,0,80,0,0,19.129,9.564,6200337
5.286,open,80,,96.877,0.006,297.0,0,80,0,0,19.132,9.55,6211921
5.296,open,80,,96.889,0.017,297.0,0,80,0,0,19.129,9.564,6223505
5.306,open,80,,96.893,0.011,297.0,0,80,0,0,19.129,9.563,6235089
5.317,open,80,,96.896,0.008,297.0,0,80,0,0,19.128,9.564,6246673
5.327,open,80,,96.896,0.003,297.0,0,80,0,0,19.128,9.564,6258257
5.337,open,80,,96.896,0.001,297.0,0,80,0,0,19.128,9.564,6272737
5.347,open,80,,96.896,0.001,297.0,0,80,0,0,19.128,9.564,6284321
5.357,open,80,,96.896,0.0,297.0,0,80,0,0,19.128,9.564,6295905
5.367,open,80,,96.895,0.0,297.0,0,80,0,0,19.128,9.564,6307489
5.377,open,80,,96.895,0.001,297.0,0,80,0,0,19.128,9.564,6319073
5.387,open,80,,96.892,0.002,297.0,0,80,0,0,19.129,9.562,6333553
5.397,open,80,,96.89,0.004,297.0,0,80,0,0,19.129,9.564,6345137
5.408,open,80,,96.888,0.003,297.0,0,80,0,0,19.13,9.563,6356721
5.418,open,80,,96.891,0.005,297.0,0,80,0,0,19.129,9.564,6368305
5.428,open,80,,96.892,0.003,297.0,0,80,0,0,19.129,9.564,6379889
5.438,open,80,,96.895,0.004,297.0,0,80,0,0,19.128,9.564,6391473
5.448,open,80,,96.894,0.002,297.0,0,80,0,0,19.128,9.564,6405953
5.458,open,80,,96.894,0.001,297.0,0,80,0,0,19.128,9.564,6417537
5.468,open,80,,96.894,0.001,297.0,0,80,0,0,19.128,9.564,6429121
5.478,open,80,,96.893,0.002,297.0,0,80,0,0,19.129,9.563,6440705
5.488,open,80,,96.893,0.001,297.0,0,80,0,0,19.129,9.564,6452289
5.499,open,80,,96.894,0.002,297.0,0,80,0,0,19.128,9.564,6463873
5.509,open,80,,96.894,0.001,297.0,0,80,0,0,19.128,9.564,6478353
5.519,open,80,,96.894,0.002,297.0,0,80,0,0,19.128,9.564,6489937
5.529,open,80,,96.895,0.001,297.0,0,80,0,0,19.128,9.564,6501521
5.539,open,80,,96.894,0.003,297.0,0,80,0,0,19.128,9.563,6513105
5.549,open,80,,96.895,0.001,297.0,0,80,0,0,19.128,9.564,6524689
5.559,open,80,,96.896,0.002,297.0,0,80,0,0,19.128,9.564,6536273
5.569,open,80,,96.896,0.001,297.0,0,80,0,0,19.128,9.564,6550753
5.579,open,80,,96.896,0.001,297.0,0,80,0,0,19.128,9.564,6562337
5.589,open,80,,96.897,0.002,297.0,0,80,0,0,19.128,9.564,6573921
5.600,open,80,,96.913,0.027,297.0,0,80,0,0,19.125,9.558,6585505
5.610,open,80,,97.013,0.197,298.0,0,80,0,0,19.105,9.494,6597089
5.620,open,80,,96.991,0.091,297.0,0,80,0,0,19.109,9.557,6608673
5.630,open,80,,96.976,0.038,297.0,0,80,0,0,19.112,9.557,6623153
5.640,open,80,,96.967,0.023,297.0,0,80,0,0,19.114,9.558,6634737
5.650,open,80,,96.964,0.013,297.0,0,80,0,0,19.115,9.558,6646321
5.660,open,80,,96.963,0.008,297.0,0,80,0,0,19.115,9.557,6657905
5.670,open,80,,96.963,0.009,297.0,0,80,0,0,19.115,9.558,6669489
5.681,open,80,,96.961,0.006,297.0,0,80,0,0,19.115,9.558,6683969
5.691,open,80,,96.959,0.014,297.0,0,80,0,0,19.116,9.56,6695553
5.701,open,80,,96.932,0.018,297.0,0,80,0,0,19.121,9.558,6707137
5.711,open,80,,96.853,0.045,297.0,0,80,0,0,19.136,9.558,6718721
5.721,open,80,,96.871,0.038,297.0,0,80,0,0,19.133,9.558,6730305
5.731,open,80,,96.881,0.025,297.0,0,80,0,0,19.131,9.558,6741889
5.741,open,80,,96.887,0.013,297.0,0,80,0,0,19.13,9.558,6756369
5.751,open,80,,96.891,0.008,297.0,0,80,0,0,19.129,9.557,6767953
5.762,open,80,,96.884,0.008,297.0,0,80,0,0,19.13,9.555,6779537
5.772,open,80,,96.888,0.007,297.0,0,80,0,0,19.13,9.558,6791121
5.782,open,80,,96.884,0.007,297.0,0,80,0,0,19.131,9.554,6802705
5.792,open,80,,96.89,0.009,297.0,0,80,0,0,19.129,9.564,6817185
5.802,open,80,,96.932,0.082,297.0,0,80,0,0,19.121,9.535,6828769
5.812,open,80,,96.917,0.047,297.0,0,80,0,0,19.124,9.564,6840353
5.822,open,80,,96.908,0.025,297.0,0,80,0,0,19.126,9.564,6851937
5.832,open,80,,96.902,0.018,297.0,0,80,0,0,19.127,9.564,6863521
5.843,open,80,,96.895,0.015,297.0,0,80,0,0,19.128,9.564,6875105
5.853,open,80,,96.895,0.006,297.0,0,80,0,0,19.128,9.564,6889585
5.863,open,80,,96.894,0.003,297.0,0,80,0,0,19.128,9.564,6901169
5.873,open,80,,96.895,0.003,297.0,0,80,0,0,19.128,9.564,6912753
5.883,open,80,,96.894,0.003,297.0,0,80,0,0,19.128,9.564,6924337
5.893,open,80,,96.89,0.003,297.0,0,80,0,0,19.129,9.561,6935921
5.903,open,80,,96.852,0.012,297.0,0,80,0,0,19.137,9.562,6947505
5.913,open,80,,96.87,0.022,297.0,0,80,0,0,19.133,9.564,6961985
5.923,open,80,,96.875,0.016,297.0,0,80,0,0,19.132,9.564,6973569
5.934,open,80,,96.884,0.016,297.0,0,80,0,0,19.131,9.564,6985153
5.944,open,80,,96.889,0.011,297.0,0,80,0,0,19.129,9.564,6996737
5.954,open,80,,96.889,0.007,297.0,0,80,0,0,19.129,9.564,7008321
5.964,open,80,,96.889,0.003,297.0,0,80,0,0,19.129,9.564,7019905
5.974,open,80,,96.888,0.003,297.0,0,80,0,0,19.13,9.564,7034385
5.984,open,80,,96.888,0.003,297.0,0,80,0,0,19.13,9.564,7045969
5.994,open,80,,96.888,0.002,297.0,0,80,0,0,19.13,9.564,7057553
6.004,open,80,,96.89,0.003,297.0,0,80,0,0,19.129,9.564,7069137
6.014,open,80,,96.891,0.002,297.0,0,80,0,0,19.129,9.564,7080721
6.024,open,80,,96.89,0.001,297.0,0,80,0,0,19.129,9.564,7092305
6.035,open,80,,96.891,0.001,297.0,0,80,0,0,19.129,9.563,7106785
6.045,open,80,,96.891,0.002,297.0,0,80,0,0,19.129,9.564,7118369
6.055,open,80,,96.891,0.002,297.0,0,80,0,0,19.129,9.564,7129953
6.065,open,80,,96.892,0.002,297.0,0,80,0,0,19.129,9.564,7141537
6.075,open,80,,96.892,0.002,297.0,0,80,0,0,19.129,9.564,7153121
6.085,open,80,,96.894,0.002,297.0,0,80,0,0,19.129,9.564,7167601
6.095,open,80,,96.894,0.001,297.0,0,80,0,0,19.128,9.564,7179185
6.105,open,80,,96.894,0.001,297.0,0,80,0,0,19.128,9.564,7190769
6.115,open,80,,96.894,0.0,297.0,0,80,0,0,19.128,9.564,7202353
6.125,open,80,,96.895,0.001,297.0,0,80,0,0,19.128,9.564,7213937
6.136,open,80,,96.895,0.001,297.0,0,80,0,0,19.128,9.564,7225521
6.146,open,80,,96.896,0.004,297.0,0,80,0,0,19.128,9.563,7240001
6.156,open,80,,96.896,0.002,297.0,0,80,0,0,19.128,9.564,7251585
6.166,open,80,,96.896,0.002,297.0,0,80,0,0,19.128,9.564,7263169
6.176,open,80,,96.896,0.003,297.0,0,80,0,0,19.128,9.564,7274753
6.186,open,80,,96.896,0.002,297.0,0,80,0,0,19.128,9.564,7286337
6.196,open,80,,96.895,0.001,297.0,0,80,0,0,19.128,9.564,7297921
6.206,open,80,,96.896,0.001,297.0,0,80,0,0,19.128,9.564,7312401
6.216,open,80,,96.896,0.001,297.0,0,80,0,0,19.128,9.564,7323985
6.227,open,80,,96.896,0.001,297.0,0,80,0,0,19.128,9.564,7335569
6.237,open,80,,96.895,0.001,297.0,0,80,0,0,19.128,9.564,7347153
6.247,open,80,,96.893,0.001,297.0,0,80,0,0,19.129,9.564,7358737
6.257,open,80,,96.895,0.003,297.0,0,80,0,0,19.128,9.564,7370321
6.267,open,80,,96.895,0.001,297.0,0,80,0,0,19.128,9.564,7384801
6.277,open,80,,96.895,0.002,297.0,0,80,0,0,19.128,9.564,7396385
6.287,open,80,,96.925,0.061,297.0,0,80,0,0,19.122,9.54,7407969
6.297,open,80,,96.912,0.035,297.0,0,80,0,0,19.125,9.564,7419553
6.307,open,80,,96.906,0.019,297.0,0,80,0,0,19.126,9.563,7431137
6.317,open,80,,96.901,0.012,297.0,0,80,0,0,19.127,9.564,7442721
6.328,open,80,,96.899,0.006,297.0,0,80,0,0,19.128,9.564,7457201
6.338,open,80,,96.897,0.004,297.0,0,80,0,0,19.128,9.564,7468785
6.348,open,80,,96.895,0.003,297.0,0,80,0,0,19.128,9.563,7480369
6.358,open,80,,96.894,0.002,297.0,0,80,0,0,19.128,9.564,7491953
6.368,open,80,,96.894,0.002,297.0,0,80,0,0,19.128,9.564,7503537
6.378,open,80,,96.894,0.002,297.0,0,80,0,0,19.128,9.564,7515121
6.388,open,80,,96.872,0.017,297.0,0,80,0,0,19.133,9.564,7529601
6.398,open,80,,96.882,0.018,297.0,0,80,0,0,19.131,9.564,7541185
6.408,open,80,,96.887,0.013,297.0,0,80,0,0,19.13,9.564,7552769
6.418,open,80,,96.89,0.009,297.0,0,80,0,0,19.129,9.563,7564353
6.429,open,80,,96.892,0.006,297.0,0,80,0,0,19.129,9.564,7575937
6.439,open,80,,96.897,0.008,297.0,0,80,0,0,19.128,9.563,7590417
6.449,open,80,,96.899,0.006,297.0,0,80,0,0,19.127,9.564,7602001
6.459,open,80,,96.9,0.005,297.0,0,80,0,0,19.127,9.563,7613585
6.469,open,80,,96.903,0.008,297.0,0,80,0,0,19.127,9.562,7625169
6.479,open,80,,96.902,0.007,297.0,0,80,0,0,19.127,9.564,7636753
6.489,open,80,,96.9,0.005,297.0,0,80,0,0,19.127,9.564,7648337
6.499,open,80,,96.897,0.004,297.0,0,80,0,0,19.128,9.564,7662817
6.510,open,80,,96.897,0.002,297.0,0,80,0,0,19.128,9.564,7674401
6.520,open,80,,96.895,0.001,297.0,0,80,0,0,19.128,9.564,7685985
6.530,open,80,,96.895,0.001,297.0,0,80,0,0,19.128,9.564,7697569
6.540,open,80,,96.891,0.001,297.0,0,80,0,0,19.129,9.563,7709153
6.550,open,80,,96.889,0.002,297.0,0,80,0,0,19.129,9.564,7720737
6.560,open,80,,96.889,0.001,297.0,0,80,0,0,19.13,9.564,7735217
6.570,open,80,,96.887,0.004,297.0,0,80,0,0,19.13,9.564,7746801
6.580,open,80,,96.888,0.005,297.0,0,80,0,0,19.13,9.564,7758385
6.590,open,80,,96.891,0.005,297.0,0,80,0,0,19.129,9.564,7769969
6.600,open,80,,96.892,0.003,297.0,0,80,0,0,19.129,9.564,7781553
6.611,open,80,,96.893,0.002,297.0,0,80,0,0,19.129,9.564,7793137
6.621,open,80,,96.894,0.001,297.0,0,80,0,0,19.129,9.564,7807617
6.631,open,80,,96.894,0.001,297.0,0,80,0,0,19.128,9.564,7819201
6.641,open,80,,96.895,0.002,297.0,0,80,0,0,19.128,9.564,7830785
6.651,open,80,,96.895,0.001,297.0,0,80,0,0,19.128,9.564,7842369
6.661,open,80,,96.898,0.004,297.0,0,80,0,0,19.128,9.564,7853953
6.671,open,80,,96.9,0.005,297.0,0,80,0,0,19.127,9.563,7868433
6.681,open,80,,96.9,0.004,297.0,0,80,0,0,19.127,9.563,7880017
6.691,open,80,,96.901,0.006,297.0,0,80,0,0,19.127,9.563,7891601
6.702,open,80,,96.9,0.004,297.0,0,80,0,0,19.127,9.564,7903185
6.712,open,80,,96.898,0.004,297.0,0,80,0,0,19.128,9.564,7914769
6.722,open,80,,96.897,0.002,297.0,0,80,0,0,19.128,9.564,7926353
6.732,open,80,,96.895,0.001,297.0,0,80,0,0,19.128,9.564,7940833
6.742,open,80,,96.895,0.001,297.0,0,80,0,0,19.128,9.564,7952417
6.752,open,80,,96.893,0.002,297.0,0,80,0,0,19.129,9.562,7964001
6.762,open,80,,96.888,0.003,297.0,0,80,0,0,19.13,9.561,7975585
6.772,open,80,,96.888,0.003,297.0,0,80,0,0,19.13,9.563,7987169
6.782,open,80,,96.886,0.003,297.0,0,80,0,0,19.13,9.562,7998753
6.793,open,80,,96.888,0.004,297.0,0,80,0,0,19.13,9.563,8013233
6.803,open,80,,96.889,0.004,297.0,0,80,0,0,19.129,9.563,8024817
6.813,open,80,,96.892,0.005,297.0,0,80,0,0,19.129,9.564,8036401
6.823,open,80,,96.893,0.002,297.0,0,80,0,0,19.129,9.564,8047985
6.833,open,80,,96.894,0.002,297.0,0,80,0,0,19.129,9.564,8059569
6.843,open,80,,96.894,0.001,297.0,0,80,0,0,19.128,9.564,8071153
6.853,open,80,,96.894,0.001,297.0,0,80,0,0,19.128,9.564,8085633
6.863,open,80,,96.895,0.001,297.0,0,80,0,0,19.128,9.564,8097217
6.873,open,80,,96.895,0.0,297.0,0,80,0,0,19.128,9.564,8108801
6.883,open,80,,96.895,0.001,297.0,0,80,0,0,19.128,9.564,8120385
6.894,open,80,,96.895,0.0,297.0,0,80,0,0,19.128,9.564,8131969
6.904,open,80,,96.895,0.0,297.0,0,80,0,0,19.128,9.564,8143553
6.914,open,80,,96.895,0.0,297.0,0,80,0,0,19.128,9.564,8158033
6.924,open,80,,96.895,0.0,297.0,0,80,0,0,19.128,9.564,8169617
6.934,open,80,,96.895,0.0,297.0,0,80,0,0,19.128,9.564,8181201
6.944,open,80,,96.895,0.0,297.0,0,80,0,0,19.128,9.564,8192785
6.954,open,80,,96.895,0.0,297.0,0,80,0,0,19.128,9.564,8204369
6.964,open,80,,96.895,0.001,297.0,0,80,0,0,19.128,9.564,8215953
6.974,open,80,,96.895,0.001,297.0,0,80,0,0,19.128,9.564,8230433
6.985,open,80,,96.895,0.001,297.0,0,80,0,0,19.128,9.564,8242017
6.995,open,80,,96.894,0.001,297.0,0,80,0,0,19.128,9.564,8253601
7.005,open,80,,96.894,0.001,297.0,0,80,0,0,19.128,9.564,8265185
7.015,open,80,,96.895,0.0,297.0,0,80,0,0,19.128,9.564,8276769
7.025,open,80,,96.895,0.001,297.0,0,80,0,0,19.128,9.564,8291249
7.035,open,80,,96.895,0.001,297.0,0,80,0,0,19.128,9.564,8302833
7.045,open,80,,96.895,0.001,297.0,0,80,0,0,19.128,9.564,8314417
7.055,open,80,,96.896,0.001,297.0,0,80,0,0,19.128,9.564,8326001
7.065,open,80,,96.895,0.001,297.0,0,80,0,0,19.128,9.564,8337585
7.075,open,80,,96.895,0.0,297.0,0,80,0,0,19.128,9.564,8349169
7.086,open,80,,96.895,0.001,297.0,0,80,0,0,19.128,9.564,8363649
7.096,open,80,,96.895,0.0,297.0,0,80,0,0,19.128,9.564,8375233
7.106,open,80,,96.895,0.001,297.0,0,80,0,0,19.128,9.564,8386817
7.116,open,80,,96.895,0.0,297.0,0,80,0,0,19.128,9.564,8398401
7.126,open,80,,96.895,0.001,297.0,0,80,0,0,19.128,9.564,8409985
7.136,open,80,,96.895,0.0,297.0,0,80,0,0,19.128,9.564,8421569
7.146,open,80,,96.898,0.005,297.0,0,80,0,0,19.128,9.563,8436049
7.156,open,80,,96.902,0.012,297.0,0,80,0,0,19.127,9.564,8447633
7.167,open,80,,96.903,0.006,297.0,0,80,0,0,19.127,9.563,8459217
7.177,open,80,,96.906,0.013,297.0,0,80,0,0,19.126,9.564,8470801
7.187,open,80,,96.903,0.008,297.0,0,80,0,0,19.127,9.564,8482385
7.197,open,80,,96.901,0.004,297.0,0,80,0,0,19.127,9.564,8496865
7.207,open,80,,96.902,0.003,297.0,0,80,0,0,19.127,9.563,8508449
7.217,open,80,,96.903,0.004,297.0,0,80,0,0,19.127,9.563,8520033
7.227,open,80,,96.903,0.003,297.0,0,80,0,0,19.127,9.563,8531617
7.238,open,80,,96.901,0.002,297.0,0,80,0,0,19.127,9.564,8543201
7.248,open,80,,96.888,0.005,297.0,0,80,0,0,19.13,9.557,8554785
7.258,open,80,,96.89,0.004,297.0,0,80,0,0,19.129,9.562,8569265
7.268,open,80,,96.886,0.006,297.0,0,80,0,0,19.13,9.564,8580849
7.278,open,80,,96.889,0.007,297.0,0,80,0,0,19.129,9.564,8592433
7.288,open,80,,96.895,0.012,297.0,0,80,0,0,19.128,9.562,8604017
7.298,open,80,,96.895,0.008,297.0,0,80,0,0,19.128,9.563,8615601
7.308,open,80,,96.893,0.005,297.0,0,80,0,0,19.129,9.563,8630081
7.319,open,80,,96.889,0.005,297.0,0,80,0,0,19.129,9.563,8641665
7.329,open,80,,96.892,0.006,297.0,0,80,0,0,19.129,9.563,8653249
7.339,open,80,,96.897,0.01,297.0,0,80,0,0,19.128,9.563,8664833
7.349,open,80,,96.9,0.01,297.0,0,80,0,0,19.127,9.562,8676417
7.359,open,80,,96.899,0.006,297.0,0,80,0,0,19.128,9.563,8690897
7.369,open,80,,96.905,0.019,297.0,0,80,0,0,19.126,9.564,8702481
7.379,open,80,,96.899,0.014,297.0,0,80,0,0,19.128,9.563,8714065
7.389,open,80,,96.892,0.012,297.0,0,80,0,0,19.129,9.563,8725649
7.400,open,80,,96.892,0.007,297.0,0,80,0,0,19.129,9.564,8737233
7.410,open,80,,96.892,0.004,297.0,0,80,0,0,19.129,9.564,8748817
7.420,open,80,,96.893,0.004,297.0,0,80,0,0,19.129,9.563,8763297
7.430,open,80,,96.891,0.004,297.0,0,80,0,0,19.129,9.562,8774881
7.440,open,80,,96.887,0.005,297.0,0,80,0,0,19.13,9.564,8786465
7.450,open,80,,96.887,0.006,297.0,0,80,0,0,19.13,9.564,8798049
7.460,open,80,,96.887,0.005,297.0,0,80,0,0,19.13,9.564,8809633
7.470,open,80,,96.882,0.01,297.0,0,80,0,0,19.131,9.564,8821217
7.480,open,80,,96.887,0.008,297.0,0,80,0,0,19.13,9.564,8835697
7.491,open,80,,96.89,0.006,297.0,0,80,0,0,19.129,9.564,8847281
7.501,open,80,,96.898,0.017,297.0,0,80,0,0,19.128,9.564,8858865
7.511,open,80,,96.896,0.008,297.0,0,80,0,0,19.128,9.564,8870449
7.521,open,80,,96.894,0.006,297.0,0,80,0,0,19.129,9.563,8882033
7.531,open,80,,96.893,0.003,297.0,0,80,0,0,19.129,9.564,8893617
7.541,open,80,,96.893,0.003,297.0,0,80,0,0,19.129,9.565,8908097
7.551,open,80,,96.894,0.002,297.0,0,80,0,0,19.128,9.564,8919681
7.561,open,80,,96.893,0.002,297.0,0,80,0,0,19.129,9.564,8931265
7.571,open,80,,96.894,0.001,297.0,0,80,0,0,19.128,9.564,8942849
7.581,open,80,,96.895,0.002,297.0,0,80,0,0,19.128,9.564,8954433
7.592,open,80,,96.896,0.002,297.0,0,80,0,0,19.128,9.564,8966017
7.602,open,80,,96.893,0.009,297.0,0,80,0,0,19.129,9.564,8980497
7.612,open,80,,96.899,0.011,297.0,0,80,0,0,19.127,9.562,8992081
7.622,open,80,,96.9,0.004,297.0,0,80,0,0,19.127,9.564,9003665
7.632,open,80,,96.9,0.003,297.0,0,80,0,0,19.127,9.563,9015249
7.642,open,80,,96.901,0.003,297.0,0,80,0,0,19.127,9.564,9026833
7.652,open,80,,96.903,0.003,297.0,0,80,0,0,19.127,9.563,9038417
7.662,open,80,,96.905,0.006,297.0,0,80,0,0,19.126,9.563,9052897
7.673,open,80,,96.905,0.006,297.0,0,80,0,0,19.126,9.564,9064481
7.683,open,80,,96.905,0.006,297.0,0,80,0,0,19.126,9.563,9076065
7.693,open,80,,96.905,0.009,297.0,0,80,0,0,19.126,9.564,9087649
7.703,open,80,,96.898,0.009,297.0,0,80,0,0,19.128,9.563,9099233
7.713,open,80,,96.898,0.01,297.0,0,80,0,0,19.128,9.562,9113713
7.723,open,80,,96.905,0.015,297.0,0,80,0,0,19.126,9.56,9125297
7.734,open,80,,96.901,0.01,297.0,0,80,0,0,19.127,9.563,9136881
7.744,open,80,,96.902,0.006,297.0,0,80,0,0,19.127,9.563,9148465
7.754,open,80,,96.894,0.007,297.0,0,80,0,0,19.129,9.56,9160049
7.764,open,80,,96.889,0.007,297.0,0,80,0,0,19.129,9.563,9174529
7.774,open,80,,96.889,0.006,297.0,0,80,0,0,19.129,9.562,9186113
7.784,open,80,,96.887,0.007,297.0,0,80,0,0,19.13,9.564,9197697
7.794,open,80,,96.89,0.008,297.0,0,80,0,0,19.129,9.564,9209281
7.804,open,80,,96.892,0.005,297.0,0,80,0,0,19.129,9.564,9220865
7.815,open,80,,96.885,0.006,297.0,0,80,0,0,19.13,9.561,9232449
7.825,open,80,,96.882,0.007,297.0,0,80,0,0,19.131,9.564,9246929
7.835,open,80,,96.881,0.007,297.0,0,80,0,0,19.131,9.563,9258513
7.845,open,80,,96.886,0.009,297.0,0,80,0,0,19.13,9.564,9270097
7.855,open,80,,96.887,0.004,297.0,0,80,0,0,19.13,9.564,9281681
7.865,open,80,,96.89,0.006,297.0,0,80,0,0,19.129,9.563,9293265
7.875,open,80,,96.894,0.008,297.0,0,80,0,0,19.129,9.563,9304849
7.885,open,80,,96.897,0.009,297.0,0,80,0,0,19.128,9.563,9319329
7.895,open,80,,96.91,0.032,297.0,0,80,0,0,19.125,9.553,9330913
7.906,open,80,,96.905,0.016,297.0,0,80,0,0,19.126,9.564,9342497
7.916,open,80,,96.9,0.011,297.0,0,80,0,0,19.127,9.565,9354081
7.926,open,80,,96.897,0.006,297.0,0,80,0,0,19.128,9.564,9365665
7.936,open,80,,96.897,0.006,297.0,0,80,0,0,19.128,9.564,9380145
7.946,open,80,,96.896,0.003,297.0,0,80,0,0,19.128,9.564,9391729
7.956,open,80,,96.893,0.002,297.0,0,80,0,0,19.129,9.564,9403313
7.966,open,80,,96.889,0.003,297.0,0,80,0,0,19.129,9.564,9414897
7.976,open,80,,96.885,0.003,297.0,0,80,0,0,19.13,9.563,9426481
7.986,open,80,,96.884,0.003,297.0,0,80,0,0,19.131,9.564,9438065
7.996,open,80,,96.874,0.011,297.0,0,80,0,0,19.132,9.564,9452545
8.007,open,80,,96.879,0.01,297.0,0,80,0,0,19.131,9.564,9464129
8.017,open,80,,96.883,0.01,297.0,0,80,0,0,19.131,9.564,9475713
8.027,open,80,,96.885,0.007,297.0,0,80,0,0,19.13,9.564,9487297
