t_s,ahead_ms,offered,passed,stamped,horizon_drops
0.000,0.000,1,1,0,0
0.101,0.000,68,68,0,0
0.201,0.000,134,134,0,0
0.301,0.000,200,200,0,0
0.401,0.000,266,266,0,0
0.501,0.000,332,332,0,0
0.601,0.000,398,391,7,0
0.701,0.000,464,457,7,0
0.801,0.000,530,521,9,0
0.901,0.000,596,587,9,0
1.001,0.000,662,653,9,0
1.101,0.000,728,719,9,0
1.201,0.000,794,785,9,0
1.301,0.000,860,851,9,0
1.400,0.000,926,917,9,0
1.500,0.000,992,983,9,0
1.600,0.000,1058,1049,9,0
1.700,0.000,1124,1115,9,0
1.800,0.000,1190,1181,9,0
1.900,0.000,1256,1247,9,0
2.002,0.000,1323,1314,9,0
2.101,0.000,1389,1380,9,0
2.201,0.000,1455,1444,11,0
2.300,0.000,1520,1499,21,0
2.401,0.000,1587,1553,34,0
2.501,0.000,1653,1619,34,0
2.601,0.000,1719,1685,34,0
2.701,0.000,1785,1747,38,0
2.801,0.000,1851,1813,38,0
2.901,0.000,1917,1879,38,0
3.001,0.000,1983,1944,39,0
3.101,0.000,2049,2010,39,0
3.201,0.000,2115,2071,44,0
3.301,0.000,2181,2127,54,0
3.400,0.000,2247,2178,69,0
3.500,0.000,2313,2244,69,0
3.600,0.000,2379,2310,69,0
3.700,0.000,2445,2376,69,0
3.800,0.000,2511,2441,70,0
3.900,0.479,2577,2499,78,0
4.002,0.000,2644,2565,79,0
4.101,0.000,2710,2631,79,0
4.201,0.000,2776,2694,82,0
4.301,0.000,2842,2760,82,0
4.401,0.000,2908,2821,87,0
4.502,0.000,2974,2878,96,0
4.601,0.000,3040,2944,96,0
4.701,0.000,3106,3010,96,0
4.801,0.000,3172,3076,96,0
4.901,0.000,3238,3141,97,0
5.001,0.000,3304,3207,97,0
5.101,0.000,3370,3271,99,0
5.201,0.000,3436,3336,100,0
5.301,0.280,3502,3392,110,0
5.401,0.000,3568,3443,125,0
5.500,0.088,3634,3501,133,0
5.600,0.000,3700,3565,135,0
5.700,0.000,3766,3630,136,0
5.800,0.000,3832,3696,136,0
5.900,0.000,3898,3762,136,0
6.001,0.000,3965,3829,136,0
6.101,0.000,4031,3895,136,0
6.201,0.000,4097,3961,136,0
6.301,0.000,4163,4027,136,0
6.401,0.000,4229,4090,139,0
6.501,0.000,4295,4153,142,0
6.601,0.000,4361,4219,142,0
6.701,0.000,4427,4284,143,0
6.801,0.000,4493,4350,143,0
6.901,0.000,4559,4416,143,0
7.001,0.000,4625,4482,143,0
7.101,0.000,4691,4548,143,0
7.201,0.000,4757,4614,143,0
7.301,0.000,4823,4680,143,0
7.400,0.000,4889,4746,143,0
7.501,0.000,4955,4805,150,0
7.600,0.000,5021,4869,152,0
7.700,0.347,5087,4925,162,0
7.800,0.000,5153,4984,169,0
7.900,0.000,5219,5048,171,0
