t_s,pkts,mbit_wire,owd_ms_median
0.10,83,10.053,24.9
0.20,83,10.053,75.1
0.30,82,9.932,125.1
0.40,83,10.053,175.0
0.50,82,9.932,225.0
0.60,83,10.053,275.0
0.70,82,9.932,324.9
0.80,83,10.053,374.9
0.90,83,10.053,425.1
1.00,82,9.932,475.1
1.10,83,10.053,525.1
1.20,82,9.932,575.0
1.30,83,10.053,625.0
1.40,82,9.932,675.0
1.50,83,10.053,724.9
1.60,83,10.053,775.2
1.70,82,9.932,825.2
1.80,83,10.053,875.1
1.90,82,9.932,925.1
2.00,83,10.053,975.0
2.10,82,9.932,1025.0
2.20,83,10.053,1075.0
2.30,83,10.053,1125.2
2.40,82,9.932,1175.2
2.50,83,10.053,1225.2
2.60,82,9.932,1275.1
2.70,83,10.053,1325.1
2.80,82,9.932,1375.0
2.90,83,10.053,1425.0
3.00,82,9.932,1475.0
3.10,83,10.053,1524.9
3.20,83,10.053,1575.2
3.30,82,9.932,1625.1
3.40,83,10.053,1675.1
3.50,82,9.932,1725.1
3.60,83,10.053,1775.0
3.70,82,9.932,1825.0
3.80,83,10.053,1875.0
3.90,83,10.053,1925.2
4.00,82,9.932,1975.2
4.10,83,10.053,1999.7
4.20,82,9.932,1999.7
4.30,83,10.053,1999.7
4.40,82,9.932,1999.7
4.50,83,10.053,1999.7
4.60,82,9.932,1999.7
4.70,83,10.053,1999.7
4.80,83,10.053,1999.7
4.90,82,9.932,1999.7
5.00,83,10.053,1999.7
5.10,82,9.932,1999.7
5.20,83,10.053,1999.7
5.30,82,9.932,1999.7
5.40,83,10.053,1999.7
5.50,83,10.053,1999.7
5.60,82,9.932,1999.7
5.70,83,10.053,1999.7
5.80,82,9.932,1999.7
5.90,83,10.053,1999.7
6.00,82,9.932,1999.7
6.10,83,10.053,1999.7
6.20,82,9.932,1999.7
6.30,83,10.053,1999.7
6.40,83,10.053,1999.7
6.50,82,9.932,1999.7
6.60,83,10.053,1999.7
6.70,82,9.932,1999.7
6.80,83,10.053,1999.7
6.90,82,9.932,1999.7
7.00,83,10.053,1999.7
7.10,82,9.932,1999.7
7.20,83,10.053,1999.7
7.30,83,10.053,1999.7
7.40,82,9.932,1999.7
7.50,83,10.053,1999.7
7.60,82,9.932,1999.7
7.70,83,10.053,1999.7
7.80,82,9.932,1999.7
7.90,83,10.053,1999.7
8.00,83,10.053,1999.7
8.10,82,9.932,1999.7
8.20,83,10.053,1999.7
8.30,82,9.932,1999.7
8.40,83,10.053,1999.7
8.50,82,9.932,1999.7
8.60,83,10.053,1999.7
8.70,83,10.053,1999.7
8.80,82,9.932,1999.7
8.90,83,10.053,1999.7
9.00,82,9.932,1999.7
9.10,83,10.053,1999.7
9.20,82,9.932,1999.7
9.30,83,10.053,1999.7
9.40,82,9.932,1999.7
9.50,83,10.053,1999.7
9.60,83,10.053,1999.7
9.70,82,9.932,1999.7
9.80,83,10.053,1999.7
9.90,82,9.932,1999.7
10.00,83,10.053,1999.7
