t_s,kind,backlog_bytes,backlog_pkts,drops,sent_pkts,sent_bytes
0.000,htb,0,0,0,4,292
0.054,htb,0,0,0,4,292
0.107,htb,0,0,0,6,432
0.159,htb,0,0,0,8,572
0.212,htb,0,0,0,12,852
0.265,htb,0,0,0,14,992
0.318,htb,0,0,0,16,1132
0.370,htb,0,0,0,20,1412
0.423,htb,0,0,0,22,1552
0.476,htb,0,0,0,24,1692
0.528,htb,0,0,0,28,1972
0.581,htb,0,0,0,30,2112
0.634,htb,0,0,0,32,2252
0.687,htb,0,0,0,34,2392
0.740,htb,96896,32,0,99,99354
0.792,htb,96896,32,0,131,147802
0.844,htb,96896,32,0,163,196250
0.896,htb,96896,32,0,195,244698
0.948,htb,96896,32,0,227,293146
1.000,htb,96896,32,0,259,341594
1.052,htb,96896,32,0,305,408370
1.104,htb,96896,32,0,357,487098
1.155,htb,96896,32,0,389,535546
1.208,htb,96896,32,0,421,583994
1.259,htb,90840,30,0,453,632442
1.312,htb,96896,32,0,485,680890
1.363,htb,96896,32,0,517,729338
1.415,htb,96896,32,0,549,777786
1.467,htb,96896,32,0,581,826234
1.519,htb,96896,32,0,613,874682
1.571,htb,96896,32,0,645,923130
1.623,htb,96896,32,0,678,971668
1.675,htb,96896,32,0,710,1020116
1.728,htb,96896,32,0,742,1068564
1.780,htb,96896,32,0,806,1165460
1.832,htb,96896,32,0,838,1213908
1.884,htb,96896,32,0,870,1262356
1.936,htb,96896,32,0,902,1310804
1.989,htb,96896,32,0,934,1359252
2.041,htb,96896,32,0,966,1407700
2.093,htb,96896,32,0,998,1456148
2.144,htb,96896,32,0,1030,1504596
2.196,htb,96896,32,0,1062,1553044
2.248,htb,96896,32,0,1094,1601492
2.300,htb,96896,32,0,1126,1649940
2.353,htb,96896,32,0,1158,1698388
2.406,htb,96896,32,0,1190,1746836
2.458,htb,96896,32,0,1254,1843732
2.510,htb,96896,32,0,1286,1892180
2.561,htb,96896,32,0,1318,1940628
2.613,htb,96896,32,0,1350,1989076
2.665,htb,96896,32,0,1382,2037524
2.717,htb,96896,32,0,1414,2085972
2.769,htb,96896,32,0,1446,2134420
2.821,htb,96896,32,0,1478,2182868
2.873,htb,96896,32,0,1510,2231316
2.925,htb,96896,32,0,1542,2279764
2.977,htb,96896,32,0,1574,2328212
3.029,htb,96896,32,0,1606,2376660
3.082,htb,96896,32,0,1638,2425108
3.133,htb,96896,32,0,1670,2473556
3.185,htb,96896,32,0,1734,2570452
3.237,htb,96896,32,0,1766,2618900
3.291,htb,96896,32,0,1798,2667348
3.343,htb,96896,32,0,1830,2715796
3.395,htb,96896,32,0,1862,2764244
3.447,htb,96896,32,0,1894,2812692
3.499,htb,96896,32,0,1926,2861140
3.551,htb,96896,32,0,1958,2909588
3.603,htb,96896,32,0,1990,2958036
3.655,htb,96896,32,0,2022,3006484
3.707,htb,96896,32,0,2054,3054932
3.759,htb,96896,32,0,2086,3103380
3.811,htb,96896,32,0,2118,3151828
3.863,htb,93868,31,0,2182,3248724
3.915,htb,96896,32,0,2214,3297172
3.967,htb,96896,32,0,2246,3345620
4.019,htb,96896,32,0,2278,3394068
4.071,htb,96896,32,0,2310,3442516
4.122,htb,96896,32,0,2342,3490964
4.174,htb,96896,32,0,2374,3539412
4.225,htb,96896,32,0,2406,3587860
4.277,htb,96896,32,0,2438,3636308
4.329,htb,96896,32,0,2470,3684756
4.382,htb,96896,32,0,2502,3733204
4.435,htb,96896,32,0,2534,3781652
4.487,htb,96896,32,0,2566,3830100
4.538,htb,96896,32,0,2598,3878548
4.590,htb,93868,31,0,2662,3975444
4.643,htb,96896,32,0,2694,4023892
4.695,htb,93868,31,0,2726,4072340
4.747,htb,96896,32,0,2758,4120788
4.799,htb,96896,32,0,2790,4169236
4.852,htb,96896,32,0,2822,4217684
4.904,htb,96896,32,0,2854,4266132
4.956,htb,96896,32,0,2886,4314580
5.008,htb,96896,32,0,2918,4363028
5.061,htb,96896,32,0,2950,4411476
5.113,htb,96896,32,0,2982,4459924
5.164,htb,96896,32,0,3014,4508372
5.217,htb,96896,32,0,3046,4556820
5.269,htb,96896,32,0,3110,4653716
5.322,htb,96896,32,0,3142,4702164
5.374,htb,96896,32,0,3174,4750612
5.425,htb,96896,32,0,3206,4799060
5.477,htb,96896,32,0,3238,4847508
5.529,htb,96896,32,0,3270,4895956
5.581,htb,96896,32,0,3302,4944404
5.633,htb,96896,32,0,3334,4992852
5.685,htb,96896,32,0,3366,5041300
5.737,htb,96896,32,0,3398,5089748
5.789,htb,96896,32,0,3430,5138196
5.841,htb,96896,32,0,3463,5186714
5.894,htb,96896,32,0,3495,5235162
5.946,htb,96896,32,0,3559,5332058
5.998,htb,96896,32,0,3591,5380506
6.051,htb,96896,32,0,3623,5428954
6.102,htb,93868,31,0,3655,5477402
6.154,htb,96896,32,0,3687,5525850
6.206,htb,96896,32,0,3719,5574298
6.259,htb,96896,32,0,3751,5622746
6.311,htb,96896,32,0,3783,5671194
6.363,htb,96896,32,0,3815,5719642
6.415,htb,96896,32,0,3847,5768090
6.467,htb,96896,32,0,3879,5816538
6.519,htb,96896,32,0,3911,5864986
6.571,htb,96896,32,0,3943,5913434
6.623,htb,96896,32,0,3993,5989134
6.676,htb,93868,31,0,4039,6058778
6.728,htb,96896,32,0,4071,6107226
6.781,htb,96896,32,0,4103,6155674
6.833,htb,96896,32,0,4135,6204122
6.885,htb,96896,32,0,4167,6252570
6.937,htb,96896,32,0,4199,6301018
6.991,htb,96896,32,0,4231,6349466
7.044,htb,96896,32,0,4263,6397914
7.096,htb,96896,32,0,4295,6446362
7.148,htb,96896,32,0,4327,6494810
7.200,htb,96896,32,0,4359,6543258
7.252,htb,96896,32,0,4391,6591706
7.304,htb,96896,32,0,4455,6688602
7.356,htb,93868,31,0,4487,6737050
7.408,htb,96896,32,0,4519,6785498
7.461,htb,96896,32,0,4551,6833946
7.513,htb,96896,32,0,4583,6882394
7.565,htb,96896,32,0,4615,6930842
7.617,htb,96896,32,0,4647,6979290
7.671,htb,96896,32,0,4679,7027738
7.723,htb,96896,32,0,4711,7076186
7.775,htb,96896,32,0,4743,7124634
7.827,htb,96896,32,0,4775,7173082
7.879,htb,96896,32,0,4807,7221530
7.931,htb,96896,32,0,4871,7318426
7.984,htb,96896,32,0,4903,7366874
8.037,htb,96896,32,0,4935,7415322
8.088,htb,96896,32,0,4967,7463770
8.140,htb,96896,32,0,4999,7512218
8.192,htb,96896,32,0,5031,7560666
8.244,htb,96896,32,0,5063,7609114
8.296,htb,96896,32,0,5095,7657562
8.349,htb,96896,32,0,5127,7706010
8.401,htb,96896,32,0,5159,7754458
8.454,htb,96896,32,0,5191,7802906
8.506,htb,96896,32,0,5223,7851354
8.558,htb,96896,32,0,5255,7899802
8.610,htb,96896,32,0,5301,7969446
8.662,htb,96896,32,0,5351,8045146
8.714,htb,96896,32,0,5383,8093594
8.765,htb,96896,32,0,5415,8142042
8.817,htb,96896,32,0,5447,8190490
8.869,htb,96896,32,0,5479,8238938
8.920,htb,96896,32,0,5511,8287386
8.972,htb,96896,32,0,5543,8335834
9.023,htb,96896,32,0,5575,8384282
9.075,htb,96896,32,0,5607,8432730
9.127,htb,96896,32,0,5639,8481178
9.178,htb,96896,32,0,5671,8529626
9.230,htb,96896,32,0,5703,8578074
9.281,htb,96896,32,0,5735,8626522
9.333,htb,96896,32,0,5767,8674970
9.385,htb,96896,32,0,5807,8735530
9.436,htb,96896,32,0,5863,8820314
9.488,htb,96896,32,0,5895,8868762
9.540,htb,96896,32,0,5927,8917210
9.592,htb,96896,32,0,5959,8965658
9.644,htb,96896,32,0,5991,9014106
9.696,htb,96896,32,0,6023,9062554
9.748,htb,96896,32,0,6055,9111002
9.800,htb,96896,32,0,6087,9159450
9.852,htb,96896,32,0,6119,9207898
9.904,htb,96896,32,0,6151,9256346
9.956,htb,96896,32,0,6183,9304794
10.008,htb,96896,32,0,6215,9353242
10.060,htb,96896,32,0,6247,9401690
10.111,htb,96896,32,0,6283,9456194
10.163,htb,93868,31,0,6343,9547034
10.215,htb,96896,32,0,6375,9595482
10.267,htb,93868,31,0,6407,9643930
10.319,htb,96896,32,0,6439,9692378
10.370,htb,96896,32,0,6471,9740826
10.422,htb,96896,32,0,6503,9789274
10.474,htb,96896,32,0,6535,9837722
10.526,htb,96896,32,0,6567,9886170
10.578,htb,96896,32,0,6599,9934618
10.630,htb,96896,32,0,6631,9983066
10.682,htb,96896,32,0,6663,10031514
10.734,htb,96896,32,0,6695,10079962
10.786,htb,96896,32,0,6727,10128410
10.837,htb,96896,32,0,6759,10176858
10.889,htb,96896,32,0,6823,10273754
10.940,htb,96896,32,0,6855,10322202
10.993,htb,96896,32,0,6887,10370650
11.045,htb,96896,32,0,6919,10419098
11.097,htb,96896,32,0,6951,10467546
11.149,htb,96896,32,0,6983,10515994
11.201,htb,96896,32,0,7015,10564442
11.253,htb,96896,32,0,7047,10612890
11.305,htb,96896,32,0,7079,10661338
11.357,htb,96896,32,0,7111,10709786
11.408,htb,96896,32,0,7143,10758234
11.460,htb,96896,32,0,7175,10806682
11.512,htb,96896,32,0,7239,10903578
11.572,htb,96896,32,0,7271,10952026
11.624,htb,96896,32,0,7303,11000474
11.676,htb,96896,32,0,7335,11048922
11.728,htb,96896,32,0,7367,11097370
11.780,htb,96896,32,0,7399,11145818
11.832,htb,96896,32,0,7431,11194266
11.884,htb,96896,32,0,7463,11242714
11.936,htb,96896,32,0,7495,11291162
11.990,htb,96896,32,0,7527,11339610
12.042,htb,96896,32,0,7559,11388058
12.094,htb,96896,32,0,7591,11436506
12.146,htb,96896,32,0,7639,11509178
12.198,htb,96896,32,0,7687,11581850
12.250,htb,96896,32,0,7719,11630298
12.302,htb,96896,32,0,7751,11678746
12.354,htb,96896,32,0,7783,11727194
12.406,htb,96896,32,0,7815,11775642
12.458,htb,96896,32,0,7847,11824090
12.510,htb,96896,32,0,7879,11872538
12.563,htb,96896,32,0,7911,11920986
12.614,htb,96896,32,0,7943,11969434
12.666,htb,96896,32,0,7975,12017882
12.718,htb,96896,32,0,8007,12066330
12.770,htb,96896,32,0,8039,12114778
12.823,htb,96896,32,0,8071,12163226
12.876,htb,96896,32,0,8135,12260122
12.928,htb,96896,32,0,8167,12308570
12.979,htb,96896,32,0,8199,12357018
13.031,htb,96896,32,0,8231,12405466
13.084,htb,96896,32,0,8263,12453914
13.136,htb,96896,32,0,8295,12502362
13.188,htb,96896,32,0,8327,12550810
13.239,htb,96896,32,0,8359,12599258
13.291,htb,96896,32,0,8391,12647706
13.344,htb,96896,32,0,8423,12696154
13.395,htb,96896,32,0,8455,12744602
13.447,htb,96896,32,0,8487,12793050
13.499,htb,96896,32,0,8519,12841498
13.552,htb,93868,31,0,8577,12929310
13.604,htb,96896,32,0,8615,12986842
13.656,htb,96896,32,0,8647,13035290
13.708,htb,96896,32,0,8679,13083738
13.760,htb,96896,32,0,8711,13132186
13.812,htb,96896,32,0,8743,13180634
13.864,htb,96896,32,0,8775,13229082
13.916,htb,96896,32,0,8807,13277530
13.968,htb,96896,32,0,8839,13325978
14.020,htb,93868,31,0,8871,13374426
14.072,htb,96896,32,0,8903,13422874
14.124,htb,96896,32,0,8935,13471322
14.175,htb,96896,32,0,8967,13519770
14.228,htb,96896,32,0,8999,13568218
14.279,htb,96896,32,0,9059,13659058
14.331,htb,96896,32,0,9095,13713562
14.383,htb,96896,32,0,9127,13762010
14.434,htb,96896,32,0,9159,13810458
14.486,htb,96896,32,0,9191,13858906
14.538,htb,96896,32,0,9223,13907354
14.590,htb,96896,32,0,9255,13955802
14.642,htb,96896,32,0,9287,14004250
14.694,htb,96896,32,0,9319,14052698
14.746,htb,96896,32,0,9351,14101146
14.798,htb,96896,32,0,9383,14149594
14.849,htb,96896,32,0,9415,14198042
14.901,htb,96896,32,0,9447,14246490
14.953,htb,96896,32,0,9479,14294938
15.005,htb,96896,32,0,9527,14367610
15.057,htb,96896,32,0,9576,14440352
15.109,htb,96896,32,0,9608,14488800
15.161,htb,96896,32,0,9640,14537248
15.213,htb,96896,32,0,9672,14585696
15.265,htb,96896,32,0,9704,14634144
15.317,htb,96896,32,0,9736,14682592
15.369,htb,96896,32,0,9768,14731040
15.421,htb,96896,32,0,9800,14779488
15.473,htb,96896,32,0,9832,14827936
15.525,htb,96896,32,0,9864,14876384
15.577,htb,96896,32,0,9896,14924832
15.629,htb,96896,32,0,9928,14973280
15.681,htb,96896,32,0,9960,15021728
15.734,htb,96896,32,0,10024,15118624
15.786,htb,96896,32,0,10056,15167072
15.837,htb,96896,32,0,10088,15215520
15.889,htb,96896,32,0,10120,15263968
15.941,htb,96896,32,0,10152,15312416
15.993,htb,96896,32,0,10184,15360864
16.045,htb,96896,32,0,10216,15409312
16.097,htb,96896,32,0,10248,15457760
16.150,htb,96896,32,0,10280,15506208
16.201,htb,96896,32,0,10312,15554656
16.253,htb,96896,32,0,10344,15603104
16.305,htb,96896,32,0,10376,15651552
16.357,htb,96896,32,0,10408,15700000
16.408,htb,96896,32,0,10440,15748448
16.460,htb,96896,32,0,10504,15845344
16.512,htb,96896,32,0,10536,15893792
16.564,htb,96896,32,0,10568,15942240
16.616,htb,96896,32,0,10600,15990688
16.669,htb,96896,32,0,10632,16039136
16.721,htb,96896,32,0,10664,16087584
16.772,htb,96896,32,0,10696,16136032
16.824,htb,96896,32,0,10728,16184480
16.876,htb,90840,30,0,10760,16232928
16.928,htb,96896,32,0,10792,16281376
16.980,htb,96896,32,0,10824,16329824
17.032,htb,96896,32,0,10856,16378272
17.084,htb,96896,32,0,10888,16426720
17.135,htb,96896,32,0,10920,16475168
17.187,htb,96896,32,0,10984,16572064
17.240,htb,96896,32,0,11016,16620512
17.292,htb,96896,32,0,11048,16668960
17.344,htb,96896,32,0,11080,16717408
17.396,htb,96896,32,0,11112,16765856
17.448,htb,96896,32,0,11144,16814304
17.500,htb,96896,32,0,11176,16862752
17.552,htb,96896,32,0,11208,16911200
17.604,htb,96896,32,0,11240,16959648
17.656,htb,96896,32,0,11272,17008096
17.709,htb,96896,32,0,11304,17056544
17.761,htb,96896,32,0,11336,17104992
17.813,htb,96896,32,0,11368,17153440
17.865,htb,96896,32,0,11432,17250336
17.917,htb,96896,32,0,11464,17298784
17.969,htb,96896,32,0,11496,17347232
18.021,htb,96896,32,0,11528,17395680
18.072,htb,96896,32,0,11560,17444128
18.124,htb,96896,32,0,11592,17492576
18.176,htb,96896,32,0,11624,17541024
18.228,htb,96896,32,0,11656,17589472
18.280,htb,96896,32,0,11688,17637920
18.332,htb,96896,32,0,11720,17686368
18.385,htb,96896,32,0,11752,17734816
18.436,htb,96896,32,0,11784,17783264
18.489,htb,96896,32,0,11816,17831712
18.541,htb,96896,32,0,11866,17907412
18.594,htb,96896,32,0,11912,17977056
18.646,htb,96896,32,0,11944,18025504
18.697,htb,96896,32,0,11976,18073952
18.749,htb,96896,32,0,12008,18122400
18.801,htb,96896,32,0,12040,18170848
18.854,htb,96896,32,0,12072,18219296
18.906,htb,96896,32,0,12104,18267744
18.958,htb,96896,32,0,12136,18316192
19.010,htb,96896,32,0,12168,18364640
19.062,htb,96896,32,0,12200,18413088
19.114,htb,96896,32,0,12232,18461536
19.166,htb,96896,32,0,12264,18509984
19.219,htb,96896,32,0,12298,18561460
19.271,htb,93868,31,0,12360,18655328
19.323,htb,96896,32,0,12392,18703776
19.375,htb,96896,32,0,12424,18752224
19.428,htb,93868,31,0,12456,18800672
19.480,htb,96896,32,0,12488,18849120
19.532,htb,96896,32,0,12520,18897568
19.583,htb,96896,32,0,12552,18946016
19.635,htb,96896,32,0,12584,18994464
19.687,htb,96896,32,0,12616,19042912
19.739,htb,96896,32,0,12648,19091360
19.792,htb,96896,32,0,12680,19139808
19.844,htb,96896,32,0,12712,19188256
19.896,htb,96896,32,0,12744,19236704
19.948,htb,96896,32,0,12808,19333600
20.000,htb,96896,32,0,12840,19382048
20.051,htb,93868,31,0,12872,19430496
20.103,htb,96896,32,0,12904,19478944
20.155,htb,96896,32,0,12936,19527392
20.207,htb,96896,32,0,12968,19575840
20.259,htb,96896,32,0,13000,19624288
20.311,htb,96896,32,0,13032,19672736
20.363,htb,96896,32,0,13064,19721184
20.415,htb,96896,32,0,13096,19769632
20.467,htb,96896,32,0,13128,19818080
20.518,htb,96896,32,0,13160,19866528
20.570,htb,96896,32,0,13192,19914976
20.622,htb,96896,32,0,13224,19963424
20.673,htb,93868,31,0,13272,20036096
20.725,htb,96896,32,0,13320,20108768
20.777,htb,96896,32,0,13352,20157216
20.829,htb,96896,32,0,13384,20205664
20.881,htb,96896,32,0,13416,20254112
20.933,htb,96896,32,0,13448,20302560
20.986,htb,96896,32,0,13480,20351008
21.038,htb,96896,32,0,13512,20399456
21.090,htb,96896,32,0,13544,20447904
21.142,htb,96896,32,0,13576,20496352
21.193,htb,96896,32,0,13608,20544800
21.244,htb,96896,32,0,13640,20593248
21.296,htb,96896,32,0,13672,20641696
21.348,htb,96896,32,0,13704,20690144
21.400,htb,96896,32,0,13742,20747676
21.451,htb,96896,32,0,13800,20835488
21.504,htb,93868,31,0,13832,20883936
21.556,htb,96896,32,0,13864,20932384
21.608,htb,96896,32,0,13896,20980832
21.660,htb,96896,32,0,13928,21029280
21.712,htb,96896,32,0,13960,21077728
21.764,htb,96896,32,0,13992,21126176
21.816,htb,96896,32,0,14024,21174624
21.868,htb,96896,32,0,14056,21223072
21.920,htb,96896,32,0,14088,21271520
21.972,htb,96896,32,0,14120,21319968
22.024,htb,96896,32,0,14152,21368416
22.076,htb,96896,32,0,14184,21416864
22.128,htb,96896,32,0,14246,21510732
22.180,htb,96896,32,0,14280,21562208
22.231,htb,96896,32,0,14312,21610656
22.283,htb,96896,32,0,14344,21659104
22.334,htb,96896,32,0,14376,21707552
22.387,htb,96896,32,0,14408,21756000
22.438,htb,96896,32,0,14440,21804448
22.490,htb,96896,32,0,14472,21852896
22.541,htb,96896,32,0,14504,21901344
22.593,htb,96896,32,0,14536,21949792
22.645,htb,96896,32,0,14568,21998240
22.697,htb,96896,32,0,14600,22046688
22.749,htb,96896,32,0,14632,22095136
22.801,htb,96896,32,0,14664,22143584
22.853,htb,96896,32,0,14698,22195060
22.904,htb,93868,31,0,14760,22288928
22.956,htb,96896,32,0,14792,22337376
23.008,htb,96896,32,0,14824,22385824
23.060,htb,96896,32,0,14856,22434272
23.111,htb,96896,32,0,14888,22482720
23.163,htb,96896,32,0,14920,22531168
23.215,htb,96896,32,0,14952,22579616
23.267,htb,96896,32,0,14984,22628064
23.319,htb,96896,32,0,15016,22676512
23.371,htb,96896,32,0,15048,22724960
23.423,htb,96896,32,0,15080,22773408
23.475,htb,96896,32,0,15112,22821856
23.527,htb,96896,32,0,15144,22870304
23.580,htb,96896,32,0,15184,22930864
23.632,htb,96896,32,0,15240,23015648
23.683,htb,87812,29,0,15272,23064096
23.736,htb,93868,31,0,15304,23112544
23.788,htb,96896,32,0,15336,23160992
23.840,htb,93868,31,0,15368,23209440
23.892,htb,96896,32,0,15400,23257888
23.944,htb,96896,32,0,15432,23306336
23.996,htb,93868,31,0,15464,23354784
24.048,htb,96896,32,0,15496,23403232
24.099,htb,96896,32,0,15528,23451680
24.151,htb,93868,31,0,15560,23500128
24.202,htb,96896,32,0,15592,23548576
24.254,htb,96896,32,0,15624,23597024
24.305,htb,96896,32,0,15656,23645472
24.357,htb,96896,32,0,15718,23739340
24.408,htb,93868,31,0,15752,23790816
24.460,htb,96896,32,0,15784,23839264
24.511,htb,96896,32,0,15816,23887712
24.563,htb,96896,32,0,15848,23936160
24.614,htb,96896,32,0,15880,23984608
24.666,htb,93868,31,0,15912,24033056
24.717,htb,96896,32,0,15944,24081504
24.769,htb,96896,32,0,15976,24129952
24.821,htb,96896,32,0,16008,24178400
24.873,htb,96896,32,0,16040,24226848
24.925,htb,96896,32,0,16072,24275296
24.977,htb,96896,32,0,16104,24323744
25.029,htb,96896,32,0,16136,24372192
25.080,htb,96896,32,0,16168,24420640
25.132,htb,96896,32,0,16232,24517536
25.184,htb,96896,32,0,16264,24565984
25.237,htb,96896,32,0,16296,24614432
25.288,htb,96896,32,0,16328,24662880
25.340,htb,96896,32,0,16360,24711328
25.392,htb,96896,32,0,16392,24759776
25.444,htb,96896,32,0,16424,24808224
25.497,htb,96896,32,0,16456,24856672
25.549,htb,96896,32,0,16488,24905120
25.600,htb,96896,32,0,16520,24953568
25.652,htb,96896,32,0,16552,25002016
25.704,htb,96896,32,0,16584,25050464
25.756,htb,96896,32,0,16616,25098912
25.808,htb,96896,32,0,16657,25159514
25.860,htb,96896,32,0,16713,25244298
25.912,htb,96896,32,0,16745,25292746
25.964,htb,96896,32,0,16777,25341194
26.016,htb,96896,32,0,16809,25389642
26.069,htb,96896,32,0,16841,25438090
26.121,htb,96896,32,0,16873,25486538
26.173,htb,96896,32,0,16905,25534986
26.225,htb,96896,32,0,16937,25583434
26.277,htb,96896,32,0,16969,25631882
26.328,htb,96896,32,0,17001,25680330
26.380,htb,96896,32,0,17033,25728778
26.433,htb,96896,32,0,17065,25777226
26.484,htb,96896,32,0,17097,25825674
26.536,htb,96896,32,0,17151,25907430
26.588,htb,96896,32,0,17193,25971018
26.640,htb,96896,32,0,17225,26019466
26.692,htb,96896,32,0,17257,26067914
26.744,htb,96896,32,0,17289,26116362
26.796,htb,96896,32,0,17321,26164810
26.848,htb,96896,32,0,17353,26213258
26.900,htb,93868,31,0,17385,26261706
26.951,htb,96896,32,0,17417,26310154
27.003,htb,96896,32,0,17449,26358602
27.055,htb,96896,32,0,17481,26407050
27.106,htb,96896,32,0,17513,26455498
27.159,htb,96896,32,0,17545,26503946
27.210,htb,96896,32,0,17577,26552394
27.263,htb,96896,32,0,17623,26622038
27.314,htb,96896,32,0,17673,26697738
27.366,htb,96896,32,0,17705,26746186
27.417,htb,96896,32,0,17737,26794634
27.469,htb,96896,32,0,17769,26843082
27.521,htb,96896,32,0,17801,26891530
27.573,htb,96896,32,0,17833,26939978
27.624,htb,96896,32,0,17865,26988426
27.676,htb,96896,32,0,17897,27036874
27.729,htb,96896,32,0,17929,27085322
27.781,htb,96896,32,0,17961,27133770
27.833,htb,96896,32,0,17993,27182218
27.885,htb,96896,32,0,18025,27230666
27.937,htb,96896,32,0,18057,27279114
27.989,htb,96896,32,0,18107,27354814
28.041,htb,96896,32,0,18153,27424458
28.093,htb,96896,32,0,18185,27472906
28.146,htb,96896,32,0,18217,27521354
28.197,htb,96896,32,0,18249,27569802
28.249,htb,96896,32,0,18281,27618250
28.302,htb,96896,32,0,18313,27666698
28.353,htb,96896,32,0,18345,27715146
28.405,htb,96896,32,0,18377,27763594
28.457,htb,96896,32,0,18409,27812042
28.509,htb,96896,32,0,18441,27860490
28.561,htb,96896,32,0,18473,27908938
28.614,htb,96896,32,0,18505,27957386
28.665,htb,96896,32,0,18553,28030058
28.719,htb,96896,32,0,18601,28102730
28.771,htb,96896,32,0,18633,28151178
28.823,htb,96896,32,0,18665,28199626
28.875,htb,96896,32,0,18697,28248074
28.926,htb,96896,32,0,18729,28296522
28.979,htb,96896,32,0,18761,28344970
29.031,htb,96896,32,0,18793,28393418
29.083,htb,96896,32,0,18825,28441866
29.135,htb,96896,32,0,18857,28490314
29.187,htb,96896,32,0,18889,28538762
29.239,htb,96896,32,0,18921,28587210
29.290,htb,96896,32,0,18953,28635658
29.342,htb,96896,32,0,18985,28684106
29.394,htb,96896,32,0,19025,28744666
29.445,htb,96896,32,0,19081,28829450
29.497,htb,96896,32,0,19113,28877898
29.548,htb,96896,32,0,19145,28926346
29.601,htb,96896,32,0,19177,28974794
29.653,htb,96896,32,0,19209,29023242
29.705,htb,96896,32,0,19241,29071690
29.757,htb,96896,32,0,19273,29120138
29.809,htb,96896,32,0,19305,29168586
29.861,htb,96896,32,0,19337,29217034
29.913,htb,96896,32,0,19369,29265482
29.965,htb,96896,32,0,19401,29313930
30.017,htb,96896,32,0,19433,29362378
30.068,htb,96896,32,0,19465,29410826
30.121,htb,96896,32,0,19515,29486526
30.173,htb,96896,32,0,19561,29556170
30.225,htb,93868,31,0,19593,29604618
30.277,htb,96896,32,0,19625,29653066
30.329,htb,93868,31,0,19657,29701514
30.381,htb,96896,32,0,19689,29749962
30.433,htb,96896,32,0,19721,29798410
30.484,htb,96896,32,0,19753,29846858
30.536,htb,96896,32,0,19785,29895306
30.588,htb,96896,32,0,19817,29943754
30.641,htb,96896,32,0,19849,29992202
30.693,htb,96896,32,0,19881,30040650
30.744,htb,96896,32,0,19913,30089098
30.796,htb,96896,32,0,19945,30137546
30.848,htb,96896,32,0,20009,30234442
30.901,htb,96896,32,0,20041,30282890
30.953,htb,96896,32,0,20073,30331338
